transaction_id,category_key,amount,gst_rate,itc_eligible,claimed_itc,itc_claimed_but_blocked,late_filing_days,has_valid_gstin,is_round_number_amount,tax_amount,estimated_penalty_exposure,risk_level
RISK000001,employee_insurance,22710.55,18,Blocked,False,False,0,True,False,4087.9,0.0,Low
RISK000002,works_contract,178489.82,18,Blocked,True,True,0,True,False,32128.17,10000.0,Medium
RISK000003,club_membership,120602.74,18,Blocked,True,True,90,True,False,21708.49,15463.5,High
RISK000004,employee_travel,55999.05,5,Blocked,False,False,21,True,False,2799.95,1079.0,Low
RISK000005,input_services,43455.1,18,Eligible,False,False,0,True,False,7821.92,0.0,Low
RISK000006,bank_charges,120943.34,18,Eligible,False,False,69,True,False,21769.8,4190.77,Medium
RISK000007,capital_goods,110632.11,18,Eligible,False,False,111,True,False,19913.78,6640.07,Medium
RISK000008,capital_goods,9641.96,18,Eligible,True,False,0,True,False,1735.55,0.0,Low
RISK000009,capital_goods,76335.18,18,Eligible,True,False,21,True,False,13740.33,1192.3,Low
RISK000010,utilities,140513.15,18,Eligible,True,False,0,True,False,25292.37,0.0,Low
RISK000011,rent,33098.8,18,Eligible,True,False,82,True,False,5957.78,4340.92,Medium
RISK000012,bank_charges,168648.96,18,Eligible,False,False,0,True,False,30356.81,0.0,Low
RISK000013,utilities,13704.63,18,Eligible,False,False,92,True,False,2466.83,4711.92,Medium
RISK000014,motor_vehicle,176994.29,28,Blocked,True,True,0,True,False,49558.4,10000.0,Medium
RISK000015,club_membership,52916.95,18,Blocked,True,True,52,True,False,9525.05,12844.26,Medium
RISK000016,input_services,102150.5,18,Eligible,True,False,0,True,False,18387.09,0.0,Low
RISK000017,sales_revenue,136256.0,18,Not Applicable,True,False,0,True,False,24526.08,0.0,Low
RISK000018,utilities,194230.14,18,Eligible,False,False,0,True,False,34961.43,0.0,Low
RISK000019,club_membership,150300.12,18,Blocked,False,False,0,True,False,27054.02,0.0,Low
RISK000020,purchase_goods,190786.28,18,Eligible,False,False,0,True,False,34341.53,0.0,Low
RISK000021,capital_goods,174168.45,18,Eligible,True,False,78,True,False,31350.32,5105.91,Medium
RISK000022,input_services,108106.12,18,Eligible,False,False,0,True,False,19459.1,0.0,Low
RISK000023,purchase_goods,23000,18,Eligible,True,False,104,True,True,4140.0,5412.33,Medium
RISK000024,employee_travel,189416.41,5,Blocked,True,True,0,True,False,9470.82,10000.0,Medium
RISK000025,sales_revenue,25589.22,18,Not Applicable,True,False,22,True,False,4606.06,1149.97,Low
RISK000026,motor_vehicle,192890.4,28,Blocked,False,False,89,True,False,54009.31,6820.49,Medium
RISK000027,employee_insurance,130150.67,18,Blocked,True,True,0,True,False,23427.12,10000.0,Medium
RISK000028,bank_charges,4696.33,18,Eligible,True,False,1,True,False,845.34,50.42,Low
RISK000029,rent,13946.37,18,Eligible,True,False,0,True,False,2510.35,0.0,Low
RISK000030,food_catering,43240.24,5,Blocked,True,True,74,True,False,2162.01,13778.9,Medium
RISK000031,food_catering,161595.65,5,Blocked,True,True,0,True,False,8079.78,10000.0,Medium
RISK000032,food_catering,172835.43,5,Blocked,True,True,83,True,False,8641.77,14503.72,Medium
RISK000033,bank_charges,160218.21,18,Eligible,True,False,0,True,False,28839.28,0.0,Low
RISK000034,input_services,56069.76,18,Eligible,True,False,57,True,False,10092.56,3133.7,Medium
RISK000035,capital_goods,10592.37,18,Eligible,False,False,12,False,False,1906.63,1111.28,Low
RISK000036,input_services,81579.6,18,Eligible,True,False,116,True,False,14684.33,6640.02,Medium
RISK000037,motor_vehicle,53408.01,28,Blocked,False,False,0,True,False,14954.24,0.0,Low
RISK000038,sales_revenue,111375.78,18,Not Applicable,False,False,0,True,False,20047.64,0.0,Low
RISK000039,employee_travel,147279.57,5,Blocked,True,True,0,True,False,7363.98,10000.0,Medium
RISK000040,exempt_non_gst,106000,exempt,Not Applicable,True,False,0,True,True,0.0,0.0,Low
RISK000041,capital_goods,135204.9,18,Eligible,True,False,0,False,False,24336.88,500.0,Low
RISK000042,employee_travel,8428.46,5,Blocked,True,True,73,True,False,421.42,13665.17,Medium
RISK000043,rent,134110.33,18,Eligible,True,False,0,True,False,24139.86,0.0,Low
RISK000044,food_catering,63577.35,5,Blocked,False,False,0,True,False,3178.87,0.0,Low
RISK000045,capital_goods,15115.51,18,Eligible,True,False,0,False,False,2720.79,500.0,Low
RISK000046,rent,74220.65,18,Eligible,True,False,91,True,False,13359.72,5149.54,Medium
RISK000047,sales_revenue,130968.28,18,Not Applicable,True,False,39,False,False,23574.29,2903.4,Medium
RISK000048,input_services,53260.95,18,Eligible,False,False,20,True,False,9586.97,1094.56,Low
RISK000049,works_contract,68904.62,18,Blocked,True,True,65,True,False,12402.83,13647.57,Medium
RISK000050,exempt_non_gst,10634.38,exempt,Not Applicable,True,False,6,True,False,0.0,300.0,Low
RISK000051,employee_insurance,195969.69,18,Blocked,True,True,0,True,False,35274.54,10000.0,Medium
RISK000052,capital_goods,15511.15,18,Eligible,False,False,70,True,False,2792.01,3596.38,Medium
RISK000053,club_membership,30044.71,18,Blocked,True,True,0,False,False,5408.05,10500.0,Medium
RISK000054,exempt_non_gst,8459.03,exempt,Not Applicable,True,False,86,True,False,0.0,4300.0,Medium
RISK000055,exempt_non_gst,81572.29,exempt,Not Applicable,True,False,0,False,False,0.0,500.0,Low
RISK000056,sales_revenue,162248.96,18,Not Applicable,False,False,0,True,False,29204.81,0.0,Low
RISK000057,motor_vehicle,160545.91,28,Blocked,False,False,35,True,False,44952.85,2525.9,Medium
RISK000058,motor_vehicle,174497.27,28,Blocked,False,False,0,True,False,48859.24,0.0,Low
RISK000059,utilities,164197.01,18,Eligible,False,False,0,True,False,29555.46,0.0,Low
RISK000060,utilities,172938.41,18,Eligible,False,False,0,True,False,31128.91,0.0,Low
RISK000061,exempt_non_gst,107475.04,exempt,Not Applicable,False,False,0,False,False,0.0,500.0,Low
RISK000062,utilities,8132.31,18,Eligible,True,False,0,True,False,1463.82,0.0,Low
RISK000063,club_membership,23571.33,18,Blocked,False,False,0,True,False,4242.84,0.0,Low
RISK000064,club_membership,185152.25,18,Blocked,True,True,95,True,False,33327.4,16311.37,High
RISK000065,motor_vehicle,14459.78,28,Blocked,True,True,0,True,False,4048.74,10000.0,Medium
RISK000066,works_contract,180059.34,18,Blocked,True,True,42,True,False,32410.68,12771.3,Medium
RISK000067,input_services,38772.1,18,Eligible,True,False,0,True,False,6978.98,0.0,Low
RISK000068,employee_travel,60539.5,5,Blocked,True,True,0,True,False,3026.97,10000.0,Medium
RISK000069,employee_travel,121528.98,5,Blocked,True,True,0,True,False,6076.45,10000.0,Medium
RISK000070,sales_revenue,180285.57,18,Not Applicable,False,False,0,True,False,32451.4,0.0,Low
RISK000071,employee_insurance,124042.53,18,Blocked,True,True,31,True,False,22327.66,11891.34,Medium
RISK000072,rent,30000,18,Eligible,True,False,79,True,True,5400.0,4160.38,Medium
RISK000073,motor_vehicle,177284.31,28,Blocked,True,True,50,True,False,49639.61,13723.99,Medium
RISK000074,employee_insurance,137680.67,18,Blocked,False,False,114,True,False,24782.52,7093.25,Medium
RISK000075,input_services,160919.92,18,Eligible,True,False,0,True,False,28965.59,0.0,Low
RISK000076,capital_goods,91564.13,18,Eligible,False,False,72,True,False,16481.54,4185.21,Medium
RISK000077,food_catering,122724.14,5,Blocked,False,False,0,True,False,6136.21,0.0,Low
RISK000078,input_services,148859.26,18,Eligible,True,False,0,True,False,26794.67,0.0,Low
RISK000079,sales_revenue,155646.13,18,Not Applicable,True,False,0,True,False,28016.3,0.0,Low
RISK000080,rent,54707.16,18,Eligible,True,False,0,True,False,9847.29,0.0,Low
RISK000081,works_contract,30984.65,18,Blocked,True,True,0,True,False,5577.24,10000.0,Medium
RISK000082,purchase_goods,42000,18,Eligible,True,False,75,False,True,7560.0,4529.62,Medium
RISK000083,sales_revenue,115350.22,18,Not Applicable,True,False,39,True,False,20763.04,2349.33,Medium
RISK000084,exempt_non_gst,84094.75,exempt,Not Applicable,False,False,0,True,False,0.0,0.0,Low
RISK000085,rent,54950.59,18,Eligible,True,False,0,True,False,9891.11,0.0,Low
RISK000086,works_contract,33000,18,Blocked,True,True,0,True,True,5940.0,10000.0,Medium
RISK000087,motor_vehicle,118582.61,28,Blocked,True,True,0,True,False,33203.13,10000.0,Medium
RISK000088,input_services,10531.78,18,Eligible,True,False,0,True,False,1895.72,0.0,Low
RISK000089,motor_vehicle,56012.19,28,Blocked,False,False,0,True,False,15683.41,0.0,Low
RISK000090,works_contract,108114.1,18,Blocked,False,False,0,True,False,19460.54,0.0,Low
RISK000091,employee_insurance,8531.5,18,Blocked,True,True,0,True,False,1535.67,10000.0,Medium
RISK000092,rent,25681.08,18,Eligible,True,False,28,True,False,4622.59,1463.83,Low
RISK000093,bank_charges,33973.93,18,Eligible,True,False,15,True,False,6115.31,795.24,Low
RISK000094,utilities,22065.7,18,Eligible,True,False,0,True,False,3971.83,0.0,Low
RISK000095,motor_vehicle,188323.38,28,Blocked,True,True,107,True,False,52730.55,18132.44,High
RISK000096,sales_revenue,60665.75,18,Not Applicable,True,False,102,False,False,10919.83,6149.28,Medium
RISK000097,bank_charges,107000,18,Eligible,True,False,0,True,True,19260.0,0.0,Low
RISK000098,motor_vehicle,164555.02,28,Blocked,True,True,82,False,False,46075.41,16463.21,High
RISK000099,input_services,87379.69,18,Eligible,False,False,35,True,False,15728.34,2021.48,Medium
RISK000100,sales_revenue,96957.75,18,Not Applicable,True,False,35,True,False,17452.4,2051.23,Medium
RISK000101,capital_goods,56146.19,18,Eligible,True,False,73,True,False,10106.31,4013.83,Medium
RISK000102,purchase_goods,99114.15,18,Eligible,True,False,0,True,False,17840.55,0.0,Low
RISK000103,utilities,176123.84,18,Eligible,False,False,0,True,False,31702.29,0.0,Low
RISK000104,capital_goods,48650.53,18,Eligible,True,False,31,True,False,8757.1,1683.88,Low
RISK000105,food_catering,89910.82,5,Blocked,True,True,0,True,False,4495.54,10000.0,Medium
RISK000106,employee_insurance,116520.34,18,Blocked,True,True,0,True,False,20973.66,10000.0,Medium
RISK000107,bank_charges,70686.2,18,Eligible,True,False,0,True,False,12723.52,0.0,Low
RISK000108,bank_charges,24351.17,18,Eligible,True,False,24,True,False,4383.21,1251.88,Low
RISK000109,utilities,145054.71,18,Eligible,False,False,0,True,False,26109.85,0.0,Low
RISK000110,rent,59601.17,18,Eligible,True,False,0,True,False,10728.21,0.0,Low
RISK000111,purchase_goods,194871.84,18,Eligible,True,False,17,True,False,35076.93,1144.07,Low
RISK000112,capital_goods,174607.59,18,Eligible,True,False,0,True,False,31429.37,0.0,Low
RISK000113,purchase_goods,50869.44,18,Eligible,False,False,0,True,False,9156.5,0.0,Low
RISK000114,employee_travel,126074.42,5,Blocked,True,True,0,True,False,6303.72,10000.0,Medium
RISK000115,rent,24131.09,18,Eligible,False,False,102,True,False,4343.6,5318.49,Medium
RISK000116,motor_vehicle,90377.64,28,Blocked,True,True,55,True,False,25305.74,13436.37,Medium
RISK000117,employee_travel,192041.7,5,Blocked,True,True,81,True,False,9602.08,14433.56,Medium
RISK000118,input_services,48353.1,18,Eligible,True,False,0,True,False,8703.56,0.0,Low
RISK000119,food_catering,59000,5,Blocked,True,True,90,True,True,2950.0,14630.93,Medium
RISK000120,rent,184820.25,18,Eligible,False,False,85,True,False,33267.64,5644.51,Medium
RISK000121,capital_goods,109000,18,Eligible,True,False,106,True,True,19620.0,6325.62,Medium
RISK000122,sales_revenue,61868.56,18,Not Applicable,False,False,37,True,False,11136.34,2053.2,Medium
RISK000123,utilities,140096.87,18,Eligible,False,False,0,True,False,25217.44,0.0,Low
RISK000124,purchase_goods,177939.87,18,Eligible,False,False,4,True,False,32029.18,263.18,Low
RISK000125,exempt_non_gst,172173.12,exempt,Not Applicable,True,False,0,True,False,0.0,0.0,Low
RISK000126,employee_travel,8526.22,5,Blocked,False,False,0,True,False,426.31,0.0,Low
RISK000127,input_services,199390.62,18,Eligible,True,False,12,True,False,35890.31,812.39,Low
RISK000128,bank_charges,134191.64,18,Eligible,False,False,0,True,False,24154.5,0.0,Low
RISK000129,motor_vehicle,162806.42,28,Blocked,True,True,0,True,False,45585.8,10000.0,Medium
RISK000130,sales_revenue,81132.92,18,Not Applicable,True,False,85,True,False,14603.93,4862.16,Medium
RISK000131,purchase_goods,38000,18,Eligible,True,False,81,True,True,6840.0,4323.23,Medium
RISK000132,utilities,110069.32,18,Eligible,False,False,0,True,False,19812.48,0.0,Low
RISK000133,employee_insurance,121969.9,18,Blocked,True,True,0,True,False,21954.58,10000.0,Medium
RISK000134,capital_goods,45327.78,18,Eligible,False,False,0,False,False,8159.0,500.0,Low
RISK000135,input_services,99925.91,18,Eligible,False,False,0,True,False,17986.66,0.0,Low
RISK000136,food_catering,49124.32,5,Blocked,True,True,0,False,False,2456.22,10500.0,Medium
RISK000137,input_services,172873.37,18,Eligible,True,False,54,True,False,31117.21,3528.66,Medium
RISK000138,utilities,164199.62,18,Eligible,True,False,0,True,False,29555.93,0.0,Low
RISK000139,food_catering,173119.49,5,Blocked,True,True,0,True,False,8655.97,10000.0,Medium
RISK000140,motor_vehicle,91341.25,28,Blocked,True,True,0,True,False,25575.55,10000.0,Medium
RISK000141,rent,171274.59,18,Eligible,True,False,0,True,False,30829.43,0.0,Low
RISK000142,motor_vehicle,78000,28,Blocked,True,True,20,True,True,21840.0,11215.41,Medium
RISK000143,club_membership,193088.04,18,Blocked,True,True,0,True,False,34755.85,10000.0,Medium
RISK000144,food_catering,3561.85,5,Blocked,True,True,20,True,False,178.09,11001.76,Medium
RISK000145,utilities,68042.97,18,Eligible,True,False,110,True,False,12247.73,6164.4,Medium
RISK000146,club_membership,76311.87,18,Blocked,True,True,98,True,False,13736.14,15563.85,High
RISK000147,employee_travel,14149.94,5,Blocked,True,True,30,True,False,707.5,11510.47,Medium
RISK000148,capital_goods,152193.75,18,Eligible,False,False,0,True,False,27394.88,0.0,Low
RISK000149,purchase_goods,9675.2,18,Eligible,False,False,0,True,False,1741.54,0.0,Low
RISK000150,club_membership,82704.32,18,Blocked,True,True,0,True,False,14886.78,10000.0,Medium
RISK000151,motor_vehicle,124132.22,28,Blocked,True,True,19,True,False,34757.02,11275.67,Medium
RISK000152,food_catering,51437.68,5,Blocked,True,True,116,True,False,2571.88,15947.13,High
RISK000153,capital_goods,88625.09,18,Eligible,True,False,82,False,False,15952.52,5245.09,Medium
RISK000154,food_catering,169138.13,5,Blocked,True,True,0,True,False,8456.91,10000.0,Medium
RISK000155,employee_travel,72112.35,5,Blocked,True,True,3,False,False,3605.62,10655.33,Medium
RISK000156,utilities,2115.54,18,Eligible,False,False,7,False,False,380.8,851.31,Low
RISK000157,exempt_non_gst,180878.98,exempt,Not Applicable,True,False,78,True,False,0.0,3900.0,Medium
RISK000158,rent,124367.79,18,Eligible,True,False,85,True,False,22386.2,5188.38,Medium
RISK000159,capital_goods,180729.04,18,Eligible,True,False,0,True,False,32531.23,0.0,Low
RISK000160,works_contract,26716.66,18,Blocked,False,False,0,True,False,4809.0,0.0,Low
RISK000161,sales_revenue,108111.85,18,Not Applicable,False,False,0,False,False,19460.13,500.0,Low
RISK000162,utilities,182852.77,18,Eligible,False,False,38,True,False,32913.5,2516.79,Medium
RISK000163,capital_goods,93932.11,18,Eligible,True,False,29,True,False,16907.78,1691.8,Low
RISK000164,motor_vehicle,193000,28,Blocked,False,False,0,True,True,54040.0,0.0,Low
RISK000165,club_membership,25155.95,18,Blocked,True,True,34,True,False,4528.07,11775.92,Medium
RISK000166,bank_charges,22115.05,18,Eligible,True,False,0,False,False,3980.71,500.0,Low
RISK000167,employee_travel,44662.76,5,Blocked,True,True,117,True,False,2233.14,15978.85,High
RISK000168,capital_goods,28385.51,18,Eligible,False,False,0,True,False,5109.39,0.0,Low
RISK000169,club_membership,27564.98,18,Blocked,True,True,96,True,False,4961.7,15034.9,High
RISK000170,employee_travel,148582.67,5,Blocked,True,True,0,True,False,7429.13,10000.0,Medium
RISK000171,motor_vehicle,187841.09,28,Blocked,True,True,28,True,False,52595.51,12126.25,Medium
RISK000172,exempt_non_gst,72855.86,exempt,Not Applicable,False,False,0,False,False,0.0,500.0,Low
RISK000173,purchase_goods,79928.86,18,Eligible,True,False,0,True,False,14387.19,0.0,Low
RISK000174,employee_insurance,42815.11,18,Blocked,True,True,7,True,False,7706.72,10376.6,Medium
RISK000175,input_services,157502.13,18,Eligible,True,False,71,True,False,28350.38,4542.65,Medium
RISK000176,exempt_non_gst,46983.24,exempt,Not Applicable,False,False,77,True,False,0.0,3850.0,Medium
RISK000177,input_services,198000,18,Eligible,True,False,15,True,True,35640.0,1013.64,Low
RISK000178,purchase_goods,72000,18,Eligible,False,False,3,True,True,12960.0,169.17,Low
RISK000179,works_contract,84481.63,18,Blocked,True,True,0,True,False,15206.69,10000.0,Medium
RISK000180,employee_travel,22256.27,5,Blocked,True,True,6,True,False,1112.81,10303.29,Medium
RISK000181,employee_insurance,104529.52,18,Blocked,True,True,8,False,False,18815.31,10974.23,Medium
RISK000182,motor_vehicle,137376.45,28,Blocked,True,True,10,False,False,38465.41,11189.69,Medium
RISK000183,input_services,13603.61,18,Eligible,True,False,71,True,False,2448.65,3635.74,Medium
RISK000184,employee_travel,106346.09,5,Blocked,True,True,13,True,False,5317.3,10684.09,Medium
RISK000185,employee_insurance,130357.87,18,Blocked,False,False,28,True,False,23464.42,1724.0,Low
RISK000186,motor_vehicle,68116.86,28,Blocked,True,True,0,True,False,19072.72,10000.0,Medium
RISK000187,employee_insurance,51350.51,18,Blocked,False,False,61,True,False,9243.09,3328.05,Medium
RISK000188,capital_goods,87000,18,Eligible,False,False,0,True,True,15660.0,0.0,Low
RISK000189,club_membership,112555.83,18,Blocked,True,True,0,True,False,20260.05,10000.0,Medium
RISK000190,motor_vehicle,173684.38,28,Blocked,False,False,77,True,False,48631.63,5696.67,Medium
RISK000191,club_membership,42941.39,18,Blocked,True,True,0,True,False,7729.45,10000.0,Medium
RISK000192,bank_charges,23419.62,18,Eligible,True,False,0,True,False,4215.53,0.0,Low
RISK000193,sales_revenue,163776.16,18,Not Applicable,True,False,4,True,False,29479.71,258.15,Low
RISK000194,works_contract,53855.82,18,Blocked,True,True,40,False,False,9694.05,12691.23,Medium
RISK000195,input_services,174037.61,18,Eligible,True,False,0,True,False,31326.77,0.0,Low
RISK000196,purchase_goods,18805.66,18,Eligible,True,False,0,True,False,3385.02,0.0,Low
RISK000197,utilities,144458.4,18,Eligible,False,False,11,False,False,26002.51,1191.05,Low
RISK000198,sales_revenue,123758.72,18,Not Applicable,True,False,0,True,False,22276.57,0.0,Low
RISK000199,food_catering,83129.66,5,Blocked,True,True,0,True,False,4156.48,10000.0,Medium
RISK000200,employee_insurance,135858.01,18,Blocked,True,True,6,True,False,24454.44,10372.36,Medium
RISK000201,purchase_goods,2033.57,18,Eligible,True,False,0,True,False,366.04,0.0,Low
RISK000202,bank_charges,24436.88,18,Eligible,True,False,0,True,False,4398.64,0.0,Low
RISK000203,rent,100302.34,18,Eligible,False,False,10,True,False,18054.42,589.04,Low
RISK000204,motor_vehicle,4238.94,28,Blocked,False,False,74,True,False,1186.9,3743.31,Medium
RISK000205,employee_insurance,83829.94,18,Blocked,True,True,0,True,False,15089.39,10000.0,Medium
RISK000206,employee_travel,92289.33,5,Blocked,True,True,0,True,False,4614.47,10000.0,Medium
RISK000207,motor_vehicle,117979.82,28,Blocked,True,True,0,True,False,33034.35,10000.0,Medium
RISK000208,bank_charges,155934.01,18,Eligible,True,False,68,True,False,28068.12,4341.24,Medium
RISK000209,bank_charges,70544.4,18,Eligible,False,False,19,True,False,12697.99,1068.98,Low
RISK000210,rent,35113.05,18,Eligible,True,False,10,True,False,6320.35,531.17,Low
RISK000211,food_catering,93058.64,5,Blocked,True,True,88,False,False,4652.93,15101.92,High
RISK000212,employee_insurance,197000,18,Blocked,True,True,41,True,True,35460.0,12766.97,Medium
RISK000213,food_catering,126461.33,5,Blocked,False,False,46,True,False,6323.07,2443.44,Medium
RISK000214,food_catering,8002.65,5,Blocked,True,True,0,True,False,400.13,10000.0,Medium
RISK000215,capital_goods,123194.17,18,Eligible,True,False,0,True,False,22174.95,0.0,Low
RISK000216,purchase_goods,90221.87,18,Eligible,False,False,42,True,False,16239.94,2436.37,Medium
RISK000217,purchase_goods,90379.36,18,Eligible,False,False,92,True,False,16268.28,5338.09,Medium
RISK000218,purchase_goods,49924.87,18,Eligible,True,False,0,True,False,8986.48,0.0,Low
RISK000219,bank_charges,183628.39,18,Eligible,True,False,87,True,False,33053.11,5768.11,Medium
RISK000220,employee_insurance,67262.54,18,Blocked,True,True,50,True,False,12107.26,12798.54,Medium
RISK000221,employee_insurance,192899.8,18,Blocked,True,True,0,True,False,34721.96,10000.0,Medium
RISK000222,bank_charges,62391.23,18,Eligible,True,False,17,True,False,11230.42,944.15,Low
RISK000223,utilities,112004.95,18,Eligible,True,False,0,True,False,20160.89,0.0,Low
RISK000224,works_contract,199434.24,18,Blocked,False,False,0,True,False,35898.16,0.0,Low
RISK000225,purchase_goods,72838.23,18,Eligible,True,False,0,False,False,13110.88,500.0,Low
RISK000226,rent,199995.34,18,Eligible,True,False,0,True,False,35999.16,0.0,Low
RISK000227,club_membership,167106.41,18,Blocked,False,False,0,True,False,30079.15,0.0,Low
RISK000228,input_services,119650.66,18,Eligible,True,False,0,True,False,21537.12,0.0,Low
RISK000229,input_services,144376.01,18,Eligible,True,False,0,True,False,25987.68,0.0,Low
RISK000230,employee_travel,57343.12,5,Blocked,False,False,0,True,False,2867.16,0.0,Low
RISK000231,sales_revenue,156981.86,18,Not Applicable,False,False,0,True,False,28256.73,0.0,Low
RISK000232,food_catering,92605.16,5,Blocked,True,True,0,True,False,4630.26,10000.0,Medium
RISK000233,exempt_non_gst,40339.7,exempt,Not Applicable,True,False,7,True,False,0.0,350.0,Low
RISK000234,club_membership,186891.56,18,Blocked,False,False,0,True,False,33640.48,0.0,Low
RISK000235,input_services,54921.86,18,Eligible,False,False,0,True,False,9885.93,0.0,Low
RISK000236,rent,163432.3,18,Eligible,False,False,54,True,False,29417.81,3483.4,Medium
RISK000237,rent,77540.14,18,Eligible,True,False,0,True,False,13957.23,0.0,Low
RISK000238,works_contract,130167.16,18,Blocked,False,False,0,True,False,23430.09,0.0,Low
RISK000239,works_contract,166306.54,18,Blocked,False,False,0,True,False,29935.18,0.0,Low
RISK000240,purchase_goods,51556.82,18,Eligible,False,False,0,True,False,9280.23,0.0,Low
RISK000241,capital_goods,155346.44,18,Eligible,True,False,0,True,False,27962.36,0.0,Low
RISK000242,employee_travel,91694.17,5,Blocked,True,True,77,True,False,4584.71,14024.09,Medium
RISK000243,employee_travel,48766.66,5,Blocked,True,True,0,True,False,2438.33,10000.0,Medium
RISK000244,motor_vehicle,37869.13,28,Blocked,True,True,0,True,False,10603.36,10000.0,Medium
RISK000245,club_membership,102000,18,Blocked,False,False,50,True,True,18360.0,2952.71,Medium
RISK000246,motor_vehicle,196217.36,28,Blocked,True,True,0,True,False,54940.86,10000.0,Medium
RISK000247,works_contract,132000,18,Blocked,True,True,97,True,True,23760.0,15986.57,High
RISK000248,club_membership,68040.18,18,Blocked,True,True,88,True,False,12247.23,14931.5,Medium
RISK000249,employee_insurance,36864.46,18,Blocked,True,True,59,True,False,6635.6,13143.07,Medium
RISK000250,sales_revenue,40294.23,18,Not Applicable,True,False,66,True,False,7252.96,3536.07,Medium
RISK000251,food_catering,51036.1,5,Blocked,False,False,0,True,False,2551.8,0.0,Low
RISK000252,exempt_non_gst,131318.41,exempt,Not Applicable,True,False,56,False,False,0.0,3300.0,Medium
RISK000253,motor_vehicle,68137.81,28,Blocked,True,True,48,False,False,19078.59,13351.61,Medium
RISK000254,sales_revenue,16981.0,18,Not Applicable,True,False,0,False,False,3056.58,500.0,Low
RISK000255,utilities,64581.68,18,Eligible,True,False,40,True,False,11624.7,2229.31,Medium
RISK000256,input_services,138108.08,18,Eligible,True,False,0,True,False,24859.45,0.0,Low
RISK000257,motor_vehicle,55273.79,28,Blocked,False,False,10,True,False,15476.66,576.32,Low
RISK000258,club_membership,160318.65,18,Blocked,True,True,19,True,False,28857.36,11220.39,Medium
RISK000259,food_catering,7442.39,5,Blocked,True,True,47,True,False,372.12,12358.63,Medium
RISK000260,purchase_goods,121000,18,Eligible,True,False,48,True,True,21780.0,2915.56,Medium
RISK000261,input_services,106000,18,Eligible,True,False,32,False,True,19080.0,2401.1,Medium
RISK000262,input_services,100059.27,18,Eligible,True,False,34,True,False,18010.67,2001.99,Medium
RISK000263,rent,199274.84,18,Eligible,True,False,63,True,False,35869.47,4264.41,Medium
RISK000264,capital_goods,90682.52,18,Eligible,False,False,0,True,False,16322.85,0.0,Low
RISK000265,exempt_non_gst,197321.64,exempt,Not Applicable,True,False,71,True,False,0.0,3550.0,Medium
RISK000266,exempt_non_gst,31922.3,exempt,Not Applicable,False,False,23,True,False,0.0,1150.0,Low
RISK000267,capital_goods,197033.94,18,Eligible,False,False,0,True,False,35466.11,0.0,Low
RISK000268,employee_travel,74000,5,Blocked,False,False,79,False,True,3700.0,4594.15,Medium
RISK000269,motor_vehicle,199919.21,28,Blocked,False,False,0,True,False,55977.38,0.0,Low
RISK000270,capital_goods,25502.69,18,Eligible,True,False,0,True,False,4590.48,0.0,Low
RISK000271,input_services,175653.05,18,Eligible,False,False,24,True,False,31617.55,1574.21,Low
RISK000272,club_membership,182187.1,18,Blocked,True,True,0,True,False,32793.68,10000.0,Medium
RISK000273,bank_charges,186980.2,18,Eligible,True,False,67,False,False,33656.44,4962.05,Medium
RISK000274,utilities,39662.23,18,Eligible,False,False,0,True,False,7139.2,0.0,Low
RISK000275,capital_goods,100763.34,18,Eligible,True,False,20,True,False,18137.4,1178.89,Low
RISK000276,employee_travel,67855.11,5,Blocked,False,False,0,True,False,3392.76,0.0,Low
RISK000277,employee_insurance,154318.96,18,Blocked,True,True,0,True,False,27777.41,10000.0,Medium
RISK000278,purchase_goods,99858.59,18,Eligible,True,False,0,False,False,17974.55,500.0,Low
RISK000279,sales_revenue,161566.19,18,Not Applicable,True,False,0,True,False,29081.91,0.0,Low
RISK000280,motor_vehicle,97108.1,28,Blocked,True,True,41,True,False,27190.27,12599.76,Medium
RISK000281,exempt_non_gst,69401.43,exempt,Not Applicable,True,False,66,True,False,0.0,3300.0,Medium
RISK000282,food_catering,24943.12,5,Blocked,True,True,0,True,False,1247.16,10000.0,Medium
RISK000283,exempt_non_gst,123267.8,exempt,Not Applicable,True,False,21,True,False,0.0,1050.0,Low
RISK000284,works_contract,62886.63,18,Blocked,False,False,0,True,False,11319.59,0.0,Low
RISK000285,utilities,99725.37,18,Eligible,True,False,0,True,False,17950.57,0.0,Low
RISK000286,employee_travel,70902.57,5,Blocked,True,True,0,False,False,3545.13,10500.0,Medium
RISK000287,food_catering,57506.8,5,Blocked,True,True,0,True,False,2875.34,10000.0,Medium
RISK000288,bank_charges,152889.42,18,Eligible,True,False,0,True,False,27520.1,0.0,Low
RISK000289,club_membership,58076.04,18,Blocked,True,True,0,True,False,10453.69,10000.0,Medium
RISK000290,employee_travel,136239.53,5,Blocked,True,True,51,True,False,6811.98,12721.33,Medium
RISK000291,club_membership,187820.24,18,Blocked,False,False,0,True,False,33807.64,0.0,Low
RISK000292,purchase_goods,8263.34,18,Eligible,False,False,67,True,False,1487.4,3399.15,Medium
RISK000293,club_membership,28386.31,18,Blocked,False,False,0,True,False,5109.54,0.0,Low
RISK000294,exempt_non_gst,60197.25,exempt,Not Applicable,True,False,69,True,False,0.0,3450.0,Medium
RISK000295,food_catering,163241.89,5,Blocked,True,True,54,True,False,8162.09,12917.36,Medium
RISK000296,works_contract,174483.77,18,Blocked,True,True,34,False,False,31407.08,12726.61,Medium
RISK000297,sales_revenue,115905.63,18,Not Applicable,True,False,0,True,False,20863.01,0.0,Low
RISK000298,works_contract,124000,18,Blocked,False,False,0,True,True,22320.0,0.0,Low
RISK000299,works_contract,22424.16,18,Blocked,True,True,0,True,False,4036.35,10000.0,Medium
RISK000300,motor_vehicle,100612.99,28,Blocked,True,True,0,True,False,28171.64,10000.0,Medium
RISK000301,works_contract,28047.46,18,Blocked,True,True,0,True,False,5048.54,10000.0,Medium
RISK000302,bank_charges,191358.76,18,Eligible,True,False,0,True,False,34444.58,0.0,Low
RISK000303,exempt_non_gst,144324.45,exempt,Not Applicable,True,False,79,True,False,0.0,3950.0,Medium
RISK000304,utilities,111838.29,18,Eligible,True,False,39,True,False,20130.89,2337.17,Medium
RISK000305,works_contract,141145.16,18,Blocked,True,True,0,False,False,25406.13,10500.0,Medium
RISK000306,utilities,57913.98,18,Eligible,True,False,0,False,False,10424.52,500.0,Low
RISK000307,bank_charges,190944.47,18,Eligible,False,False,0,True,False,34370.0,0.0,Low
RISK000308,bank_charges,184839.92,18,Eligible,True,False,28,True,False,33271.19,1859.42,Low
RISK000309,club_membership,139000,18,Blocked,True,True,76,True,True,25020.0,14737.74,Medium
RISK000310,club_membership,45521.49,18,Blocked,True,True,0,True,False,8193.87,10000.0,Medium
RISK000311,employee_insurance,154267.83,18,Blocked,True,True,119,True,False,27768.21,17579.58,High
RISK000312,food_catering,96000,5,Blocked,True,True,42,True,True,4800.0,12199.42,Medium
RISK000313,sales_revenue,18347.41,18,Not Applicable,True,False,0,True,False,3302.53,0.0,Low
RISK000314,input_services,83868.05,18,Eligible,False,False,5,False,False,15096.25,787.22,Low
RISK000315,food_catering,38000,5,Blocked,False,False,38,True,True,1900.0,1935.61,Low
RISK000316,employee_travel,120755.2,5,Blocked,False,False,0,True,False,6037.76,0.0,Low
RISK000317,club_membership,99035.53,18,Blocked,False,False,60,True,False,17826.4,3527.47,Medium
RISK000318,bank_charges,32917.61,18,Eligible,True,False,0,True,False,5925.17,0.0,Low
RISK000319,sales_revenue,59357.34,18,Not Applicable,True,False,0,True,False,10684.32,0.0,Low
RISK000320,motor_vehicle,165484.47,28,Blocked,True,True,0,True,False,46335.65,10000.0,Medium
RISK000321,input_services,95752.09,18,Eligible,False,False,0,True,False,17235.38,0.0,Low
RISK000322,utilities,190829.95,18,Eligible,True,False,2,True,False,34349.39,133.88,Low
RISK000323,rent,12893.8,18,Eligible,True,False,0,True,False,2320.88,0.0,Low
RISK000324,works_contract,154083.29,18,Blocked,True,True,38,True,False,27734.99,12419.75,Medium
RISK000325,input_services,95897.29,18,Eligible,True,False,48,True,False,17261.51,2808.6,Medium
RISK000326,food_catering,151591.43,5,Blocked,False,False,98,True,False,7579.57,5266.31,Medium
RISK000327,exempt_non_gst,157580.45,exempt,Not Applicable,True,False,0,True,False,0.0,0.0,Low
RISK000328,capital_goods,12820.73,18,Eligible,True,False,0,True,False,2307.73,0.0,Low
RISK000329,bank_charges,170969.96,18,Eligible,True,False,92,True,False,30774.59,5996.24,Medium
RISK000330,club_membership,89373.8,18,Blocked,True,True,0,True,False,16087.28,10000.0,Medium
RISK000331,club_membership,93000,18,Blocked,False,False,51,True,True,16740.0,2971.02,Medium
RISK000332,rent,115873.1,18,Eligible,True,False,0,True,False,20857.16,0.0,Low
RISK000333,capital_goods,197234.38,18,Eligible,True,False,0,True,False,35502.19,0.0,Low
RISK000334,employee_insurance,195677.49,18,Blocked,True,True,0,False,False,35221.95,10500.0,Medium
RISK000335,exempt_non_gst,183464.46,exempt,Not Applicable,True,False,0,False,False,0.0,500.0,Low
RISK000336,input_services,130880.05,18,Eligible,True,False,0,True,False,23558.41,0.0,Low
RISK000337,works_contract,195755.51,18,Blocked,False,False,39,True,False,35235.99,2627.69,Medium
RISK000338,motor_vehicle,106620.75,28,Blocked,False,False,0,True,False,29853.81,0.0,Low
RISK000339,works_contract,153215.24,18,Blocked,True,True,79,True,False,27578.74,15024.44,High
RISK000340,purchase_goods,48512.93,18,Eligible,True,False,58,True,False,8732.33,3149.77,Medium
RISK000341,purchase_goods,49324.46,18,Eligible,True,False,0,True,False,8878.4,0.0,Low
RISK000342,sales_revenue,11760.58,18,Not Applicable,True,False,0,True,False,2116.9,0.0,Low
RISK000343,bank_charges,115706.23,18,Eligible,False,False,31,True,False,20827.12,1868.4,Low
RISK000344,employee_insurance,104489.59,18,Blocked,True,True,0,True,False,18808.13,10000.0,Medium
RISK000345,works_contract,182359.74,18,Blocked,True,True,0,True,False,32824.75,10000.0,Medium
RISK000346,employee_insurance,134432.83,18,Blocked,False,False,0,True,False,24197.91,0.0,Low
RISK000347,motor_vehicle,37183.86,28,Blocked,True,True,0,True,False,10411.48,10000.0,Medium
RISK000348,input_services,161252.34,18,Eligible,False,False,54,True,False,29025.42,3472.95,Medium
RISK000349,rent,51371.63,18,Eligible,True,False,0,True,False,9246.89,0.0,Low
RISK000350,club_membership,145054.65,18,Blocked,True,True,0,True,False,26109.84,10000.0,Medium
RISK000351,exempt_non_gst,15020.47,exempt,Not Applicable,False,False,86,True,False,0.0,4300.0,Medium
RISK000352,exempt_non_gst,181453.05,exempt,Not Applicable,True,False,28,False,False,0.0,1900.0,Low
RISK000353,capital_goods,149502.41,18,Eligible,False,False,90,True,False,26910.43,5694.38,Medium
RISK000354,rent,110639.82,18,Eligible,False,False,0,True,False,19915.17,0.0,Low
RISK000355,utilities,72249.1,18,Eligible,False,False,0,True,False,13004.84,0.0,Low
RISK000356,sales_revenue,168026.37,18,Not Applicable,False,False,0,True,False,30244.75,0.0,Low
RISK000357,rent,148379.85,18,Eligible,True,False,75,True,False,26708.37,4737.84,Medium
RISK000358,input_services,39640.26,18,Eligible,True,False,32,True,False,7135.25,1712.6,Low
RISK000359,employee_insurance,67844.07,18,Blocked,False,False,0,True,False,12211.93,0.0,Low
RISK000360,food_catering,34062.61,5,Blocked,False,False,0,True,False,1703.13,0.0,Low
RISK000361,club_membership,198000,18,Blocked,False,False,0,True,True,35640.0,0.0,Low
RISK000362,exempt_non_gst,133809.0,exempt,Not Applicable,False,False,0,True,False,0.0,0.0,Low
RISK000363,works_contract,30630.41,18,Blocked,True,True,0,True,False,5513.47,10000.0,Medium
RISK000364,employee_travel,182593.92,5,Blocked,True,True,0,True,False,9129.7,10000.0,Medium
RISK000365,purchase_goods,106118.82,18,Eligible,True,False,3,True,False,19101.39,178.26,Low
RISK000366,motor_vehicle,161330.46,28,Blocked,False,False,0,True,False,45172.53,0.0,Low
RISK000367,rent,124000,18,Eligible,True,False,0,True,True,22320.0,0.0,Low
RISK000368,motor_vehicle,92070.05,28,Blocked,True,True,39,True,False,25779.61,12445.82,Medium
RISK000369,employee_insurance,198339.1,18,Blocked,True,True,0,True,False,35701.04,10000.0,Medium
RISK000370,food_catering,11694.93,5,Blocked,True,True,0,True,False,584.75,10000.0,Medium
RISK000371,sales_revenue,67000,18,Not Applicable,False,False,115,True,True,12060.0,6433.95,Medium
RISK000372,rent,180000,18,Eligible,True,False,35,True,True,32400.0,2309.23,Medium
RISK000373,utilities,179912.67,18,Eligible,True,False,0,False,False,32384.28,500.0,Low
RISK000374,rent,117613.7,18,Eligible,False,False,51,False,False,21170.47,3582.45,Medium
RISK000375,employee_travel,48474.2,5,Blocked,False,False,0,False,False,2423.71,500.0,Low
RISK000376,sales_revenue,148079.16,18,Not Applicable,False,False,11,True,False,26654.25,694.59,Low
RISK000377,purchase_goods,19988.31,18,Eligible,True,False,0,True,False,3597.9,0.0,Low
RISK000378,employee_travel,79642.26,5,Blocked,False,False,0,True,False,3982.11,0.0,Low
RISK000379,food_catering,46013.61,5,Blocked,True,True,0,True,False,2300.68,10000.0,Medium
RISK000380,motor_vehicle,17595.98,28,Blocked,True,True,92,True,False,4926.87,14823.53,Medium
RISK000381,motor_vehicle,142479.59,28,Blocked,True,True,41,True,False,39894.29,12856.63,Medium
RISK000382,utilities,89224.81,18,Eligible,False,False,0,True,False,16060.47,0.0,Low
RISK000383,club_membership,111170.63,18,Blocked,True,True,0,True,False,20010.71,10000.0,Medium
RISK000384,employee_travel,156995.53,5,Blocked,False,False,0,True,False,7849.78,0.0,Low
RISK000385,works_contract,180276.64,18,Blocked,False,False,74,True,False,32449.8,4884.2,Medium
RISK000386,input_services,28198.59,18,Eligible,True,False,0,True,False,5075.75,0.0,Low
RISK000387,motor_vehicle,60300.57,28,Blocked,False,False,0,False,False,16884.16,500.0,Low
RISK000388,food_catering,118964.38,5,Blocked,True,True,0,True,False,5948.22,10000.0,Medium
RISK000389,bank_charges,168401.87,18,Eligible,True,False,57,True,False,30312.34,3702.07,Medium
RISK000390,exempt_non_gst,130381.85,exempt,Not Applicable,True,False,0,True,False,0.0,0.0,Low
RISK000391,food_catering,63179.56,5,Blocked,False,False,38,True,False,3158.98,1959.2,Low
RISK000392,employee_travel,156503.89,5,Blocked,True,True,0,True,False,7825.19,10000.0,Medium
RISK000393,employee_travel,40000,5,Blocked,False,False,0,True,True,2000.0,0.0,Low
RISK000394,works_contract,92593.63,18,Blocked,False,False,0,True,False,16666.85,0.0,Low
RISK000395,exempt_non_gst,169633.69,exempt,Not Applicable,False,False,18,True,False,0.0,900.0,Low
RISK000396,employee_insurance,31251.58,18,Blocked,True,True,0,True,False,5625.28,10000.0,Medium
RISK000397,employee_travel,80000,5,Blocked,True,True,89,True,True,4000.0,14625.56,Medium
RISK000398,bank_charges,140476.04,18,Eligible,False,False,118,True,False,25285.69,7371.42,Medium
RISK000399,employee_insurance,133106.43,18,Blocked,True,True,73,False,False,23959.16,15012.53,High
RISK000400,motor_vehicle,193378.82,28,Blocked,True,True,14,True,False,54146.07,11073.83,Medium
RISK000401,club_membership,149497.18,18,Blocked,True,True,29,True,False,26909.49,11834.84,Medium
RISK000402,sales_revenue,136071.32,18,Not Applicable,True,False,0,False,False,24492.84,500.0,Low
RISK000403,utilities,83487.1,18,Eligible,False,False,0,False,False,15027.68,500.0,Low
RISK000404,utilities,68941.8,18,Eligible,False,False,0,True,False,12409.52,0.0,Low
RISK000405,works_contract,139504.27,18,Blocked,True,True,0,True,False,25110.77,10000.0,Medium
RISK000406,exempt_non_gst,68944.05,exempt,Not Applicable,True,False,120,False,False,0.0,6500.0,Medium
RISK000407,input_services,110606.1,18,Eligible,True,False,0,True,False,19909.1,0.0,Low
RISK000408,employee_insurance,37298.13,18,Blocked,True,True,0,True,False,6713.66,10000.0,Medium
RISK000409,rent,90190.21,18,Eligible,True,False,0,True,False,16234.24,0.0,Low
RISK000410,works_contract,161841.59,18,Blocked,True,True,0,True,False,29131.49,10000.0,Medium
RISK000411,bank_charges,39816.32,18,Eligible,True,False,63,True,False,7166.94,3372.67,Medium
RISK000412,employee_travel,78033.53,5,Blocked,True,True,0,True,False,3901.68,10000.0,Medium
RISK000413,input_services,162840.78,18,Eligible,False,False,0,True,False,29311.34,0.0,Low
RISK000414,input_services,62980.56,18,Eligible,True,False,0,True,False,11336.5,0.0,Low
RISK000415,motor_vehicle,83938.7,28,Blocked,True,True,0,True,False,23502.84,10000.0,Medium
RISK000416,works_contract,183872.62,18,Blocked,False,False,0,True,False,33097.07,0.0,Low
RISK000417,input_services,63000,18,Eligible,True,False,0,True,True,11340.0,0.0,Low
RISK000418,input_services,39428.13,18,Eligible,True,False,84,True,False,7097.06,4493.99,Medium
RISK000419,motor_vehicle,142173.4,28,Blocked,True,True,0,True,False,39808.55,10000.0,Medium
RISK000420,rent,58771.94,18,Eligible,True,False,0,True,False,10578.95,0.0,Low
RISK000421,works_contract,154623.25,18,Blocked,True,True,0,True,False,27832.19,10000.0,Medium
RISK000422,club_membership,164744.92,18,Blocked,True,True,6,True,False,29654.09,10387.74,Medium
RISK000423,rent,197960.26,18,Eligible,True,False,97,True,False,35632.85,6554.52,Medium
RISK000424,purchase_goods,90221.6,18,Eligible,True,False,57,True,False,16239.89,3306.5,Medium
RISK000425,sales_revenue,47770.74,18,Not Applicable,False,False,45,True,False,8598.73,2440.82,Medium
RISK000426,motor_vehicle,34000,28,Blocked,True,True,0,True,True,9520.0,10000.0,Medium
RISK000427,bank_charges,106690.02,18,Eligible,True,False,0,False,False,19204.2,500.0,Low
RISK000428,employee_travel,53834.94,5,Blocked,False,False,87,True,False,2691.75,4465.49,Medium
RISK000429,sales_revenue,157245.36,18,Not Applicable,False,False,111,True,False,28304.16,7099.36,Medium
RISK000430,input_services,50310.61,18,Eligible,False,False,98,True,False,9055.91,5337.66,Medium
RISK000431,input_services,115696.39,18,Eligible,True,False,0,True,False,20825.35,0.0,Low
RISK000432,sales_revenue,19072.41,18,Not Applicable,True,False,0,False,False,3433.03,500.0,Low
RISK000433,food_catering,65794.21,5,Blocked,True,True,94,True,False,3289.71,14852.5,Medium
RISK000434,employee_insurance,132996.69,18,Blocked,True,True,0,True,False,23939.4,10000.0,Medium
RISK000435,motor_vehicle,165057.11,28,Blocked,True,True,0,True,False,46215.99,10000.0,Medium
RISK000436,input_services,113000,18,Eligible,True,False,0,True,True,20340.0,0.0,Low
RISK000437,capital_goods,125422.81,18,Eligible,False,False,0,False,False,22576.11,500.0,Low
RISK000438,food_catering,634.85,5,Blocked,False,False,0,True,False,31.74,0.0,Low
RISK000439,employee_insurance,60722.17,18,Blocked,False,False,12,True,False,10929.99,664.68,Low
RISK000440,bank_charges,133069.51,18,Eligible,True,False,0,True,False,23952.51,0.0,Low
RISK000441,sales_revenue,47000,18,Not Applicable,True,False,1,True,True,8460.0,54.17,Low
RISK000442,employee_travel,45625.08,5,Blocked,True,True,0,True,False,2281.25,10000.0,Medium
RISK000443,exempt_non_gst,84751.63,exempt,Not Applicable,True,False,0,True,False,0.0,0.0,Low
RISK000444,capital_goods,21088.71,18,Eligible,True,False,0,True,False,3795.97,0.0,Low
RISK000445,exempt_non_gst,27000,exempt,Not Applicable,False,False,0,True,True,0.0,0.0,Low
RISK000446,employee_insurance,33241.25,18,Blocked,True,True,0,True,False,5983.43,10000.0,Medium
RISK000447,employee_travel,137469.95,5,Blocked,False,False,0,True,False,6873.5,0.0,Low
RISK000448,employee_travel,146136.83,5,Blocked,True,True,0,True,False,7306.84,10000.0,Medium
RISK000449,employee_insurance,17307.62,18,Blocked,True,True,78,True,False,3115.37,14019.84,Medium
RISK000450,purchase_goods,169654.47,18,Eligible,True,False,0,True,False,30537.8,0.0,Low
RISK000451,works_contract,78654.33,18,Blocked,True,True,102,False,False,14157.78,16312.16,High
RISK000452,capital_goods,49000,18,Eligible,True,False,0,False,True,8820.0,500.0,Low
RISK000453,bank_charges,186817.92,18,Eligible,True,False,73,True,False,33627.23,4860.58,Medium
RISK000454,input_services,153000,18,Eligible,False,False,3,True,True,27540.0,190.74,Low
RISK000455,rent,8445.46,18,Eligible,True,False,65,True,False,1520.18,3298.73,Medium
RISK000456,sales_revenue,83378.68,18,Not Applicable,False,False,0,True,False,15008.16,0.0,Low
RISK000457,utilities,17177.62,18,Eligible,True,False,104,True,False,3091.97,5358.58,Medium
RISK000458,employee_travel,127041.7,5,Blocked,False,False,9,True,False,6352.09,478.19,Low
RISK000459,exempt_non_gst,48108.16,exempt,Not Applicable,True,False,15,True,False,0.0,750.0,Low
RISK000460,utilities,133382.88,18,Eligible,True,False,0,True,False,24008.92,0.0,Low
RISK000461,purchase_goods,33184.61,18,Eligible,False,False,0,True,False,5973.23,0.0,Low
RISK000462,input_services,74687.95,18,Eligible,False,False,94,False,False,13443.83,5823.2,Medium
RISK000463,purchase_goods,67334.7,18,Eligible,True,False,0,True,False,12120.25,0.0,Low
RISK000464,employee_insurance,15875.47,18,Blocked,True,True,0,True,False,2857.58,10000.0,Medium
RISK000465,bank_charges,31883.34,18,Eligible,False,False,87,True,False,5739.0,4596.23,Medium
RISK000466,club_membership,1012.42,18,Blocked,False,False,0,True,False,182.24,0.0,Low
RISK000467,input_services,36202.71,18,Eligible,False,False,0,True,False,6516.49,0.0,Low
RISK000468,employee_insurance,84164.18,18,Blocked,True,True,0,True,False,15149.55,10000.0,Medium
RISK000469,capital_goods,114521.42,18,Eligible,True,False,7,True,False,20613.86,421.16,Low
RISK000470,purchase_goods,190838.84,18,Eligible,True,False,0,True,False,34350.99,0.0,Low
RISK000471,bank_charges,17733.91,18,Eligible,True,False,0,True,False,3192.1,0.0,Low
RISK000472,works_contract,124732.15,18,Blocked,True,True,64,False,False,22451.79,14408.62,Medium
RISK000473,works_contract,180138.44,18,Blocked,False,False,0,True,False,32424.92,0.0,Low
RISK000474,rent,109000,18,Eligible,True,False,2,False,True,19620.0,619.35,Low
RISK000475,employee_insurance,75566.83,18,Blocked,False,False,0,True,False,13602.03,0.0,Low
RISK000476,motor_vehicle,99000,28,Blocked,True,True,92,True,True,27720.0,15857.65,High
RISK000477,rent,179508.85,18,Eligible,True,False,48,True,False,32311.59,3164.86,Medium
RISK000478,employee_travel,20000,5,Blocked,True,True,10,True,True,1000.0,10504.93,Medium
RISK000479,employee_insurance,192861.55,18,Blocked,True,True,0,True,False,34715.08,10000.0,Medium
RISK000480,works_contract,166464.02,18,Blocked,True,True,0,True,False,29963.52,10000.0,Medium
RISK000481,input_services,156097.43,18,Eligible,True,False,0,True,False,28097.54,0.0,Low
RISK000482,motor_vehicle,24586.98,28,Blocked,True,True,58,True,False,6884.35,13096.91,Medium
RISK000483,capital_goods,18538.97,18,Eligible,False,False,0,True,False,3337.01,0.0,Low
RISK000484,rent,167266.99,18,Eligible,True,False,0,True,False,30108.06,0.0,Low
RISK000485,club_membership,10265.65,18,Blocked,True,True,23,True,False,1847.82,11170.96,Medium
RISK000486,food_catering,111412.78,5,Blocked,True,True,0,True,False,5570.64,10000.0,Medium
RISK000487,capital_goods,2885.41,18,Eligible,False,False,17,True,False,519.37,854.35,Low
RISK000488,employee_insurance,126000,18,Blocked,True,True,34,False,True,22680.0,12580.28,Medium
RISK000489,capital_goods,39951.19,18,Eligible,True,False,12,False,False,7191.21,1142.56,Low
RISK000490,bank_charges,24944.27,18,Eligible,False,False,0,False,False,4489.97,500.0,Low
RISK000491,works_contract,79302.24,18,Blocked,True,True,23,True,False,14274.4,11311.91,Medium
RISK000492,utilities,56330.98,18,Eligible,False,False,0,True,False,10139.58,0.0,Low
RISK000493,utilities,100028.88,18,Eligible,False,False,0,True,False,18005.2,0.0,Low
RISK000494,motor_vehicle,40291.83,28,Blocked,False,False,0,True,False,11281.71,0.0,Low
RISK000495,sales_revenue,4396.23,18,Not Applicable,True,False,62,True,False,791.32,3124.19,Medium
RISK000496,employee_travel,100727.45,5,Blocked,True,True,0,True,False,5036.37,10000.0,Medium
RISK000497,sales_revenue,155818.39,18,Not Applicable,True,False,68,True,False,28047.31,4340.55,Medium
RISK000498,rent,194808.98,18,Eligible,True,False,35,True,False,35065.62,2355.24,Medium
RISK000499,works_contract,11653.78,18,Blocked,False,False,0,True,False,2097.68,0.0,Low
RISK000500,bank_charges,187073.6,18,Eligible,False,False,0,True,False,33673.25,0.0,Low
RISK000501,works_contract,139676.5,18,Blocked,False,False,0,True,False,25141.77,0.0,Low
RISK000502,employee_travel,28849.41,5,Blocked,False,False,104,False,False,1442.47,5773.98,Medium
RISK000503,utilities,36000,18,Eligible,True,False,0,True,True,6480.0,0.0,Low
RISK000504,food_catering,636.36,5,Blocked,False,False,0,True,False,31.82,0.0,Low
RISK000505,sales_revenue,168934.68,18,Not Applicable,True,False,0,True,False,30408.24,0.0,Low
RISK000506,sales_revenue,22628.66,18,Not Applicable,True,False,0,True,False,4073.16,0.0,Low
RISK000507,employee_insurance,79421.31,18,Blocked,True,True,0,True,False,14295.84,10000.0,Medium
RISK000508,motor_vehicle,158472.58,28,Blocked,False,False,23,True,False,44372.32,1653.29,Low
RISK000509,employee_travel,157504.86,5,Blocked,True,True,23,True,False,7875.24,11239.32,Medium
RISK000510,utilities,25906.0,18,Eligible,False,False,74,True,False,4663.08,3870.17,Medium
RISK000511,employee_travel,6960.36,5,Blocked,True,True,79,True,False,348.02,13963.56,Medium
RISK000512,food_catering,28558.35,5,Blocked,False,False,0,False,False,1427.92,500.0,Low
RISK000513,capital_goods,164421.53,18,Eligible,True,False,43,True,False,29595.88,2777.59,Medium
RISK000514,rent,138788.63,18,Eligible,True,False,93,True,False,24981.95,5795.75,Medium
RISK000515,works_contract,84220.82,18,Blocked,True,True,0,False,False,15159.75,10500.0,Medium
RISK000516,motor_vehicle,20735.0,28,Blocked,True,True,84,True,False,5805.8,14440.5,Medium
RISK000517,food_catering,15205.02,5,Blocked,False,False,0,True,False,760.25,0.0,Low
RISK000518,capital_goods,68690.74,18,Eligible,False,False,0,True,False,12364.33,0.0,Low
RISK000519,capital_goods,67921.14,18,Eligible,False,False,91,True,False,12225.81,5098.65,Medium
RISK000520,input_services,121659.87,18,Eligible,True,False,0,True,False,21898.78,0.0,Low
RISK000521,motor_vehicle,139590.74,28,Blocked,False,False,34,True,False,39085.41,2355.35,Medium
RISK000522,capital_goods,10000,18,Eligible,True,False,20,True,True,1800.0,1017.75,Low
RISK000523,capital_goods,59262.62,18,Eligible,True,False,26,True,False,10667.27,1436.77,Low
RISK000524,employee_insurance,58716.39,18,Blocked,True,True,40,True,False,10568.95,12208.48,Medium
RISK000525,employee_insurance,53368.38,18,Blocked,True,True,0,True,False,9606.31,10000.0,Medium
RISK000526,input_services,89432.17,18,Eligible,True,False,0,True,False,16097.79,0.0,Low
RISK000527,purchase_goods,30650.57,18,Eligible,True,False,0,True,False,5517.1,0.0,Low
RISK000528,motor_vehicle,194155.75,28,Blocked,True,True,108,True,False,54363.61,18295.42,High
RISK000529,club_membership,138000,18,Blocked,False,False,31,True,True,24840.0,1929.75,Low
RISK000530,exempt_non_gst,143003.99,exempt,Not Applicable,True,False,103,True,False,0.0,5150.0,Medium
RISK000531,input_services,24496.23,18,Eligible,False,False,0,False,False,4409.32,500.0,Low
RISK000532,sales_revenue,38948.85,18,Not Applicable,True,False,0,True,False,7010.79,0.0,Low
RISK000533,exempt_non_gst,125631.63,exempt,Not Applicable,False,False,0,False,False,0.0,500.0,Low
RISK000534,capital_goods,17861.97,18,Eligible,True,False,110,True,False,3215.15,5674.41,Medium
RISK000535,exempt_non_gst,2966.58,exempt,Not Applicable,False,False,101,True,False,0.0,5050.0,Medium
RISK000536,input_services,113535.49,18,Eligible,True,False,13,False,False,20436.39,1281.02,Low
RISK000537,capital_goods,157256.25,18,Eligible,False,False,113,True,False,28306.12,7227.39,Medium
RISK000538,food_catering,114618.64,5,Blocked,True,True,0,True,False,5730.93,10000.0,Medium
RISK000539,employee_insurance,139000,18,Blocked,True,True,43,True,True,25020.0,12680.56,Medium
RISK000540,food_catering,184206.58,5,Blocked,False,False,0,True,False,9210.33,0.0,Low
RISK000541,utilities,168647.89,18,Eligible,False,False,112,True,False,30356.62,7276.68,Medium
RISK000542,works_contract,88900.57,18,Blocked,False,False,0,True,False,16002.1,0.0,Low
RISK000543,rent,88622.46,18,Eligible,False,False,0,True,False,15952.04,0.0,Low
RISK000544,bank_charges,164292.97,18,Eligible,True,False,0,True,False,29572.73,0.0,Low
RISK000545,input_services,156213.03,18,Eligible,True,False,23,True,False,28118.35,1468.93,Low
RISK000546,exempt_non_gst,11996.69,exempt,Not Applicable,True,False,0,True,False,0.0,0.0,Low
RISK000547,bank_charges,164789.51,18,Eligible,True,False,16,True,False,29662.11,1034.05,Low
RISK000548,food_catering,119011.7,5,Blocked,True,True,76,True,False,5950.59,14023.02,Medium
RISK000549,exempt_non_gst,179000,exempt,Not Applicable,False,False,37,True,True,0.0,1850.0,Low
RISK000550,exempt_non_gst,114665.48,exempt,Not Applicable,False,False,83,True,False,0.0,4150.0,Medium
RISK000551,employee_insurance,82196.69,18,Blocked,True,True,99,True,False,14795.4,15672.34,High
RISK000552,input_services,129650.63,18,Eligible,True,False,0,True,False,23337.11,0.0,Low
RISK000553,utilities,142691.73,18,Eligible,False,False,0,False,False,25684.51,500.0,Low
RISK000554,food_catering,50773.74,5,Blocked,True,True,106,True,False,2538.69,15432.71,High
RISK000555,purchase_goods,102546.99,18,Eligible,True,False,48,True,False,18458.46,2836.93,Medium
RISK000556,utilities,60045.95,18,Eligible,True,False,0,False,False,10808.27,500.0,Low
RISK000557,exempt_non_gst,55738.54,exempt,Not Applicable,True,False,84,True,False,0.0,4200.0,Medium
RISK000558,sales_revenue,48440.26,18,Not Applicable,True,False,104,True,False,8719.25,5647.19,Medium
RISK000559,employee_insurance,28415.94,18,Blocked,True,True,0,True,False,5114.87,10000.0,Medium
RISK000560,motor_vehicle,77960.85,28,Blocked,True,True,74,True,False,21829.04,14496.61,Medium
RISK000561,works_contract,44861.46,18,Blocked,True,True,117,False,False,8075.06,16815.92,High
RISK000562,utilities,169161.14,18,Eligible,False,False,24,True,False,30449.01,1560.38,Low
RISK000563,works_contract,52101.04,18,Blocked,False,False,24,False,False,9378.19,1811.0,Low
RISK000564,employee_insurance,18315.31,18,Blocked,True,True,40,True,False,3296.76,12065.03,Medium
RISK000565,bank_charges,52481.57,18,Eligible,True,False,61,True,False,9446.68,3334.18,Medium
RISK000566,employee_travel,188888.05,5,Blocked,True,True,65,True,False,9444.4,13552.74,Medium
RISK000567,club_membership,60021.97,18,Blocked,True,True,18,False,False,10803.95,11495.9,Medium
RISK000568,employee_travel,178622.6,5,Blocked,False,False,0,True,False,8931.13,0.0,Low
RISK000569,capital_goods,98000,18,Eligible,True,False,0,True,True,17640.0,0.0,Low
RISK000570,utilities,42271.78,18,Eligible,False,False,21,True,False,7608.92,1128.8,Low
RISK000571,capital_goods,26316.49,18,Eligible,True,False,0,True,False,4736.97,0.0,Low
RISK000572,purchase_goods,8026.2,18,Eligible,True,False,0,True,False,1444.72,0.0,Low
RISK000573,exempt_non_gst,106441.24,exempt,Not Applicable,True,False,0,True,False,0.0,0.0,Low
RISK000574,bank_charges,63000,18,Eligible,True,False,0,True,True,11340.0,0.0,Low
RISK000575,purchase_goods,59991.35,18,Eligible,True,False,77,True,False,10798.44,4260.04,Medium
RISK000576,employee_insurance,199096.75,18,Blocked,True,True,46,True,False,35837.42,13112.97,Medium
RISK000577,sales_revenue,81000,18,Not Applicable,True,False,17,True,True,14580.0,972.23,Low
RISK000578,club_membership,34212.46,18,Blocked,True,True,5,True,False,6158.24,10265.18,Medium
RISK000579,sales_revenue,107179.32,18,Not Applicable,True,False,85,True,False,19292.28,5058.69,Medium
RISK000580,purchase_goods,138105.07,18,Eligible,True,False,0,True,False,24858.91,0.0,Low
RISK000581,input_services,41496.24,18,Eligible,True,False,0,True,False,7469.32,0.0,Low
RISK000582,club_membership,54360.44,18,Blocked,True,True,0,True,False,9784.88,10000.0,Medium
RISK000583,works_contract,123730.74,18,Blocked,True,True,64,True,False,22271.53,13902.93,Medium
RISK000584,utilities,166384.01,18,Eligible,False,False,0,True,False,29949.12,0.0,Low
RISK000585,club_membership,100000,18,Blocked,True,True,43,True,True,18000.0,12531.7,Medium
RISK000586,capital_goods,181422.57,18,Eligible,False,False,20,False,False,32656.06,1822.09,Low
RISK000587,capital_goods,144850.94,18,Eligible,True,False,0,True,False,26073.17,0.0,Low
RISK000588,utilities,53192.94,18,Eligible,True,False,112,True,False,9574.73,6128.84,Medium
RISK000589,sales_revenue,135514.92,18,Not Applicable,True,False,0,True,False,24392.69,0.0,Low
RISK000590,purchase_goods,170473.75,18,Eligible,True,False,0,True,False,30685.28,0.0,Low
RISK000591,employee_travel,54027.73,5,Blocked,False,False,0,True,False,2701.39,0.0,Low
RISK000592,motor_vehicle,192480.83,28,Blocked,True,True,0,True,False,53894.63,10000.0,Medium
RISK000593,employee_insurance,177281.72,18,Blocked,True,True,0,True,False,31910.71,10000.0,Medium
RISK000594,exempt_non_gst,32299.38,exempt,Not Applicable,True,False,103,True,False,0.0,5150.0,Medium
RISK000595,employee_travel,76260.28,5,Blocked,True,True,0,True,False,3813.01,10000.0,Medium
RISK000596,input_services,96874.39,18,Eligible,True,False,57,True,False,17437.39,3340.16,Medium
RISK000597,bank_charges,2965.86,18,Eligible,False,False,0,True,False,533.85,0.0,Low
RISK000598,rent,195590.16,18,Eligible,True,False,0,True,False,35206.23,0.0,Low
RISK000599,capital_goods,86853.16,18,Eligible,False,False,0,True,False,15633.57,0.0,Low
RISK000600,input_services,167887.09,18,Eligible,True,False,7,True,False,30219.68,454.32,Low
RISK000601,club_membership,169844.69,18,Blocked,False,False,10,True,False,30572.04,650.77,Low
RISK000602,bank_charges,194043.94,18,Eligible,True,False,0,True,False,34927.91,0.0,Low
RISK000603,rent,16226.7,18,Eligible,True,False,12,True,False,2920.81,617.28,Low
RISK000604,capital_goods,196000,18,Eligible,False,False,0,True,True,35280.0,0.0,Low
RISK000605,club_membership,533.86,18,Blocked,True,True,80,True,False,96.09,14003.79,Medium
RISK000606,club_membership,41766.82,18,Blocked,True,True,47,True,False,7518.03,12524.25,Medium
RISK000607,exempt_non_gst,91164.77,exempt,Not Applicable,True,False,61,True,False,0.0,3050.0,Medium
RISK000608,food_catering,23247.66,5,Blocked,False,False,0,True,False,1162.38,0.0,Low
RISK000609,sales_revenue,58750.72,18,Not Applicable,True,False,6,False,False,10575.13,831.29,Low
RISK000610,exempt_non_gst,143512.79,exempt,Not Applicable,False,False,0,True,False,0.0,0.0,Low
RISK000611,exempt_non_gst,78882.85,exempt,Not Applicable,True,False,92,True,False,0.0,4600.0,Medium
RISK000612,purchase_goods,185361.99,18,Eligible,False,False,99,False,False,33365.16,7078.95,Medium
RISK000613,employee_travel,191000,5,Blocked,True,True,0,True,True,9550.0,10000.0,Medium
RISK000614,motor_vehicle,167843.81,28,Blocked,True,True,0,False,False,46996.27,10500.0,Medium
RISK000615,employee_travel,35143.23,5,Blocked,False,False,0,True,False,1757.16,0.0,Low
RISK000616,bank_charges,101069.97,18,Eligible,True,False,118,True,False,18192.59,6958.66,Medium
RISK000617,motor_vehicle,192736.91,28,Blocked,False,False,0,True,False,53966.33,0.0,Low
RISK000618,works_contract,177344.15,18,Blocked,True,True,71,True,False,31921.95,14667.71,Medium
RISK000619,club_membership,126700.37,18,Blocked,True,True,38,True,False,22806.07,12327.38,Medium
RISK000620,input_services,196276.43,18,Eligible,True,False,65,True,False,35329.76,4382.49,Medium
RISK000621,works_contract,23523.35,18,Blocked,True,True,0,True,False,4234.2,10000.0,Medium
RISK000622,motor_vehicle,135011.58,28,Blocked,False,False,0,True,False,37803.24,0.0,Low
RISK000623,purchase_goods,104784.63,18,Eligible,True,False,0,True,False,18861.23,0.0,Low
RISK000624,sales_revenue,157213.67,18,Not Applicable,False,False,19,True,False,28298.46,1215.15,Low
RISK000625,utilities,41198.18,18,Eligible,True,False,0,True,False,7415.67,0.0,Low
RISK000626,employee_insurance,148028.75,18,Blocked,False,False,72,True,False,26645.17,4546.09,Medium
RISK000627,sales_revenue,159864.94,18,Not Applicable,True,False,119,True,False,28775.69,7638.7,Medium
RISK000628,sales_revenue,195176.63,18,Not Applicable,True,False,2,True,False,35131.79,134.65,Low
RISK000629,exempt_non_gst,156294.52,exempt,Not Applicable,False,False,117,True,False,0.0,5850.0,Medium
RISK000630,bank_charges,151143.99,18,Eligible,True,False,100,True,False,27205.92,6341.66,Medium
RISK000631,food_catering,35896.47,5,Blocked,True,True,0,True,False,1794.82,10000.0,Medium
RISK000632,motor_vehicle,8606.53,28,Blocked,True,True,0,True,False,2409.83,10000.0,Medium
RISK000633,purchase_goods,66447.28,18,Eligible,False,False,0,True,False,11960.51,0.0,Low
RISK000634,purchase_goods,154845.36,18,Eligible,True,False,39,True,False,27872.16,2486.06,Medium
RISK000635,bank_charges,15039.72,18,Eligible,False,False,0,False,False,2707.15,500.0,Low
RISK000636,sales_revenue,101275.5,18,Not Applicable,True,False,0,True,False,18229.59,0.0,Low
RISK000637,rent,132835.23,18,Eligible,True,False,0,False,False,23910.34,500.0,Low
RISK000638,food_catering,199327.9,5,Blocked,False,False,2,True,False,9966.4,109.83,Low
RISK000639,rent,180947.04,18,Eligible,True,False,6,True,False,32570.47,396.37,Low
RISK000640,sales_revenue,189025.04,18,Not Applicable,True,False,0,True,False,34024.51,0.0,Low
RISK000641,exempt_non_gst,154213.62,exempt,Not Applicable,True,False,0,True,False,0.0,0.0,Low
RISK000642,employee_insurance,38906.22,18,Blocked,True,True,22,False,False,7003.12,11675.98,Medium
RISK000643,club_membership,1962.45,18,Blocked,True,True,100,True,False,353.24,15017.42,High
RISK000644,exempt_non_gst,21233.4,exempt,Not Applicable,True,False,95,True,False,0.0,4750.0,Medium
RISK000645,capital_goods,149504.72,18,Eligible,True,False,0,True,False,26910.85,0.0,Low
RISK000646,purchase_goods,36009.44,18,Eligible,True,False,0,True,False,6481.7,0.0,Low
RISK000647,motor_vehicle,77912.5,28,Blocked,True,True,0,True,False,21815.5,10000.0,Medium
RISK000648,club_membership,2000,18,Blocked,False,False,0,True,True,360.0,0.0,Low
RISK000649,exempt_non_gst,14981.59,exempt,Not Applicable,False,False,0,True,False,0.0,0.0,Low
RISK000650,capital_goods,57000,18,Eligible,False,False,0,True,True,10260.0,0.0,Low
RISK000651,input_services,106926.82,18,Eligible,True,False,0,True,False,19246.83,0.0,Low
RISK000652,employee_insurance,29243.07,18,Blocked,True,True,102,True,False,5263.75,15364.77,High
RISK000653,purchase_goods,110928.08,18,Eligible,True,False,0,True,False,19967.05,0.0,Low
RISK000654,club_membership,109731.33,18,Blocked,True,True,0,True,False,19751.64,10000.0,Medium
RISK000655,rent,82824.57,18,Eligible,True,False,0,True,False,14908.42,0.0,Low
RISK000656,exempt_non_gst,50921.98,exempt,Not Applicable,True,False,73,True,False,0.0,3650.0,Medium
RISK000657,club_membership,92522.41,18,Blocked,True,True,0,True,False,16654.03,10000.0,Medium
RISK000658,works_contract,116328.83,18,Blocked,False,False,0,True,False,20939.19,0.0,Low
RISK000659,utilities,124093.4,18,Eligible,False,False,0,True,False,22336.81,0.0,Low
RISK000660,utilities,138844.9,18,Eligible,True,False,104,True,False,24992.08,6481.79,Medium
RISK000661,purchase_goods,62986.35,18,Eligible,False,False,83,True,False,11337.54,4614.06,Medium
RISK000662,input_services,136076.25,18,Eligible,True,False,0,True,False,24493.72,0.0,Low
RISK000663,food_catering,110558.53,5,Blocked,True,True,108,True,False,5527.93,15694.42,High
RISK000664,club_membership,40000,18,Blocked,False,False,94,True,True,7200.0,5033.76,Medium
RISK000665,club_membership,126509.49,18,Blocked,False,False,99,True,False,22771.71,6061.76,Medium
RISK000666,club_membership,52492.96,18,Blocked,False,False,0,True,False,9448.73,0.0,Low
RISK000667,motor_vehicle,45049.68,28,Blocked,False,False,38,True,False,12613.91,2136.38,Medium
RISK000668,capital_goods,79658.64,18,Eligible,True,False,109,False,False,14338.56,6720.75,Medium
RISK000669,employee_insurance,33585.79,18,Blocked,True,True,0,True,False,6045.44,10000.0,Medium
RISK000670,employee_insurance,174502.93,18,Blocked,True,True,46,True,False,31410.53,13012.55,Medium
RISK000671,rent,13040.8,18,Eligible,True,False,0,True,False,2347.34,0.0,Low
RISK000672,bank_charges,77924.58,18,Eligible,False,False,6,False,False,14026.42,841.5,Low
RISK000673,works_contract,193704.06,18,Blocked,True,True,0,True,False,34866.73,10000.0,Medium
RISK000674,employee_travel,35183.04,5,Blocked,True,True,0,True,False,1759.15,10000.0,Medium
RISK000675,club_membership,50691.49,18,Blocked,False,False,0,True,False,9124.47,0.0,Low
RISK000676,bank_charges,97628.88,18,Eligible,True,False,65,False,False,17573.2,4313.31,Medium
RISK000677,rent,15879.1,18,Eligible,True,False,0,True,False,2858.24,0.0,Low
RISK000678,works_contract,163482.54,18,Blocked,True,True,0,True,False,29426.86,10000.0,Medium
RISK000679,employee_insurance,96000,18,Blocked,True,True,0,True,True,17280.0,10000.0,Medium
RISK000680,purchase_goods,26013.08,18,Eligible,True,False,0,True,False,4682.35,0.0,Low
RISK000681,input_services,11654.44,18,Eligible,True,False,0,False,False,2097.8,500.0,Low
RISK000682,employee_travel,127705.73,5,Blocked,False,False,106,True,False,6385.29,5633.78,Medium
RISK000683,food_catering,121501.92,5,Blocked,True,True,0,True,False,6075.1,10000.0,Medium
RISK000684,input_services,159025.91,18,Eligible,False,False,0,True,False,28624.66,0.0,Low
RISK000685,works_contract,137275.44,18,Blocked,False,False,9,True,False,24709.58,559.67,Low
RISK000686,capital_goods,3804.24,18,Eligible,True,False,88,True,False,684.76,4429.72,Medium
RISK000687,capital_goods,35895.73,18,Eligible,False,False,113,True,False,6461.23,6010.06,Medium
RISK000688,capital_goods,19091.4,18,Eligible,True,False,70,True,False,3436.45,3618.63,Medium
RISK000689,sales_revenue,135872.59,18,Not Applicable,True,False,0,True,False,24457.07,0.0,Low
RISK000690,motor_vehicle,46282.51,28,Blocked,False,False,49,True,False,12959.1,2763.15,Medium
RISK000691,sales_revenue,167519.51,18,Not Applicable,True,False,0,True,False,30153.51,0.0,Low
RISK000692,exempt_non_gst,17000,exempt,Not Applicable,True,False,0,True,True,0.0,0.0,Low
RISK000693,works_contract,157989.79,18,Blocked,True,True,0,True,False,28438.16,10000.0,Medium
RISK000694,works_contract,160955.29,18,Blocked,True,True,0,True,False,28971.95,10000.0,Medium
RISK000695,utilities,171067.9,18,Eligible,True,False,0,True,False,30792.22,0.0,Low
RISK000696,sales_revenue,41136.89,18,Not Applicable,True,False,23,True,False,7404.64,1233.99,Low
RISK000697,utilities,197707.4,18,Eligible,True,False,51,True,False,35587.33,3445.05,Medium
RISK000698,employee_insurance,24257.61,18,Blocked,True,True,21,True,False,4366.37,11095.22,Medium
RISK000699,sales_revenue,68018.35,18,Not Applicable,True,False,91,True,False,12243.3,5099.44,Medium
RISK000700,employee_insurance,1555.48,18,Blocked,True,True,0,False,False,279.99,10500.0,Medium
RISK000701,capital_goods,52986.85,18,Eligible,True,False,93,True,False,9537.63,5087.42,Medium
RISK000702,employee_travel,131406.96,5,Blocked,True,True,8,False,False,6570.35,10925.92,Medium
RISK000703,employee_insurance,99126.49,18,Blocked,True,True,120,True,False,17842.77,17055.9,High
RISK000704,purchase_goods,157000,18,Eligible,True,False,79,True,True,28260.0,5050.98,Medium
RISK000705,rent,131176.31,18,Eligible,False,False,0,True,False,23611.74,0.0,Low
RISK000706,employee_insurance,79000,18,Blocked,True,True,0,True,True,14220.0,10000.0,Medium
RISK000707,capital_goods,110143.73,18,Eligible,False,False,75,True,False,19825.87,4483.29,Medium
RISK000708,utilities,46000,18,Eligible,False,False,0,True,True,8280.0,0.0,Low
RISK000709,input_services,81723.36,18,Eligible,True,False,0,True,False,14710.2,0.0,Low
RISK000710,sales_revenue,102900.69,18,Not Applicable,True,False,0,True,False,18522.12,0.0,Low
RISK000711,food_catering,193228.06,5,Blocked,True,True,97,True,False,9661.4,15312.16,High
RISK000712,employee_insurance,92000,18,Blocked,True,True,0,True,True,16560.0,10000.0,Medium
RISK000713,employee_insurance,157836.88,18,Blocked,True,True,103,True,False,28410.64,16593.1,High
RISK000714,club_membership,107362.56,18,Blocked,False,False,0,True,False,19325.26,0.0,Low
RISK000715,works_contract,164304.4,18,Blocked,True,True,61,True,False,29574.79,13939.67,Medium
RISK000716,employee_travel,54180.62,5,Blocked,False,False,117,True,False,2709.03,6006.31,Medium
RISK000717,rent,147218.1,18,Eligible,False,False,0,True,False,26499.26,0.0,Low
RISK000718,employee_travel,71527.46,5,Blocked,False,False,0,True,False,3576.37,0.0,Low
RISK000719,food_catering,122958.48,5,Blocked,False,False,0,True,False,6147.92,0.0,Low
RISK000720,employee_travel,63425.67,5,Blocked,False,False,74,True,False,3171.28,3815.73,Medium
RISK000721,sales_revenue,183000,18,Not Applicable,True,False,0,True,True,32940.0,0.0,Low
RISK000722,sales_revenue,84923.59,18,Not Applicable,False,False,0,True,False,15286.25,0.0,Low
RISK000723,sales_revenue,35000,18,Not Applicable,False,False,59,True,True,6300.0,3133.3,Medium
RISK000724,employee_insurance,42545.1,18,Blocked,True,True,0,True,False,7658.12,10000.0,Medium
RISK000725,club_membership,52938.38,18,Blocked,True,True,44,True,False,9528.91,12406.76,Medium
RISK000726,rent,84109.04,18,Eligible,False,False,0,True,False,15139.63,0.0,Low
RISK000727,employee_travel,26662.26,5,Blocked,True,True,0,True,False,1333.11,10000.0,Medium
RISK000728,rent,111290.34,18,Eligible,False,False,0,True,False,20032.26,0.0,Low
RISK000729,food_catering,161230.84,5,Blocked,True,True,0,False,False,8061.54,10500.0,Medium
RISK000730,club_membership,107029.53,18,Blocked,True,True,0,True,False,19265.32,10000.0,Medium
RISK000731,purchase_goods,79981.18,18,Eligible,True,False,0,True,False,14396.61,0.0,Low
RISK000732,employee_insurance,19712.23,18,Blocked,False,False,0,True,False,3548.2,0.0,Low
RISK000733,sales_revenue,51914.11,18,Not Applicable,True,False,0,True,False,9344.54,0.0,Low
RISK000734,rent,115582.32,18,Eligible,True,False,0,False,False,20804.82,500.0,Low
RISK000735,bank_charges,134801.97,18,Eligible,True,False,114,True,False,24264.35,7064.12,Medium
RISK000736,food_catering,126526.58,5,Blocked,True,True,0,True,False,6326.33,10000.0,Medium
RISK000737,employee_insurance,122655.87,18,Blocked,True,True,11,True,False,22078.06,10669.77,Medium
RISK000738,bank_charges,130776.11,18,Eligible,False,False,51,True,False,23539.7,3142.04,Medium
RISK000739,exempt_non_gst,187784.58,exempt,Not Applicable,False,False,0,True,False,0.0,0.0,Low
RISK000740,exempt_non_gst,5108.67,exempt,Not Applicable,False,False,96,True,False,0.0,4800.0,Medium
RISK000741,input_services,80000,18,Eligible,True,False,61,True,True,14400.0,3483.18,Medium
RISK000742,motor_vehicle,105034.57,28,Blocked,False,False,0,True,False,29409.68,0.0,Low
RISK000743,motor_vehicle,62219.45,28,Blocked,True,True,0,True,False,17421.45,10000.0,Medium
RISK000744,exempt_non_gst,34536.29,exempt,Not Applicable,True,False,0,False,False,0.0,500.0,Low
RISK000745,food_catering,195008.82,5,Blocked,True,True,0,True,False,9750.44,10000.0,Medium
RISK000746,works_contract,108087.87,18,Blocked,True,True,0,True,False,19455.82,10000.0,Medium
RISK000747,motor_vehicle,104930.23,28,Blocked,True,True,0,True,False,29380.46,10000.0,Medium
RISK000748,sales_revenue,18000,18,Not Applicable,True,False,0,True,True,3240.0,0.0,Low
RISK000749,club_membership,163000,18,Blocked,False,False,0,True,True,29340.0,0.0,Low
RISK000750,food_catering,189418.02,5,Blocked,True,True,0,True,False,9470.9,10000.0,Medium
RISK000751,rent,159455.09,18,Eligible,True,False,0,False,False,28701.92,500.0,Low
RISK000752,rent,33072.26,18,Eligible,False,False,0,True,False,5953.01,0.0,Low
RISK000753,motor_vehicle,125251.94,28,Blocked,True,True,79,True,False,35070.54,15316.31,High
RISK000754,utilities,130000,18,Eligible,True,False,0,True,True,23400.0,0.0,Low
RISK000755,input_services,58274.26,18,Eligible,True,False,35,True,False,10489.37,1931.05,Low
RISK000756,bank_charges,4369.38,18,Eligible,True,False,0,True,False,786.49,0.0,Low
RISK000757,utilities,25000,18,Eligible,True,False,0,True,True,4500.0,0.0,Low
RISK000758,rent,68711.61,18,Eligible,True,False,48,True,False,12368.09,2692.77,Medium
RISK000759,bank_charges,16504.51,18,Eligible,False,False,0,True,False,2970.81,0.0,Low
RISK000760,club_membership,94000,18,Blocked,True,True,105,True,True,16920.0,16126.13,High
RISK000761,sales_revenue,143000,18,Not Applicable,True,False,32,True,True,25740.0,2006.2,Medium
RISK000762,food_catering,147196.89,5,Blocked,True,True,27,True,False,7359.84,11448.0,Medium
RISK000763,utilities,187274.94,18,Eligible,True,False,96,False,False,33709.49,6895.89,Medium
RISK000764,utilities,96505.3,18,Eligible,True,False,0,True,False,17370.95,0.0,Low
RISK000765,capital_goods,47575.18,18,Eligible,True,False,0,True,False,8563.53,0.0,Low
RISK000766,motor_vehicle,157934.18,28,Blocked,True,True,0,True,False,44221.57,10000.0,Medium
RISK000767,employee_travel,31420.89,5,Blocked,False,False,0,True,False,1571.04,0.0,Low
RISK000768,bank_charges,186204.33,18,Eligible,False,False,8,True,False,33516.78,532.23,Low
RISK000769,club_membership,158397.52,18,Blocked,True,True,0,False,False,28511.55,10500.0,Medium
RISK000770,sales_revenue,69789.89,18,Not Applicable,False,False,3,True,False,12562.18,168.59,Low
RISK000771,input_services,50513.9,18,Eligible,True,False,72,True,False,9092.5,3922.85,Medium
RISK000772,rent,113557.0,18,Eligible,True,False,0,True,False,20440.26,0.0,Low
RISK000773,employee_travel,182937.56,5,Blocked,True,True,0,True,False,9146.88,10000.0,Medium
RISK000774,utilities,108550.39,18,Eligible,True,False,65,True,False,19539.07,3876.32,Medium
RISK000775,purchase_goods,124137.05,18,Eligible,True,False,42,True,False,22344.67,2562.81,Medium
RISK000776,club_membership,163900.42,18,Blocked,True,True,99,True,False,29502.08,16390.35,High
RISK000777,bank_charges,82000,18,Eligible,True,False,0,True,True,14760.0,0.0,Low
RISK000778,input_services,36000,18,Eligible,True,False,0,True,True,6480.0,0.0,Low
RISK000779,employee_insurance,167341.76,18,Blocked,True,True,0,True,False,30121.52,10000.0,Medium
RISK000780,bank_charges,44534.2,18,Eligible,False,False,0,False,False,8016.16,500.0,Low
RISK000781,exempt_non_gst,16451.38,exempt,Not Applicable,False,False,0,True,False,0.0,0.0,Low
RISK000782,motor_vehicle,164494.29,28,Blocked,False,False,0,True,False,46058.4,0.0,Low
RISK000783,works_contract,14542.43,18,Blocked,True,True,67,True,False,2617.64,13436.49,Medium
RISK000784,club_membership,77373.55,18,Blocked,True,True,73,True,False,13927.24,14151.38,Medium
RISK000785,works_contract,111849.25,18,Blocked,False,False,74,True,False,20132.87,4434.71,Medium
RISK000786,employee_insurance,85701.46,18,Blocked,True,True,71,True,False,15426.26,14090.13,Medium
RISK000787,input_services,107013.15,18,Eligible,True,False,116,True,False,19262.37,6901.91,Medium
RISK000788,bank_charges,169048.38,18,Eligible,True,False,106,True,False,30428.71,6890.63,Medium
RISK000789,employee_travel,109352.43,5,Blocked,True,True,96,True,False,5467.62,15058.85,High
RISK000790,food_catering,192000,5,Blocked,True,True,0,True,True,9600.0,10000.0,Medium
RISK000791,input_services,198685.7,18,Eligible,True,False,0,True,False,35763.43,0.0,Low
RISK000792,purchase_goods,154418.85,18,Eligible,False,False,118,True,False,27795.39,7517.46,Medium
RISK000793,employee_travel,31365.6,5,Blocked,True,True,0,True,False,1568.28,10000.0,Medium
RISK000794,employee_travel,50346.45,5,Blocked,True,True,0,True,False,2517.32,10000.0,Medium
RISK000795,rent,146986.06,18,Eligible,False,False,23,True,False,26457.49,1450.09,Low
RISK000796,works_contract,115458.38,18,Blocked,False,False,39,True,False,20782.51,2349.71,Medium
RISK000797,motor_vehicle,16156.24,28,Blocked,True,True,45,True,False,4523.75,12350.39,Medium
RISK000798,exempt_non_gst,25000,exempt,Not Applicable,False,False,109,True,True,0.0,5450.0,Medium
RISK000799,sales_revenue,126622.63,18,Not Applicable,True,False,0,True,False,22792.07,0.0,Low
RISK000800,bank_charges,100729.12,18,Eligible,True,False,0,True,False,18131.24,0.0,Low
RISK000801,food_catering,150691.62,5,Blocked,True,True,0,True,False,7534.58,10000.0,Medium
RISK000802,input_services,26871.71,18,Eligible,True,False,7,True,False,4836.91,366.7,Low
RISK000803,motor_vehicle,100613.71,28,Blocked,False,False,0,True,False,28171.84,0.0,Low
RISK000804,food_catering,79366.1,5,Blocked,True,True,95,True,False,3968.3,14935.91,Medium
RISK000805,utilities,155465.99,18,Eligible,True,False,12,True,False,27983.88,765.6,Low
RISK000806,bank_charges,69987.42,18,Eligible,True,False,4,True,False,12597.74,224.85,Low
RISK000807,bank_charges,123000,18,Eligible,False,False,0,True,True,22140.0,0.0,Low
RISK000808,exempt_non_gst,47081.17,exempt,Not Applicable,True,False,0,True,False,0.0,0.0,Low
RISK000809,works_contract,11380.33,18,Blocked,False,False,112,True,False,2048.46,5713.14,Medium
RISK000810,bank_charges,138912.15,18,Eligible,True,False,0,True,False,25004.19,0.0,Low
RISK000811,club_membership,42769.13,18,Blocked,True,True,71,True,False,7698.44,13819.55,Medium
RISK000812,input_services,139166.69,18,Eligible,True,False,0,False,False,25050.0,500.0,Low
RISK000813,utilities,34478.77,18,Eligible,True,False,80,True,False,6206.18,4244.85,Medium
RISK000814,purchase_goods,13786.26,18,Eligible,True,False,117,True,False,2481.53,5993.18,Medium
RISK000815,purchase_goods,58852.87,18,Eligible,False,False,0,False,False,10593.52,500.0,Low
RISK000816,works_contract,20370.94,18,Blocked,True,True,69,True,False,3666.77,13574.77,Medium
RISK000817,food_catering,112357.16,5,Blocked,False,False,0,False,False,5617.86,500.0,Low
RISK000818,food_catering,78983.26,5,Blocked,True,True,0,True,False,3949.16,10000.0,Medium
RISK000819,rent,199200.89,18,Eligible,False,False,0,True,False,35856.16,0.0,Low
RISK000820,motor_vehicle,178135.22,28,Blocked,False,False,0,True,False,49877.86,0.0,Low
RISK000821,input_services,68686.34,18,Eligible,True,False,0,True,False,12363.54,0.0,Low
RISK000822,employee_insurance,122683.45,18,Blocked,True,True,0,True,False,22083.02,10000.0,Medium
RISK000823,utilities,181992.21,18,Eligible,True,False,0,True,False,32758.6,0.0,Low
RISK000824,club_membership,136967.7,18,Blocked,True,True,0,True,False,24654.19,10000.0,Medium
RISK000825,input_services,86297.83,18,Eligible,False,False,84,False,False,15533.61,5343.47,Medium
RISK000826,bank_charges,14028.9,18,Eligible,True,False,24,True,False,2525.2,1229.89,Low
RISK000827,works_contract,6381.93,18,Blocked,True,True,53,True,False,1148.75,12680.02,Medium
RISK000828,exempt_non_gst,178878.95,exempt,Not Applicable,False,False,0,True,False,0.0,0.0,Low
RISK000829,input_services,5726.55,18,Eligible,False,False,78,True,False,1030.78,3939.65,Medium
RISK000830,rent,46567.02,18,Eligible,True,False,0,True,False,8382.06,0.0,Low
RISK000831,exempt_non_gst,121140.0,exempt,Not Applicable,False,False,0,True,False,0.0,0.0,Low
RISK000832,input_services,33175.38,18,Eligible,True,False,0,False,False,5971.57,500.0,Low
RISK000833,motor_vehicle,44899.57,28,Blocked,True,True,0,True,False,12571.88,10000.0,Medium
RISK000834,food_catering,173492.24,5,Blocked,True,True,0,True,False,8674.61,10000.0,Medium
RISK000835,motor_vehicle,155354.84,28,Blocked,True,True,93,True,False,43499.36,16645.01,High
RISK000836,works_contract,114600.92,18,Blocked,True,True,91,True,False,20628.17,15475.72,High
RISK000837,food_catering,91651.63,5,Blocked,False,False,32,True,False,4582.58,1672.32,Low
RISK000838,works_contract,8330.7,18,Blocked,True,True,7,True,False,1499.53,10355.18,Medium
RISK000839,utilities,154848.56,18,Eligible,True,False,0,True,False,27872.74,0.0,Low
RISK000840,works_contract,103635.45,18,Blocked,True,True,58,True,False,18654.38,13433.57,Medium
RISK000841,input_services,155856.86,18,Eligible,False,False,18,True,False,28054.23,1149.03,Low
RISK000842,purchase_goods,36186.28,18,Eligible,True,False,26,False,False,6513.53,1883.52,Low
RISK000843,bank_charges,138497.63,18,Eligible,False,False,92,True,False,24929.57,5731.05,Medium
RISK000844,works_contract,90154.98,18,Blocked,True,True,0,True,False,16227.9,10000.0,Medium
RISK000845,club_membership,122608.47,18,Blocked,True,True,6,True,False,22069.52,10365.3,Medium
RISK000846,employee_travel,174325.43,5,Blocked,False,False,0,True,False,8716.27,0.0,Low
RISK000847,purchase_goods,84206.55,18,Eligible,True,False,58,True,False,15157.18,3333.54,Medium
RISK000848,input_services,192106.56,18,Eligible,True,False,2,True,False,34579.18,134.11,Low
RISK000849,club_membership,161587.19,18,Blocked,True,True,0,True,False,29085.69,10000.0,Medium
RISK000850,food_catering,82325.2,5,Blocked,True,True,32,False,False,4116.26,12164.96,Medium
RISK000851,employee_insurance,111730.96,18,Blocked,False,False,0,True,False,20111.57,0.0,Low
RISK000852,purchase_goods,29502.2,18,Eligible,True,False,78,True,False,5310.4,4104.27,Medium
RISK000853,purchase_goods,22223.09,18,Eligible,False,False,0,True,False,4000.16,0.0,Low
RISK000854,works_contract,119196.31,18,Blocked,False,False,0,True,False,21455.34,0.0,Low
RISK000855,purchase_goods,19000,18,Eligible,True,False,0,True,True,3420.0,0.0,Low
RISK000856,motor_vehicle,168740.27,28,Blocked,True,True,0,True,False,47247.28,10000.0,Medium
RISK000857,bank_charges,105647.02,18,Eligible,True,False,79,True,False,19016.46,4690.86,Medium
RISK000858,employee_insurance,106024.85,18,Blocked,True,True,78,False,False,19084.47,15134.1,High
RISK000859,utilities,85697.19,18,Eligible,False,False,0,True,False,15425.49,0.0,Low
RISK000860,input_services,123050.85,18,Eligible,True,False,64,True,False,22149.15,3899.06,Medium
RISK000861,employee_travel,46927.97,5,Blocked,True,True,0,True,False,2346.4,10000.0,Medium
RISK000862,sales_revenue,24026.18,18,Not Applicable,False,False,54,True,False,4324.71,2815.17,Medium
RISK000863,club_membership,161305.68,18,Blocked,True,True,89,True,False,29035.02,15724.36,High
RISK000864,utilities,60406.66,18,Eligible,True,False,15,True,False,10873.2,830.43,Low
RISK000865,works_contract,113999.85,18,Blocked,False,False,25,True,False,20519.97,1502.99,Low
RISK000866,employee_insurance,96082.1,18,Blocked,True,True,0,True,False,17294.78,10000.0,Medium
RISK000867,food_catering,178465.64,5,Blocked,True,True,0,True,False,8923.28,10000.0,Medium
RISK000868,works_contract,11676.45,18,Blocked,True,True,87,True,False,2101.76,14440.17,Medium
RISK000869,rent,115690.83,18,Eligible,True,False,102,True,False,20824.35,6147.49,Medium
RISK000870,utilities,168227.46,18,Eligible,True,False,0,True,False,30280.94,0.0,Low
RISK000871,employee_travel,78218.47,5,Blocked,True,True,97,True,False,3910.92,15037.08,High
RISK000872,works_contract,6809.83,18,Blocked,True,True,0,True,False,1225.77,10000.0,Medium
RISK000873,utilities,43619.91,18,Eligible,True,False,0,True,False,7851.58,0.0,Low
RISK000874,capital_goods,89032.93,18,Eligible,True,False,0,True,False,16025.93,0.0,Low
RISK000875,food_catering,146621.99,5,Blocked,True,True,19,True,False,7331.1,11018.69,Medium
RISK000876,club_membership,135505.1,18,Blocked,True,True,59,True,False,24390.92,13659.68,Medium
RISK000877,capital_goods,1319.92,18,Eligible,False,False,77,True,False,237.59,3859.02,Medium
RISK000878,purchase_goods,21069.01,18,Eligible,False,False,3,True,False,3792.42,155.61,Low
RISK000879,rent,64515.63,18,Eligible,True,False,0,True,False,11612.81,0.0,Low
RISK000880,capital_goods,54894.51,18,Eligible,True,False,0,False,False,9881.01,500.0,Low
RISK000881,capital_goods,41712.19,18,Eligible,True,False,0,True,False,7508.19,0.0,Low
RISK000882,utilities,115029.55,18,Eligible,True,False,0,False,False,20705.32,500.0,Low
RISK000883,purchase_goods,26449.76,18,Eligible,True,False,14,True,False,4760.96,732.87,Low
RISK000884,motor_vehicle,36207.11,28,Blocked,True,True,108,True,False,10137.99,15939.95,High
RISK000885,bank_charges,63000,18,Eligible,False,False,86,True,True,11340.0,4780.94,Medium
RISK000886,sales_revenue,153003.44,18,Not Applicable,True,False,0,True,False,27540.62,0.0,Low
RISK000887,capital_goods,91389.04,18,Eligible,True,False,60,True,False,16450.03,3486.74,Medium
RISK000888,input_services,172288.71,18,Eligible,True,False,51,True,False,31011.97,3329.97,Medium
RISK000889,bank_charges,157861.35,18,Eligible,False,False,0,True,False,28415.04,0.0,Low
RISK000890,bank_charges,95991.09,18,Eligible,False,False,0,True,False,17278.4,0.0,Low
RISK000891,club_membership,21000,18,Blocked,False,False,42,True,True,3780.0,2178.29,Medium
RISK000892,utilities,106782.74,18,Eligible,True,False,0,True,False,19220.89,0.0,Low
RISK000893,food_catering,77071.38,5,Blocked,True,True,76,True,False,3853.57,13944.43,Medium
RISK000894,employee_travel,158000,5,Blocked,True,True,0,True,True,7900.0,10000.0,Medium
RISK000895,works_contract,115050.56,18,Blocked,True,True,60,True,False,20709.1,13612.76,Medium
RISK000896,food_catering,35646.71,5,Blocked,False,False,0,True,False,1782.34,0.0,Low
RISK000897,sales_revenue,164063.21,18,Not Applicable,True,False,8,True,False,29531.38,516.51,Low
RISK000898,employee_travel,180699.57,5,Blocked,True,True,0,True,False,9034.98,10000.0,Medium
RISK000899,club_membership,58654.9,18,Blocked,True,True,0,True,False,10557.88,10000.0,Medium
RISK000900,utilities,114270.14,18,Eligible,False,False,0,False,False,20568.63,500.0,Low
RISK000901,bank_charges,198062.71,18,Eligible,True,False,66,True,False,35651.29,4460.38,Medium
RISK000902,utilities,12950.91,18,Eligible,False,False,1,True,False,2331.16,51.15,Low
RISK000903,bank_charges,22384.81,18,Eligible,True,False,0,True,False,4029.27,0.0,Low
RISK000904,employee_insurance,63966.4,18,Blocked,True,True,0,True,False,11513.95,10000.0,Medium
RISK000905,food_catering,28244.24,5,Blocked,True,True,47,True,False,1412.21,12382.73,Medium
RISK000906,exempt_non_gst,134178.18,exempt,Not Applicable,True,False,0,True,False,0.0,0.0,Low
RISK000907,food_catering,131756.38,5,Blocked,False,False,0,True,False,6587.82,0.0,Low
RISK000908,exempt_non_gst,91477.72,exempt,Not Applicable,False,False,55,True,False,0.0,2750.0,Medium
RISK000909,motor_vehicle,110633.98,28,Blocked,True,True,0,True,False,30977.51,10000.0,Medium
RISK000910,employee_travel,99882.31,5,Blocked,False,False,35,True,False,4994.12,1836.2,Low
RISK000911,bank_charges,7175.64,18,Eligible,True,False,0,True,False,1291.62,0.0,Low
RISK000912,works_contract,16472.59,18,Blocked,False,False,0,True,False,2965.07,0.0,Low
RISK000913,utilities,93254.8,18,Eligible,True,False,12,True,False,16785.86,699.34,Low
RISK000914,employee_insurance,192102.0,18,Blocked,True,True,103,True,False,34578.36,16906.39,High
RISK000915,bank_charges,107239.14,18,Eligible,True,False,0,False,False,19303.05,500.0,Low
RISK000916,bank_charges,84492.71,18,Eligible,False,False,38,True,False,15208.69,2185.01,Medium
RISK000917,employee_travel,150010.34,5,Blocked,False,False,8,True,False,7500.52,429.59,Low
RISK000918,employee_travel,10798.17,5,Blocked,False,False,80,True,False,539.91,4021.3,Medium
RISK000919,input_services,101366.42,18,Eligible,False,False,0,True,False,18245.96,0.0,Low
RISK000920,exempt_non_gst,51762.67,exempt,Not Applicable,False,False,117,True,False,0.0,5850.0,Medium
RISK000921,food_catering,74268.48,5,Blocked,True,True,31,True,False,3713.42,11606.77,Medium
RISK000922,exempt_non_gst,7101.56,exempt,Not Applicable,False,False,77,False,False,0.0,4350.0,Medium
RISK000923,food_catering,150675.88,5,Blocked,True,True,0,True,False,7533.79,10000.0,Medium
RISK000924,input_services,42565.92,18,Eligible,False,False,0,True,False,7661.87,0.0,Low
RISK000925,capital_goods,10978.38,18,Eligible,True,False,0,True,False,1976.11,0.0,Low
RISK000926,club_membership,47115.43,18,Blocked,True,True,0,True,False,8480.78,10000.0,Medium
RISK000927,motor_vehicle,2866.68,28,Blocked,False,False,0,True,False,802.67,0.0,Low
RISK000928,employee_insurance,191196.21,18,Blocked,True,True,0,True,False,34415.32,10000.0,Medium
RISK000929,employee_travel,183649.38,5,Blocked,False,False,0,True,False,9182.47,0.0,Low
RISK000930,employee_insurance,117043.28,18,Blocked,True,True,31,True,False,21067.79,11872.08,Medium
RISK000931,rent,104230.49,18,Eligible,True,False,41,True,False,18761.49,2429.34,Medium
RISK000932,exempt_non_gst,14056.42,exempt,Not Applicable,True,False,0,True,False,0.0,0.0,Low
RISK000933,works_contract,57017.76,18,Blocked,True,True,0,True,False,10263.2,10000.0,Medium
RISK000934,employee_insurance,178846.41,18,Blocked,True,True,16,True,False,32192.35,11054.01,Medium
RISK000935,exempt_non_gst,121134.81,exempt,Not Applicable,True,False,83,True,False,0.0,4150.0,Medium
RISK000936,capital_goods,139282.9,18,Eligible,True,False,0,False,False,25070.92,500.0,Low
RISK000937,utilities,153987.15,18,Eligible,True,False,99,True,False,27717.69,6303.23,Medium
RISK000938,capital_goods,55818.85,18,Eligible,True,False,0,False,False,10047.39,500.0,Low
RISK000939,exempt_non_gst,53300.64,exempt,Not Applicable,True,False,0,False,False,0.0,500.0,Low
RISK000940,input_services,129273.89,18,Eligible,True,False,0,True,False,23269.3,0.0,Low
RISK000941,capital_goods,182565.54,18,Eligible,False,False,0,True,False,32861.8,0.0,Low
RISK000942,utilities,156000,18,Eligible,True,False,0,True,True,28080.0,0.0,Low
RISK000943,purchase_goods,133000,18,Eligible,True,False,116,True,True,23940.0,7169.5,Medium
RISK000944,works_contract,188012.26,18,Blocked,True,True,0,True,False,33842.21,10000.0,Medium
RISK000945,sales_revenue,14484.89,18,Not Applicable,True,False,0,True,False,2607.28,0.0,Low
RISK000946,capital_goods,113665.16,18,Eligible,False,False,0,True,False,20459.73,0.0,Low
RISK000947,employee_insurance,199404.65,18,Blocked,True,True,0,True,False,35892.84,10000.0,Medium
RISK000948,exempt_non_gst,92198.05,exempt,Not Applicable,False,False,23,True,False,0.0,1150.0,Low
RISK000949,employee_insurance,38605.13,18,Blocked,True,True,81,True,False,6948.92,14327.58,Medium
RISK000950,employee_insurance,87877.76,18,Blocked,True,True,0,True,False,15818.0,10000.0,Medium
RISK000951,rent,98101.89,18,Eligible,True,False,0,True,False,17658.34,0.0,Low
RISK000952,exempt_non_gst,162449.73,exempt,Not Applicable,False,False,0,True,False,0.0,0.0,Low
RISK000953,works_contract,9041.5,18,Blocked,True,True,86,True,False,1627.47,14369.02,Medium
RISK000954,exempt_non_gst,174913.95,exempt,Not Applicable,True,False,119,True,False,0.0,5950.0,Medium
RISK000955,food_catering,130939.39,5,Blocked,True,True,6,True,False,6546.97,10319.37,Medium
RISK000956,purchase_goods,34863.68,18,Eligible,True,False,0,True,False,6275.46,0.0,Low
RISK000957,input_services,167152.76,18,Eligible,True,False,15,True,False,30087.5,972.57,Low
RISK000958,rent,13090.47,18,Eligible,True,False,0,True,False,2356.28,0.0,Low
RISK000959,motor_vehicle,65184.87,28,Blocked,False,False,18,True,False,18251.76,1062.02,Low
RISK000960,rent,152963.46,18,Eligible,True,False,0,True,False,27533.42,0.0,Low
RISK000961,motor_vehicle,34026.15,28,Blocked,True,True,0,True,False,9527.32,10000.0,Medium
RISK000962,input_services,20443.59,18,Eligible,False,False,100,True,False,3679.85,5181.47,Medium
RISK000963,capital_goods,1766.74,18,Eligible,True,False,0,True,False,318.01,0.0,Low
RISK000964,motor_vehicle,138853.95,28,Blocked,False,False,0,True,False,38879.11,0.0,Low
RISK000965,utilities,104855.83,18,Eligible,True,False,79,True,False,18874.05,4685.31,Medium
RISK000966,works_contract,100227.58,18,Blocked,False,False,101,True,False,18040.96,5948.59,Medium
RISK000967,club_membership,47509.98,18,Blocked,True,True,0,True,False,8551.8,10000.0,Medium
RISK000968,sales_revenue,197363.03,18,Not Applicable,True,False,0,True,False,35525.35,0.0,Low
RISK000969,purchase_goods,39146.94,18,Eligible,False,False,117,True,False,7046.45,6256.57,Medium
RISK000970,employee_insurance,184573.27,18,Blocked,True,True,0,True,False,33223.19,10000.0,Medium
RISK000971,employee_travel,161128.16,5,Blocked,False,False,0,True,False,8056.41,0.0,Low
RISK000972,input_services,32030.1,18,Eligible,True,False,0,True,False,5765.42,0.0,Low
RISK000973,food_catering,118744.98,5,Blocked,True,True,0,True,False,5937.25,10000.0,Medium
RISK000974,sales_revenue,22471.51,18,Not Applicable,True,False,0,True,False,4044.87,0.0,Low
RISK000975,rent,15169.18,18,Eligible,True,False,0,True,False,2730.45,0.0,Low
RISK000976,employee_travel,91270.68,5,Blocked,True,True,0,True,False,4563.53,10000.0,Medium
RISK000977,utilities,40841.07,18,Eligible,True,False,8,True,False,7351.39,429.0,Low
RISK000978,food_catering,91986.5,5,Blocked,True,True,0,False,False,4599.32,10500.0,Medium
RISK000979,sales_revenue,159015.8,18,Not Applicable,False,False,74,False,False,28622.84,5244.54,Medium
RISK000980,capital_goods,82633.38,18,Eligible,True,False,28,True,False,14874.01,1605.38,Low
RISK000981,utilities,3393.52,18,Eligible,True,False,32,True,False,610.83,1609.64,Low
RISK000982,employee_travel,189000,5,Blocked,False,False,54,False,True,9450.0,3451.65,Medium
RISK000983,food_catering,146828.52,5,Blocked,True,True,0,True,False,7341.43,10000.0,Medium
RISK000984,works_contract,164000,18,Blocked,True,True,0,True,True,29520.0,10000.0,Medium
RISK000985,works_contract,81620.31,18,Blocked,True,True,0,True,False,14691.66,10000.0,Medium
RISK000986,purchase_goods,96216.7,18,Eligible,True,False,110,True,False,17319.01,6439.5,Medium
RISK000987,food_catering,93020.25,5,Blocked,True,True,24,True,False,4651.01,11255.05,Medium
RISK000988,food_catering,140928.46,5,Blocked,True,True,50,False,False,7046.42,13173.75,Medium
RISK000989,purchase_goods,59669.7,18,Eligible,False,False,79,True,False,10740.55,4368.44,Medium
RISK000990,sales_revenue,137090.7,18,Not Applicable,True,False,0,False,False,24676.33,500.0,Low
RISK000991,employee_insurance,73000,18,Blocked,True,True,0,True,True,13140.0,10000.0,Medium
RISK000992,bank_charges,35465.85,18,Eligible,True,False,0,True,False,6383.85,0.0,Low
RISK000993,bank_charges,48107.22,18,Eligible,True,False,0,False,False,8659.3,500.0,Low
RISK000994,works_contract,42353.9,18,Blocked,False,False,0,True,False,7623.7,0.0,Low
RISK000995,employee_insurance,84874.36,18,Blocked,True,True,0,True,False,15277.38,10000.0,Medium
RISK000996,exempt_non_gst,24980.53,exempt,Not Applicable,False,False,69,False,False,0.0,3950.0,Medium
RISK000997,bank_charges,160080.82,18,Eligible,False,False,114,True,False,28814.55,7319.93,Medium
RISK000998,food_catering,18000,5,Blocked,True,True,0,False,True,900.0,10500.0,Medium
RISK000999,input_services,55550.58,18,Eligible,True,False,0,True,False,9999.1,0.0,Low
RISK001000,employee_insurance,5026.71,18,Blocked,True,True,120,True,False,904.81,16053.54,High
RISK001001,food_catering,147672.99,5,Blocked,True,True,0,True,False,7383.65,10000.0,Medium
RISK001002,exempt_non_gst,189516.02,exempt,Not Applicable,True,False,0,True,False,0.0,0.0,Low
RISK001003,bank_charges,97486.6,18,Eligible,True,False,0,True,False,17547.59,0.0,Low
RISK001004,employee_travel,26824.87,5,Blocked,False,False,0,True,False,1341.24,0.0,Low
RISK001005,utilities,154065.07,18,Eligible,True,False,0,True,False,27731.71,0.0,Low
RISK001006,input_services,142506.53,18,Eligible,True,False,108,True,False,25651.18,6766.19,Medium
RISK001007,sales_revenue,31120.22,18,Not Applicable,True,False,0,True,False,5601.64,0.0,Low
RISK001008,utilities,74249.59,18,Eligible,True,False,86,True,False,13364.93,4866.82,Medium
RISK001009,bank_charges,90000,18,Eligible,False,False,0,True,True,16200.0,0.0,Low
RISK001010,food_catering,153819.37,5,Blocked,False,False,20,True,False,7690.97,1075.86,Low
RISK001011,club_membership,66590.49,18,Blocked,False,False,0,True,False,11986.29,0.0,Low
RISK001012,employee_travel,133544.1,5,Blocked,False,False,119,True,False,6677.2,6341.85,Medium
RISK001013,works_contract,96056.76,18,Blocked,True,True,15,True,False,17290.22,10877.9,Medium
RISK001014,exempt_non_gst,44462.78,exempt,Not Applicable,True,False,0,True,False,0.0,0.0,Low
RISK001015,club_membership,44817.7,18,Blocked,False,False,0,True,False,8067.19,0.0,Low
RISK001016,food_catering,135574.15,5,Blocked,False,False,51,True,False,6778.71,2720.49,Medium
RISK001017,employee_travel,102555.39,5,Blocked,True,True,51,True,False,5127.77,12678.97,Medium
RISK001018,bank_charges,77529.47,18,Eligible,True,False,0,True,False,13955.3,0.0,Low
RISK001019,club_membership,17975.93,18,Blocked,False,False,0,False,False,3235.67,500.0,Low
RISK001020,utilities,33176.17,18,Eligible,False,False,94,False,False,5971.71,5476.83,Medium
RISK001021,employee_travel,119788.17,5,Blocked,True,True,0,False,False,5989.41,10500.0,Medium
RISK001022,bank_charges,13690.1,18,Eligible,False,False,12,True,False,2464.22,614.58,Low
RISK001023,utilities,83195.55,18,Eligible,True,False,97,False,False,14975.2,6066.35,Medium
RISK001024,exempt_non_gst,76663.02,exempt,Not Applicable,True,False,0,True,False,0.0,0.0,Low
RISK001025,utilities,99073.05,18,Eligible,False,False,0,True,False,17833.15,0.0,Low
RISK001026,utilities,191227.31,18,Eligible,False,False,0,True,False,34420.92,0.0,Low
RISK001027,motor_vehicle,36284.78,28,Blocked,False,False,4,True,False,10159.74,220.04,Low
RISK001028,capital_goods,119978.82,18,Eligible,True,False,0,True,False,21596.19,0.0,Low
RISK001029,employee_insurance,95470.12,18,Blocked,True,True,0,True,False,17184.62,10000.0,Medium
RISK001030,exempt_non_gst,52277.67,exempt,Not Applicable,True,False,0,True,False,0.0,0.0,Low
RISK001031,bank_charges,33080.12,18,Eligible,True,False,0,False,False,5954.42,500.0,Low
RISK001032,utilities,58686.99,18,Eligible,True,False,0,True,False,10563.66,0.0,Low
RISK001033,sales_revenue,19354.48,18,Not Applicable,False,False,0,True,False,3483.81,0.0,Low
RISK001034,employee_insurance,160075.5,18,Blocked,True,True,47,True,False,28813.59,13017.84,Medium
RISK001035,exempt_non_gst,29171.64,exempt,Not Applicable,True,False,0,True,False,0.0,0.0,Low
RISK001036,input_services,20932.36,18,Eligible,True,False,0,True,False,3767.82,0.0,Low
RISK001037,employee_travel,138085.74,5,Blocked,False,False,92,True,False,6904.29,4913.25,Medium
RISK001038,capital_goods,84000,18,Eligible,False,False,0,True,True,15120.0,0.0,Low
RISK001039,bank_charges,62658.91,18,Eligible,True,False,114,False,False,11278.6,6834.07,Medium
RISK001040,bank_charges,34855.33,18,Eligible,True,False,16,True,False,6273.96,849.5,Low
RISK001041,input_services,137765.41,18,Eligible,True,False,0,False,False,24797.77,500.0,Low
RISK001042,sales_revenue,156913.93,18,Not Applicable,True,False,97,True,False,28244.51,6201.09,Medium
RISK001043,purchase_goods,158714.51,18,Eligible,True,False,0,True,False,28568.61,0.0,Low
RISK001044,capital_goods,60678.34,18,Eligible,True,False,0,True,False,10922.1,0.0,Low
RISK001045,employee_travel,180284.39,5,Blocked,True,True,0,True,False,9014.22,10000.0,Medium
RISK001046,utilities,189783.93,18,Eligible,True,False,0,True,False,34161.11,0.0,Low
RISK001047,rent,101229.39,18,Eligible,True,False,98,True,False,18221.29,5780.61,Medium
RISK001048,rent,192870.63,18,Eligible,True,False,1,False,False,34716.71,567.12,Low
RISK001049,rent,184135.2,18,Eligible,False,False,0,True,False,33144.34,0.0,Low
RISK001050,employee_insurance,191570.67,18,Blocked,True,True,0,True,False,34482.72,10000.0,Medium
RISK001051,rent,81811.81,18,Eligible,False,False,0,True,False,14726.13,0.0,Low
RISK001052,food_catering,152573.6,5,Blocked,False,False,6,True,False,7628.68,322.57,Low
RISK001053,motor_vehicle,57080.48,28,Blocked,True,True,0,False,False,15982.53,10500.0,Medium
RISK001054,club_membership,81752.8,18,Blocked,False,False,0,True,False,14715.5,0.0,Low
RISK001055,sales_revenue,95397.52,18,Not Applicable,True,False,0,False,False,17171.55,500.0,Low
RISK001056,capital_goods,79575.77,18,Eligible,True,False,16,True,False,14323.64,913.02,Low
RISK001057,employee_travel,195525.39,5,Blocked,False,False,22,True,False,9776.27,1206.07,Low
RISK001058,bank_charges,40452.57,18,Eligible,False,False,0,True,False,7281.46,0.0,Low
RISK001059,food_catering,56064.41,5,Blocked,False,False,35,True,False,2803.22,1798.38,Low
RISK001060,motor_vehicle,71541.41,28,Blocked,True,True,63,True,False,20031.59,13772.35,Medium
RISK001061,food_catering,22053.32,5,Blocked,True,True,0,True,False,1102.67,10000.0,Medium
RISK001062,capital_goods,147690.77,18,Eligible,False,False,0,True,False,26584.34,0.0,Low
RISK001063,employee_travel,136001.27,5,Blocked,True,True,13,True,False,6800.06,10693.59,Medium
RISK001064,club_membership,153630.64,18,Blocked,False,False,0,True,False,27653.52,0.0,Low
RISK001065,utilities,108716.4,18,Eligible,False,False,0,True,False,19568.95,0.0,Low
RISK001066,motor_vehicle,176085.07,28,Blocked,True,True,0,True,False,49303.82,10000.0,Medium
RISK001067,purchase_goods,7055.53,18,Eligible,True,False,39,False,False,1270.0,2474.43,Medium
RISK001068,motor_vehicle,27330.4,28,Blocked,False,False,0,True,False,7652.51,0.0,Low
RISK001069,employee_insurance,110979.89,18,Blocked,True,True,0,True,False,19976.38,10000.0,Medium
RISK001070,purchase_goods,78581.27,18,Eligible,True,False,79,True,False,14144.63,4501.06,Medium
RISK001071,utilities,64436.32,18,Eligible,True,False,0,True,False,11598.54,0.0,Low
RISK001072,works_contract,117001.41,18,Blocked,False,False,49,True,False,21060.25,2958.91,Medium
RISK001073,bank_charges,82679.96,18,Eligible,True,False,0,True,False,14882.39,0.0,Low
RISK001074,capital_goods,182000,18,Eligible,True,False,0,True,True,32760.0,0.0,Low
RISK001075,bank_charges,7956.84,18,Eligible,True,False,0,True,False,1432.23,0.0,Low
RISK001076,purchase_goods,139343.72,18,Eligible,True,False,49,True,False,25081.87,3056.09,Medium
RISK001077,capital_goods,161761.15,18,Eligible,True,False,44,True,False,29117.01,2831.8,Medium
RISK001078,employee_insurance,68238.12,18,Blocked,True,True,0,True,False,12282.86,10000.0,Medium
RISK001079,exempt_non_gst,195000,exempt,Not Applicable,True,False,28,True,True,0.0,1400.0,Low
RISK001080,employee_travel,80704.46,5,Blocked,True,True,12,True,False,4035.22,10623.88,Medium
RISK001081,employee_travel,67699.19,5,Blocked,True,True,61,True,False,3384.96,13151.83,Medium
RISK001082,capital_goods,130481.59,18,Eligible,True,False,56,True,False,23486.69,3448.62,Medium
RISK001083,motor_vehicle,80759.04,28,Blocked,True,True,0,True,False,22612.53,10000.0,Medium
RISK001084,purchase_goods,125754.87,18,Eligible,True,False,0,True,False,22635.88,0.0,Low
RISK001085,exempt_non_gst,148570.5,exempt,Not Applicable,True,False,69,True,False,0.0,3450.0,Medium
RISK001086,motor_vehicle,186959.87,28,Blocked,False,False,0,True,False,52348.76,0.0,Low
RISK001087,rent,30519.29,18,Eligible,True,False,0,True,False,5493.47,0.0,Low
RISK001088,exempt_non_gst,182271.99,exempt,Not Applicable,True,False,35,True,False,0.0,1750.0,Low
RISK001089,utilities,138000,18,Eligible,True,False,0,True,True,24840.0,0.0,Low
RISK001090,sales_revenue,165532.15,18,Not Applicable,True,False,56,True,False,29795.79,3622.85,Medium
RISK001091,rent,32292.02,18,Eligible,True,False,0,True,False,5812.56,0.0,Low
RISK001092,input_services,129036.62,18,Eligible,True,False,101,True,False,23226.59,6206.88,Medium
RISK001093,capital_goods,63124.0,18,Eligible,True,False,0,False,False,11362.32,500.0,Low
RISK001094,employee_insurance,131657.41,18,Blocked,True,True,93,True,False,23698.33,15736.88,High
RISK001095,employee_travel,147028.84,5,Blocked,False,False,0,True,False,7351.44,0.0,Low
RISK001096,club_membership,50735.71,18,Blocked,False,False,0,True,False,9132.43,0.0,Low
RISK001097,bank_charges,166550.67,18,Eligible,False,False,96,True,False,29979.12,6219.29,Medium
RISK001098,input_services,21809.4,18,Eligible,True,False,0,True,False,3925.69,0.0,Low
RISK001099,purchase_goods,98326.54,18,Eligible,True,False,41,True,False,17698.78,2407.85,Medium
RISK001100,rent,192681.41,18,Eligible,False,False,47,True,False,34682.65,3153.88,Medium
RISK001101,utilities,4704.3,18,Eligible,False,False,108,True,False,846.77,5445.1,Medium
RISK001102,purchase_goods,138291.15,18,Eligible,False,False,0,True,False,24892.41,0.0,Low
RISK001103,works_contract,72889.59,18,Blocked,False,False,0,True,False,13120.13,0.0,Low
RISK001104,motor_vehicle,2069.29,28,Blocked,False,False,118,True,False,579.4,5933.72,Medium
RISK001105,exempt_non_gst,151455.25,exempt,Not Applicable,True,False,21,False,False,0.0,1550.0,Low
RISK001106,sales_revenue,153464.81,18,Not Applicable,True,False,0,True,False,27623.67,0.0,Low
RISK001107,food_catering,94482.71,5,Blocked,True,True,92,True,False,4724.14,14814.33,Medium
RISK001108,capital_goods,164967.97,18,Eligible,True,False,0,True,False,29694.23,0.0,Low
RISK001109,exempt_non_gst,109771.68,exempt,Not Applicable,True,False,98,True,False,0.0,4900.0,Medium
RISK001110,employee_insurance,88959.29,18,Blocked,True,True,0,True,False,16012.67,10000.0,Medium
RISK001111,employee_travel,16905.29,5,Blocked,True,True,0,False,False,845.26,10500.0,Medium
RISK001112,sales_revenue,26453.54,18,Not Applicable,True,False,0,False,False,4761.64,500.0,Low
RISK001113,exempt_non_gst,147166.84,exempt,Not Applicable,True,False,106,True,False,0.0,5300.0,Medium
RISK001114,capital_goods,83192.04,18,Eligible,True,False,107,False,False,14974.57,6640.16,Medium
RISK001115,purchase_goods,184660.91,18,Eligible,True,False,117,True,False,33238.96,7767.84,Medium
RISK001116,utilities,140401.6,18,Eligible,True,False,0,True,False,25272.29,0.0,Low
RISK001117,capital_goods,191627.56,18,Eligible,True,False,2,True,False,34492.96,134.02,Low
RISK001118,food_catering,165537.86,5,Blocked,True,True,0,True,False,8276.89,10000.0,Medium
RISK001119,exempt_non_gst,156533.33,exempt,Not Applicable,True,False,0,True,False,0.0,0.0,Low
RISK001120,employee_travel,43505.54,5,Blocked,False,False,25,True,False,2175.28,1276.82,Low
RISK001121,input_services,6240.24,18,Eligible,False,False,0,True,False,1123.24,0.0,Low
RISK001122,employee_travel,137011.28,5,Blocked,True,True,0,True,False,6850.56,10000.0,Medium
RISK001123,works_contract,79812.17,18,Blocked,True,True,0,True,False,14366.19,10000.0,Medium
RISK001124,capital_goods,19508.24,18,Eligible,True,False,0,True,False,3511.48,0.0,Low
RISK001125,employee_travel,188000,5,Blocked,False,False,96,True,True,9400.0,5245.02,Medium
RISK001126,club_membership,124121.75,18,Blocked,True,True,0,True,False,22341.92,10000.0,Medium
RISK001127,club_membership,8704.44,18,Blocked,True,True,0,True,False,1566.8,10000.0,Medium
RISK001128,food_catering,26817.95,5,Blocked,True,True,0,True,False,1340.9,10000.0,Medium
RISK001129,purchase_goods,195714.06,18,Eligible,True,False,36,True,False,35228.53,2425.43,Medium
RISK001130,utilities,180607.14,18,Eligible,True,False,119,True,False,32509.29,7857.81,Medium
RISK001131,input_services,63450.81,18,Eligible,False,False,20,True,False,11421.15,1112.65,Low
RISK001132,employee_insurance,160000,18,Blocked,True,True,0,True,True,28800.0,10000.0,Medium
RISK001133,utilities,33129.21,18,Eligible,True,False,0,False,False,5963.26,500.0,Low
RISK001134,food_catering,71625.76,5,Blocked,False,False,0,True,False,3581.29,0.0,Low
RISK001135,exempt_non_gst,30036.71,exempt,Not Applicable,True,False,0,True,False,0.0,0.0,Low
RISK001136,works_contract,101993.18,18,Blocked,True,True,75,True,False,18358.77,14429.02,Medium
RISK001137,purchase_goods,105440.07,18,Eligible,True,False,0,True,False,18979.21,0.0,Low
RISK001138,employee_insurance,19313.89,18,Blocked,True,True,0,False,False,3476.5,10500.0,Medium
RISK001139,bank_charges,118272.53,18,Eligible,False,False,20,True,False,21289.06,1209.97,Low
RISK001140,works_contract,132078.09,18,Blocked,True,True,77,True,False,23774.06,14752.76,Medium
RISK001141,purchase_goods,131406.47,18,Eligible,False,False,0,True,False,23653.16,0.0,Low
RISK001142,sales_revenue,114047.11,18,Not Applicable,True,False,0,True,False,20528.48,0.0,Low
RISK001143,purchase_goods,148888.1,18,Eligible,True,False,12,True,False,26799.86,758.6,Low
RISK001144,sales_revenue,173170.34,18,Not Applicable,True,False,21,True,False,31170.66,1372.81,Low
RISK001145,employee_insurance,150635.43,18,Blocked,True,True,0,True,False,27114.38,10000.0,Medium
RISK001146,sales_revenue,184379.11,18,Not Applicable,False,False,46,True,False,33188.24,3052.87,Medium
RISK001147,club_membership,40374.32,18,Blocked,True,True,0,True,False,7267.38,10000.0,Medium
RISK001148,capital_goods,151419.88,18,Eligible,False,False,56,True,False,27255.58,3552.7,Medium
RISK001149,club_membership,68678.1,18,Blocked,True,True,0,True,False,12362.06,10000.0,Medium
RISK001150,food_catering,106000,5,Blocked,True,True,0,True,True,5300.0,10000.0,Medium
RISK001151,sales_revenue,95783.47,18,Not Applicable,True,False,0,False,False,17241.02,500.0,Low
RISK001152,club_membership,85832.5,18,Blocked,True,True,118,True,False,15449.85,16799.05,High
RISK001153,motor_vehicle,82897.37,28,Blocked,True,True,105,True,False,23211.26,16451.9,High
RISK001154,capital_goods,153845.03,18,Eligible,True,False,60,True,False,27692.11,3819.38,Medium
RISK001155,motor_vehicle,9529.11,28,Blocked,True,True,41,True,False,2668.15,12103.95,Medium
RISK001156,employee_insurance,90264.61,18,Blocked,False,False,0,False,False,16247.63,500.0,Low
RISK001157,rent,37424.93,18,Eligible,False,False,112,True,False,6736.49,5972.08,Medium
RISK001158,purchase_goods,1666.49,18,Eligible,True,False,0,True,False,299.97,0.0,Low
RISK001159,exempt_non_gst,131714.56,exempt,Not Applicable,False,False,39,True,False,0.0,1950.0,Low
RISK001160,bank_charges,138287.13,18,Eligible,False,False,103,True,False,24891.68,6414.36,Medium
RISK001161,purchase_goods,38565.02,18,Eligible,False,False,25,True,False,6941.7,1335.58,Low
RISK001162,employee_insurance,29458.26,18,Blocked,True,True,110,True,False,5302.49,15787.64,High
RISK001163,utilities,154059.37,18,Eligible,True,False,0,True,False,27730.69,0.0,Low
RISK001164,works_contract,140668.32,18,Blocked,False,False,0,True,False,25320.3,0.0,Low
RISK001165,rent,59318.87,18,Eligible,False,False,0,True,False,10677.4,0.0,Low
RISK001166,exempt_non_gst,142762.02,exempt,Not Applicable,False,False,95,True,False,0.0,4750.0,Medium
RISK001167,utilities,7884.93,18,Eligible,True,False,0,True,False,1419.29,0.0,Low
RISK001168,exempt_non_gst,173593.02,exempt,Not Applicable,True,False,0,True,False,0.0,0.0,Low
RISK001169,club_membership,13170.36,18,Blocked,False,False,0,True,False,2370.66,0.0,Low
RISK001170,employee_insurance,69679.44,18,Blocked,True,True,0,True,False,12542.3,10000.0,Medium
RISK001171,bank_charges,87903.08,18,Eligible,True,False,88,True,False,15822.55,5086.66,Medium
RISK001172,exempt_non_gst,143182.23,exempt,Not Applicable,True,False,93,True,False,0.0,4650.0,Medium
RISK001173,exempt_non_gst,188268.8,exempt,Not Applicable,True,False,0,True,False,0.0,0.0,Low
RISK001174,input_services,124557.55,18,Eligible,True,False,86,True,False,22420.36,5250.87,Medium
RISK001175,input_services,121346.93,18,Eligible,True,False,0,False,False,21842.45,500.0,Low
RISK001176,rent,111587.69,18,Eligible,False,False,0,True,False,20085.78,0.0,Low
RISK001177,input_services,165675.76,18,Eligible,False,False,0,True,False,29821.64,0.0,Low
RISK001178,employee_travel,45724.71,5,Blocked,True,True,0,False,False,2286.24,10500.0,Medium
RISK001179,sales_revenue,9811.93,18,Not Applicable,False,False,0,True,False,1766.15,0.0,Low
RISK001180,club_membership,121055.75,18,Blocked,True,True,0,False,False,21790.03,10500.0,Medium
RISK001181,exempt_non_gst,151274.99,exempt,Not Applicable,False,False,79,True,False,0.0,3950.0,Medium
RISK001182,exempt_non_gst,112713.34,exempt,Not Applicable,True,False,0,True,False,0.0,0.0,Low
RISK001183,bank_charges,31827.99,18,Eligible,True,False,0,True,False,5729.04,0.0,Low
RISK001184,capital_goods,31282.0,18,Eligible,True,False,16,True,False,5630.76,844.43,Low
RISK001185,motor_vehicle,153959.25,28,Blocked,True,True,61,True,False,43108.59,14346.8,Medium
RISK001186,capital_goods,53570.12,18,Eligible,False,False,0,True,False,9642.62,0.0,Low
RISK001187,sales_revenue,150824.68,18,Not Applicable,True,False,0,True,False,27148.44,0.0,Low
RISK001188,motor_vehicle,179664.02,28,Blocked,False,False,0,True,False,50305.93,0.0,Low
RISK001189,food_catering,29544.07,5,Blocked,True,True,9,True,False,1477.2,10456.56,Medium
RISK001190,sales_revenue,33282.77,18,Not Applicable,True,False,85,False,False,5990.9,5001.13,Medium
RISK001191,employee_travel,12033.06,5,Blocked,True,True,85,True,False,601.65,14275.22,Medium
RISK001192,motor_vehicle,80699.56,28,Blocked,True,True,39,True,False,22595.88,12384.58,Medium
RISK001193,bank_charges,2076.5,18,Eligible,True,False,0,False,False,373.77,500.0,Low
RISK001194,food_catering,128953.93,5,Blocked,False,False,80,True,False,6447.7,4254.38,Medium
RISK001195,sales_revenue,156000,18,Not Applicable,True,False,0,True,True,28080.0,0.0,Low
RISK001196,bank_charges,78303.71,18,Eligible,False,False,67,False,False,14094.67,4315.7,Medium
RISK001197,capital_goods,103000,18,Eligible,True,False,0,True,True,18540.0,0.0,Low
RISK001198,sales_revenue,108216.56,18,Not Applicable,True,False,39,True,False,19478.98,2324.64,Medium
RISK001199,capital_goods,146531.24,18,Eligible,False,False,0,True,False,26375.62,0.0,Low
RISK001200,sales_revenue,130367.0,18,Not Applicable,True,False,0,True,False,23466.06,0.0,Low
RISK001201,rent,161174.82,18,Eligible,False,False,115,False,False,29011.47,7895.31,Medium
RISK001202,exempt_non_gst,119312.01,exempt,Not Applicable,True,False,0,True,False,0.0,0.0,Low
RISK001203,employee_insurance,28424.31,18,Blocked,True,True,14,True,False,5116.38,10735.32,Medium
RISK001204,exempt_non_gst,155820.63,exempt,Not Applicable,True,False,0,True,False,0.0,0.0,Low
RISK001205,capital_goods,12907.64,18,Eligible,False,False,0,True,False,2323.38,0.0,Low
RISK001206,club_membership,80849.36,18,Blocked,True,True,112,True,False,14552.88,16403.8,High
RISK001207,motor_vehicle,199304.1,28,Blocked,True,True,94,False,False,55805.15,17786.91,High
RISK001208,input_services,101404.29,18,Eligible,True,False,0,False,False,18252.77,500.0,Low
RISK001209,club_membership,24052.6,18,Blocked,True,True,0,True,False,4329.47,10000.0,Medium
RISK001210,bank_charges,184378.62,18,Eligible,True,False,15,True,False,33188.15,995.5,Low
RISK001211,purchase_goods,104794.11,18,Eligible,True,False,0,True,False,18862.94,0.0,Low
RISK001212,purchase_goods,158345.14,18,Eligible,True,False,7,False,False,28502.13,948.39,Low
RISK001213,utilities,43508.5,18,Eligible,False,False,0,True,False,7831.53,0.0,Low
RISK001214,exempt_non_gst,9414.15,exempt,Not Applicable,True,False,0,True,False,0.0,0.0,Low
RISK001215,motor_vehicle,95307.9,28,Blocked,False,False,98,True,False,26686.21,6189.71,Medium
RISK001216,sales_revenue,90260.91,18,Not Applicable,True,False,42,True,False,16246.96,2436.51,Medium
RISK001217,employee_travel,82220.85,5,Blocked,True,True,0,True,False,4111.04,10000.0,Medium
RISK001218,food_catering,147314.6,5,Blocked,True,True,91,True,False,7365.73,14880.55,Medium
RISK001219,sales_revenue,141626.07,18,Not Applicable,True,False,0,True,False,25492.69,0.0,Low
RISK001220,employee_travel,108595.95,5,Blocked,False,False,67,True,False,5429.8,3529.41,Medium
RISK001221,purchase_goods,24496.49,18,Eligible,False,False,0,True,False,4409.37,0.0,Low
RISK001222,rent,166023.26,18,Eligible,False,False,11,True,False,29884.19,712.11,Low
RISK001223,motor_vehicle,117984.16,28,Blocked,True,True,44,True,False,33035.56,12916.83,Medium
RISK001224,exempt_non_gst,105816.4,exempt,Not Applicable,True,False,0,False,False,0.0,500.0,Low
RISK001225,utilities,29234.83,18,Eligible,True,False,0,True,False,5262.27,0.0,Low
RISK001226,input_services,12253.29,18,Eligible,False,False,0,True,False,2205.59,0.0,Low
RISK001227,capital_goods,64348.27,18,Eligible,True,False,0,True,False,11582.69,0.0,Low
RISK001228,capital_goods,10849.68,18,Eligible,True,False,31,True,False,1952.94,1579.86,Low
RISK001229,motor_vehicle,190000,28,Blocked,True,True,0,True,True,53200.0,10000.0,Medium
RISK001230,purchase_goods,81795.01,18,Eligible,True,False,35,True,False,14723.1,2004.12,Medium
RISK001231,capital_goods,49640.06,18,Eligible,True,False,39,True,False,8935.21,2121.85,Medium
RISK001232,exempt_non_gst,127341.9,exempt,Not Applicable,True,False,48,True,False,0.0,2400.0,Medium
RISK001233,rent,107738.36,18,Eligible,True,False,58,True,False,19392.9,3454.69,Medium
RISK001234,exempt_non_gst,124335.62,exempt,Not Applicable,True,False,0,True,False,0.0,0.0,Low
RISK001235,utilities,119774.62,18,Eligible,False,False,0,True,False,21559.43,0.0,Low
RISK001236,employee_travel,168000,5,Blocked,True,True,0,True,True,8400.0,10000.0,Medium
RISK001237,capital_goods,79363.33,18,Eligible,True,False,0,True,False,14285.4,0.0,Low
RISK001238,motor_vehicle,42564.61,28,Blocked,True,True,114,True,False,11918.09,16370.03,High
RISK001239,utilities,195938.25,18,Eligible,False,False,0,True,False,35268.89,0.0,Low
RISK001240,rent,92229.97,18,Eligible,True,False,0,True,False,16601.39,0.0,Low
RISK001241,purchase_goods,121952.96,18,Eligible,True,False,0,True,False,21951.53,0.0,Low
RISK001242,works_contract,140808.29,18,Blocked,False,False,0,True,False,25345.49,0.0,Low
RISK001243,capital_goods,107960.54,18,Eligible,False,False,57,True,False,19432.9,3396.25,Medium
RISK001244,exempt_non_gst,75587.1,exempt,Not Applicable,True,False,0,True,False,0.0,0.0,Low
RISK001245,purchase_goods,25390.39,18,Eligible,True,False,0,True,False,4570.27,0.0,Low
RISK001246,sales_revenue,56586.33,18,Not Applicable,False,False,0,True,False,10185.54,0.0,Low
RISK001247,utilities,161778.69,18,Eligible,True,False,47,True,False,29120.16,3024.95,Medium
RISK001248,works_contract,141540.12,18,Blocked,True,True,0,True,False,25477.22,10000.0,Medium
RISK001249,exempt_non_gst,55830.84,exempt,Not Applicable,True,False,0,True,False,0.0,0.0,Low
RISK001250,employee_insurance,137000,18,Blocked,True,True,0,True,True,24660.0,10000.0,Medium
RISK001251,utilities,186745.9,18,Eligible,False,False,94,True,False,33614.26,6258.23,Medium
RISK001252,employee_insurance,5111.94,18,Blocked,False,False,79,True,False,920.15,3985.85,Medium
RISK001253,food_catering,890.02,5,Blocked,True,True,84,True,False,44.5,14201.84,Medium
RISK001254,motor_vehicle,168946.14,28,Blocked,True,True,0,True,False,47304.92,10000.0,Medium
RISK001255,club_membership,151924.83,18,Blocked,False,False,0,True,False,27346.47,0.0,Low
RISK001256,food_catering,63590.27,5,Blocked,True,True,0,False,False,3179.51,10500.0,Medium
RISK001257,works_contract,45512.79,18,Blocked,True,True,118,True,False,8192.3,16376.72,High
RISK001258,utilities,13000,18,Eligible,True,False,0,True,True,2340.0,0.0,Low
RISK001259,sales_revenue,125446.27,18,Not Applicable,True,False,0,True,False,22580.33,0.0,Low
RISK001260,bank_charges,167000,18,Eligible,False,False,0,True,True,30060.0,0.0,Low
RISK001261,employee_travel,124103.53,5,Blocked,False,False,75,True,False,6205.18,3979.51,Medium
RISK001262,purchase_goods,75790.33,18,Eligible,False,False,101,True,False,13642.26,5729.5,Medium
RISK001263,food_catering,11000,5,Blocked,True,True,0,True,True,550.0,10000.0,Medium
RISK001264,purchase_goods,59335.9,18,Eligible,True,False,0,True,False,10680.46,0.0,Low
RISK001265,employee_travel,157601.22,5,Blocked,True,True,0,True,False,7880.06,10000.0,Medium
RISK001266,employee_travel,124036.5,5,Blocked,True,True,101,True,False,6201.82,15358.9,High
RISK001267,employee_travel,38900.02,5,Blocked,True,True,9,True,False,1945.0,10458.63,Medium
RISK001268,employee_travel,25633.33,5,Blocked,True,True,0,True,False,1281.67,10000.0,Medium
RISK001269,input_services,49008.92,18,Eligible,False,False,0,True,False,8821.61,0.0,Low
RISK001270,employee_insurance,150997.54,18,Blocked,True,True,100,True,False,27179.56,16340.36,High
RISK001271,employee_travel,68908.61,5,Blocked,True,True,0,True,False,3445.43,10000.0,Medium
RISK001272,purchase_goods,47858.78,18,Eligible,False,False,7,True,False,8614.58,379.74,Low
RISK001273,rent,128290.68,18,Eligible,True,False,0,True,False,23092.32,0.0,Low
RISK001274,works_contract,196393.69,18,Blocked,True,True,0,True,False,35350.86,10000.0,Medium
RISK001275,employee_travel,60276.5,5,Blocked,True,True,0,True,False,3013.82,10000.0,Medium
RISK001276,food_catering,44271.47,5,Blocked,True,True,0,True,False,2213.57,10000.0,Medium
RISK001277,rent,96408.87,18,Eligible,False,False,104,True,False,17353.6,6090.03,Medium
RISK001278,input_services,165303.82,18,Eligible,True,False,0,True,False,29754.69,0.0,Low
RISK001279,input_services,58469.95,18,Eligible,True,False,98,True,False,10524.59,5408.64,Medium
RISK001280,rent,39966.09,18,Eligible,True,False,93,True,False,7193.9,4979.93,Medium
RISK001281,rent,36119.02,18,Eligible,True,False,117,True,False,6501.42,6225.12,Medium
RISK001282,input_services,76095.09,18,Eligible,False,False,0,False,False,13697.12,500.0,Low
RISK001283,rent,74243.31,18,Eligible,True,False,0,True,False,13363.8,0.0,Low
RISK001284,employee_travel,176391.93,5,Blocked,False,False,0,True,False,8819.6,0.0,Low
RISK001285,sales_revenue,38333.4,18,Not Applicable,True,False,41,True,False,6900.01,2189.51,Medium
RISK001286,rent,184242.21,18,Eligible,False,False,110,True,False,33163.6,7299.01,Medium
RISK001287,bank_charges,49810.74,18,Eligible,True,False,0,True,False,8965.93,0.0,Low
RISK001288,employee_travel,177223.94,5,Blocked,True,True,0,True,False,8861.2,10000.0,Medium
RISK001289,capital_goods,33902.99,18,Eligible,True,False,97,True,False,6102.54,5141.92,Medium
RISK001290,food_catering,36210.2,5,Blocked,False,False,0,True,False,1810.51,0.0,Low
RISK001291,food_catering,54032.92,5,Blocked,True,True,75,True,False,2701.65,13849.92,Medium
RISK001292,rent,90689.97,18,Eligible,True,False,0,True,False,16324.19,0.0,Low
RISK001293,input_services,187132.03,18,Eligible,True,False,18,True,False,33683.77,1199.0,Low
RISK001294,club_membership,70639.2,18,Blocked,True,True,0,True,False,12715.06,10000.0,Medium
RISK001295,food_catering,87000,5,Blocked,True,True,0,True,True,4350.0,10000.0,Medium
RISK001296,food_catering,47141.18,5,Blocked,True,True,0,True,False,2357.06,10000.0,Medium
RISK001297,club_membership,109557.05,18,Blocked,True,True,0,True,False,19720.27,10000.0,Medium
RISK001298,bank_charges,8137.14,18,Eligible,True,False,0,True,False,1464.69,0.0,Low
RISK001299,exempt_non_gst,153812.33,exempt,Not Applicable,False,False,0,True,False,0.0,0.0,Low
RISK001300,exempt_non_gst,150600.48,exempt,Not Applicable,False,False,2,True,False,0.0,100.0,Low
RISK001301,bank_charges,156734.09,18,Eligible,True,False,0,True,False,28212.14,0.0,Low
RISK001302,food_catering,130991.16,5,Blocked,False,False,111,True,False,6549.56,5908.52,Medium
RISK001303,works_contract,42370.07,18,Blocked,True,True,71,True,False,7626.61,13817.04,Medium
RISK001304,food_catering,68461.58,5,Blocked,True,True,55,True,False,3423.08,12842.85,Medium
RISK001305,rent,88016.82,18,Eligible,False,False,0,True,False,15843.03,0.0,Low
RISK001306,utilities,188699.12,18,Eligible,True,False,107,True,False,33965.84,7142.28,Medium
RISK001307,motor_vehicle,137309.68,28,Blocked,True,True,69,True,False,38446.71,14758.24,Medium
RISK001308,employee_travel,157178.88,5,Blocked,False,False,0,False,False,7858.94,500.0,Low
RISK001309,employee_insurance,159929.58,18,Blocked,False,False,51,False,False,28787.32,3774.02,Medium
RISK001310,motor_vehicle,13209.99,28,Blocked,True,True,0,True,False,3698.8,10000.0,Medium
RISK001311,employee_insurance,179000,18,Blocked,True,True,0,True,True,32220.0,10000.0,Medium
RISK001312,works_contract,120871.1,18,Blocked,True,True,0,False,False,21756.8,10500.0,Medium
RISK001313,rent,46991.37,18,Eligible,True,False,0,True,False,8458.45,0.0,Low
RISK001314,input_services,65691.03,18,Eligible,False,False,0,False,False,11824.39,500.0,Low
RISK001315,motor_vehicle,95911.1,28,Blocked,True,True,111,True,False,26855.11,17020.04,High
RISK001316,utilities,86724.03,18,Eligible,False,False,0,True,False,15610.33,0.0,Low
RISK001317,employee_travel,40993.08,5,Blocked,False,False,0,True,False,2049.65,0.0,Low
RISK001318,food_catering,13262.02,5,Blocked,True,True,68,True,False,663.1,13422.24,Medium
RISK001319,food_catering,92310.81,5,Blocked,True,True,37,True,False,4615.54,11934.22,Medium
RISK001320,bank_charges,140213.15,18,Eligible,False,False,0,True,False,25238.37,0.0,Low
RISK001321,input_services,83303.03,18,Eligible,True,False,56,True,False,14994.55,3214.1,Medium
RISK001322,input_services,139855.15,18,Eligible,True,False,6,True,False,25173.93,374.49,Low
RISK001323,utilities,176569.89,18,Eligible,True,False,9,True,False,31782.58,591.06,Low
RISK001324,rent,182000,18,Eligible,True,False,16,False,True,32760.0,1558.49,Low
RISK001325,capital_goods,101126.77,18,Eligible,False,False,0,True,False,18202.82,0.0,Low
RISK001326,purchase_goods,92702.41,18,Eligible,True,False,96,True,False,16686.43,5589.98,Medium
RISK001327,motor_vehicle,171226.74,28,Blocked,True,True,0,True,False,47943.49,10000.0,Medium
RISK001328,bank_charges,134223.97,18,Eligible,True,False,0,True,False,24160.31,0.0,Low
RISK001329,works_contract,190028.68,18,Blocked,True,True,108,True,False,34205.16,17221.78,High
RISK001330,employee_travel,21000,5,Blocked,True,True,0,True,True,1050.0,10000.0,Medium
RISK001331,sales_revenue,2736.52,18,Not Applicable,True,False,0,True,False,492.57,0.0,Low
RISK001332,employee_insurance,106693.61,18,Blocked,True,True,0,True,False,19204.85,10000.0,Medium
RISK001333,employee_insurance,143000,18,Blocked,False,False,0,True,True,25740.0,0.0,Low
RISK001334,purchase_goods,10208.61,18,Eligible,True,False,0,True,False,1837.55,0.0,Low
RISK001335,rent,18731.59,18,Eligible,True,False,44,True,False,3371.69,2273.16,Medium
RISK001336,capital_goods,44503.29,18,Eligible,False,False,107,True,False,8010.59,5772.7,Medium
RISK001337,purchase_goods,83428.16,18,Eligible,True,False,0,True,False,15017.07,0.0,Low
RISK001338,rent,186898.31,18,Eligible,True,False,0,True,False,33641.7,0.0,Low
RISK001339,bank_charges,35137.5,18,Eligible,True,False,0,True,False,6324.75,0.0,Low
RISK001340,capital_goods,131763.36,18,Eligible,True,False,6,True,False,23717.4,370.18,Low
RISK001341,utilities,153625.25,18,Eligible,True,False,92,True,False,27652.54,5854.59,Medium
RISK001342,exempt_non_gst,114056.41,exempt,Not Applicable,True,False,0,True,False,0.0,0.0,Low
RISK001343,motor_vehicle,135741.15,28,Blocked,False,False,43,True,False,38007.52,2955.97,Medium
RISK001344,works_contract,63934.41,18,Blocked,False,False,0,True,False,11508.19,0.0,Low
RISK001345,employee_travel,90057.86,5,Blocked,True,True,65,True,False,4502.89,13394.34,Medium
RISK001346,rent,4732.07,18,Eligible,False,False,0,True,False,851.77,0.0,Low
RISK001347,rent,124143.36,18,Eligible,True,False,0,True,False,22345.8,0.0,Low
RISK001348,rent,128586.76,18,Eligible,True,False,57,True,False,23145.62,3500.61,Medium
RISK001349,utilities,63848.96,18,Eligible,False,False,0,True,False,11492.81,0.0,Low
RISK001350,exempt_non_gst,58046.79,exempt,Not Applicable,True,False,43,True,False,0.0,2150.0,Medium
RISK001351,purchase_goods,181373.1,18,Eligible,True,False,0,True,False,32647.16,0.0,Low
RISK001352,employee_travel,175000,5,Blocked,True,True,0,True,True,8750.0,10000.0,Medium
RISK001353,food_catering,14461.99,5,Blocked,True,True,19,False,False,723.1,11456.78,Medium
RISK001354,input_services,118729.81,18,Eligible,False,False,31,True,False,21371.37,1876.72,Low
RISK001355,food_catering,62636.86,5,Blocked,False,False,0,True,False,3131.84,0.0,Low
RISK001356,utilities,115496.16,18,Eligible,False,False,0,True,False,20789.31,0.0,Low
RISK001357,bank_charges,79949.77,18,Eligible,True,False,0,True,False,14390.96,0.0,Low
RISK001358,sales_revenue,31597.75,18,Not Applicable,False,False,0,True,False,5687.6,0.0,Low
RISK001359,capital_goods,151892.24,18,Eligible,False,False,20,True,False,27340.6,1269.66,Low
RISK001360,motor_vehicle,93000,28,Blocked,True,True,0,True,True,26040.0,10000.0,Medium
RISK001361,input_services,143115.24,18,Eligible,True,False,1,True,False,25760.74,62.7,Low
RISK001362,works_contract,75164.43,18,Blocked,True,True,0,True,False,13529.6,10000.0,Medium
RISK001363,motor_vehicle,98165.45,28,Blocked,True,True,53,False,False,27486.33,13868.41,Medium
RISK001364,capital_goods,77272.79,18,Eligible,True,False,0,True,False,13909.1,0.0,Low
RISK001365,sales_revenue,144587.94,18,Not Applicable,True,False,0,True,False,26025.83,0.0,Low
RISK001366,employee_insurance,77373.96,18,Blocked,True,True,0,True,False,13927.31,10000.0,Medium
RISK001367,bank_charges,126375.07,18,Eligible,True,False,83,True,False,22747.51,5081.09,Medium
RISK001368,employee_insurance,30000,18,Blocked,True,True,85,True,True,5400.0,14476.36,Medium
RISK001369,sales_revenue,18915.01,18,Not Applicable,False,False,0,True,False,3404.7,0.0,Low
RISK001370,capital_goods,103948.14,18,Eligible,True,False,0,True,False,18710.67,0.0,Low
RISK001371,utilities,100379.04,18,Eligible,True,False,76,True,False,18068.23,4477.19,Medium
RISK001372,works_contract,173948.88,18,Blocked,True,True,103,True,False,31310.8,16740.42,High
RISK001373,works_contract,42300.35,18,Blocked,False,False,1,False,False,7614.06,553.75,Low
RISK001374,purchase_goods,19825.7,18,Eligible,False,False,0,True,False,3568.63,0.0,Low
RISK001375,motor_vehicle,34541.53,28,Blocked,True,True,26,True,False,9671.63,11424.01,Medium
RISK001376,capital_goods,90406.83,18,Eligible,False,False,0,True,False,16273.23,0.0,Low
RISK001377,sales_revenue,38781.02,18,Not Applicable,False,False,57,True,False,6980.58,3046.22,Medium
RISK001378,exempt_non_gst,127000,exempt,Not Applicable,True,False,0,True,True,0.0,0.0,Low
RISK001379,purchase_goods,117336.46,18,Eligible,True,False,13,True,False,21120.56,785.4,Low
RISK001380,purchase_goods,133231.79,18,Eligible,False,False,0,True,False,23981.72,0.0,Low
RISK001381,motor_vehicle,120795.48,28,Blocked,False,False,120,True,False,33822.73,8001.56,Medium
RISK001382,employee_travel,86176.0,5,Blocked,True,True,41,True,False,4308.8,12137.12,Medium
RISK001383,employee_insurance,79995.03,18,Blocked,True,True,112,True,False,14399.11,16395.3,High
RISK001384,food_catering,174173.03,5,Blocked,True,True,119,True,False,8708.65,16461.07,High
RISK001385,exempt_non_gst,106360.55,exempt,Not Applicable,False,False,32,True,False,0.0,1600.0,Low
RISK001386,employee_insurance,174035.69,18,Blocked,True,True,1,False,False,31326.42,10565.45,Medium
RISK001387,exempt_non_gst,64775.62,exempt,Not Applicable,True,False,104,True,False,0.0,5200.0,Medium
RISK001388,rent,121549.22,18,Eligible,True,False,11,True,False,21878.86,668.69,Low
RISK001389,food_catering,197380.86,5,Blocked,False,False,94,True,False,9869.04,5157.49,Medium
RISK001390,works_contract,29000,18,Blocked,True,True,110,True,True,5220.0,15783.17,High
RISK001391,food_catering,159465.74,5,Blocked,True,True,71,False,False,7973.29,14329.17,Medium
RISK001392,food_catering,191032.72,5,Blocked,True,True,0,True,False,9551.64,10000.0,Medium
RISK001393,employee_insurance,140131.85,18,Blocked,True,True,4,True,False,25223.73,10249.76,Medium
RISK001394,motor_vehicle,153378.61,28,Blocked,True,True,0,True,False,42946.01,10000.0,Medium
RISK001395,capital_goods,133262.54,18,Eligible,False,False,63,True,False,23987.26,3895.25,Medium
RISK001396,exempt_non_gst,45149.34,exempt,Not Applicable,True,False,9,True,False,0.0,450.0,Low
RISK001397,works_contract,148722.08,18,Blocked,False,False,101,True,False,26769.97,6383.36,Medium
RISK001398,sales_revenue,47056.81,18,Not Applicable,True,False,0,True,False,8470.23,0.0,Low
RISK001399,employee_travel,187473.52,5,Blocked,False,False,0,True,False,9373.68,0.0,Low
RISK001400,motor_vehicle,115594.91,28,Blocked,True,True,0,True,False,32366.57,10000.0,Medium
RISK001401,motor_vehicle,64268.78,28,Blocked,True,True,102,True,False,17995.26,16005.19,High
RISK001402,employee_travel,44817.24,5,Blocked,True,True,0,True,False,2240.86,10000.0,Medium
RISK001403,utilities,167524.72,18,Eligible,True,False,0,True,False,30154.45,0.0,Low
RISK001404,employee_insurance,169900.93,18,Blocked,False,False,0,True,False,30582.17,0.0,Low
RISK001405,works_contract,25131.07,18,Blocked,False,False,62,True,False,4523.59,3238.31,Medium
RISK001406,utilities,140976.03,18,Eligible,True,False,43,True,False,25375.69,2688.1,Medium
RISK001407,exempt_non_gst,146665.29,exempt,Not Applicable,False,False,7,False,False,0.0,850.0,Low
RISK001408,exempt_non_gst,97757.18,exempt,Not Applicable,True,False,85,False,False,0.0,4750.0,Medium
RISK001409,purchase_goods,109814.61,18,Eligible,True,False,45,True,False,19766.63,2688.66,Medium
RISK001410,club_membership,145487.54,18,Blocked,True,True,90,True,False,26187.76,15662.31,High
RISK001411,input_services,65022.01,18,Eligible,False,False,7,True,False,11703.96,390.4,Low
RISK001412,food_catering,131099.48,5,Blocked,True,True,0,True,False,6554.97,10000.0,Medium
RISK001413,rent,44018.23,18,Eligible,False,False,2,True,False,7923.28,107.81,Low
RISK001414,capital_goods,135824.4,18,Eligible,False,False,0,False,False,24448.39,500.0,Low
RISK001415,exempt_non_gst,34060.47,exempt,Not Applicable,True,False,0,True,False,0.0,0.0,Low
RISK001416,capital_goods,196065.21,18,Eligible,True,False,20,True,False,35291.74,1348.08,Low
RISK001417,purchase_goods,24201.11,18,Eligible,True,False,0,True,False,4356.2,0.0,Low
RISK001418,works_contract,75386.64,18,Blocked,True,True,85,True,False,13569.6,14818.81,Medium
RISK001419,exempt_non_gst,130237.03,exempt,Not Applicable,True,False,48,True,False,0.0,2400.0,Medium
RISK001420,capital_goods,98099.08,18,Eligible,True,False,0,True,False,17657.83,0.0,Low
RISK001421,employee_travel,96159.92,5,Blocked,True,True,0,True,False,4808.0,10000.0,Medium
RISK001422,employee_insurance,140696.03,18,Blocked,True,True,0,True,False,25325.29,10000.0,Medium
RISK001423,exempt_non_gst,159147.35,exempt,Not Applicable,True,False,3,True,False,0.0,150.0,Low
RISK001424,sales_revenue,162533.15,18,Not Applicable,True,False,0,True,False,29255.97,0.0,Low
RISK001425,sales_revenue,130514.28,18,Not Applicable,False,False,0,True,False,23492.57,0.0,Low
RISK001426,exempt_non_gst,120000,exempt,Not Applicable,True,False,103,True,True,0.0,5150.0,Medium
RISK001427,employee_travel,41642.87,5,Blocked,True,True,109,True,False,2082.14,15561.92,High
RISK001428,capital_goods,101476.59,18,Eligible,True,False,0,True,False,18265.79,0.0,Low
RISK001429,purchase_goods,50043.25,18,Eligible,True,False,116,True,False,9007.78,6315.29,Medium
RISK001430,food_catering,28401.08,5,Blocked,True,True,0,False,False,1420.05,10500.0,Medium
RISK001431,employee_travel,107872.79,5,Blocked,True,True,0,True,False,5393.64,10000.0,Medium
RISK001432,rent,28762.63,18,Eligible,False,False,0,True,False,5177.27,0.0,Low
RISK001433,employee_travel,72133.5,5,Blocked,True,True,10,True,False,3606.68,10517.79,Medium
RISK001434,employee_insurance,180780.16,18,Blocked,True,True,0,True,False,32540.43,10000.0,Medium
RISK001435,works_contract,29077.17,18,Blocked,True,True,35,False,False,5233.89,12340.34,Medium
RISK001436,rent,143031.77,18,Eligible,True,False,66,True,False,25745.72,4137.97,Medium
RISK001437,input_services,63613.89,18,Eligible,False,False,0,False,False,11450.5,500.0,Low
RISK001438,utilities,25361.93,18,Eligible,True,False,0,True,False,4565.15,0.0,Low
RISK001439,bank_charges,181894.46,18,Eligible,False,False,0,True,False,32741.0,0.0,Low
RISK001440,capital_goods,75742.62,18,Eligible,False,False,0,True,False,13633.67,0.0,Low
RISK001441,input_services,105531.9,18,Eligible,False,False,104,True,False,18995.74,6174.25,Medium
RISK001442,works_contract,115000,18,Blocked,True,True,0,True,True,20700.0,10000.0,Medium
RISK001443,bank_charges,189328.81,18,Eligible,True,False,0,True,False,34079.19,0.0,Low
RISK001444,club_membership,110558.5,18,Blocked,False,False,0,True,False,19900.53,0.0,Low
RISK001445,employee_insurance,102956.3,18,Blocked,True,True,0,True,False,18532.13,10000.0,Medium
RISK001446,purchase_goods,183729.11,18,Eligible,True,False,0,True,False,33071.24,0.0,Low
RISK001447,motor_vehicle,141503.96,28,Blocked,True,True,103,True,False,39621.11,17162.54,High
RISK001448,motor_vehicle,104358.64,28,Blocked,False,False,30,True,False,29220.42,1932.3,Low
RISK001449,utilities,81599.7,18,Eligible,True,False,0,True,False,14687.95,0.0,Low
RISK001450,capital_goods,33440.07,18,Eligible,True,False,71,False,False,6019.21,4260.75,Medium
RISK001451,purchase_goods,192452.18,18,Eligible,True,False,0,True,False,34641.39,0.0,Low
RISK001452,club_membership,137000,18,Blocked,True,True,0,True,True,24660.0,10000.0,Medium
RISK001453,rent,182221.84,18,Eligible,False,False,90,True,False,32799.93,5955.78,Medium
RISK001454,works_contract,132000,18,Blocked,False,False,68,True,True,23760.0,4196.77,Medium
RISK001455,food_catering,192947.15,5,Blocked,True,True,68,False,False,9647.36,14223.52,Medium
RISK001456,bank_charges,167962.08,18,Eligible,True,False,55,True,False,30233.17,3570.02,Medium
RISK001457,capital_goods,67922.74,18,Eligible,True,False,109,True,False,12226.09,6107.19,Medium
RISK001458,utilities,96883.37,18,Eligible,True,False,0,True,False,17439.01,0.0,Low
RISK001459,utilities,185857.25,18,Eligible,False,False,0,False,False,33454.31,500.0,Low
RISK001460,employee_travel,169746.18,5,Blocked,True,True,0,True,False,8487.31,10000.0,Medium
RISK001461,capital_goods,1528.31,18,Eligible,False,False,0,True,False,275.1,0.0,Low
RISK001462,food_catering,39910.11,5,Blocked,True,True,53,True,False,1995.51,12702.16,Medium
RISK001463,input_services,154004.8,18,Eligible,True,False,0,True,False,27720.86,0.0,Low
RISK001464,input_services,107517.26,18,Eligible,True,False,85,True,False,19353.11,5061.24,Medium
RISK001465,bank_charges,149544.67,18,Eligible,True,False,91,True,False,26918.04,5757.99,Medium
RISK001466,purchase_goods,27169.23,18,Eligible,True,False,0,True,False,4890.46,0.0,Low
RISK001467,food_catering,191959.92,5,Blocked,False,False,0,True,False,9598.0,0.0,Low
RISK001468,employee_insurance,143007.03,18,Blocked,True,True,113,True,False,25741.27,17084.46,High
RISK001469,works_contract,169000,18,Blocked,True,True,0,True,True,30420.0,10000.0,Medium
RISK001470,input_services,69152.05,18,Eligible,True,False,7,True,False,12447.37,392.97,Low
RISK001471,employee_travel,147617.6,5,Blocked,True,True,0,True,False,7380.88,10000.0,Medium
RISK001472,rent,123713.83,18,Eligible,False,False,0,True,False,22268.49,0.0,Low
RISK001473,utilities,198854.28,18,Eligible,True,False,26,True,False,35793.77,1758.94,Low
RISK001474,capital_goods,140378.42,18,Eligible,True,False,0,False,False,25268.12,500.0,Low
RISK001475,employee_insurance,30170.86,18,Blocked,True,True,0,True,False,5430.75,10000.0,Medium
RISK001476,input_services,85547.44,18,Eligible,True,False,0,True,False,15398.54,0.0,Low
RISK001477,utilities,140000,18,Eligible,False,False,0,True,True,25200.0,0.0,Low
RISK001478,motor_vehicle,128952.69,28,Blocked,True,True,0,True,False,36106.75,10000.0,Medium
RISK001479,motor_vehicle,49770.24,28,Blocked,False,False,0,True,False,13935.67,0.0,Low
RISK001480,bank_charges,42789.52,18,Eligible,True,False,13,True,False,7702.11,699.38,Low
RISK001481,food_catering,73034.46,5,Blocked,True,True,0,True,False,3651.72,10000.0,Medium
RISK001482,exempt_non_gst,26496.46,exempt,Not Applicable,True,False,96,True,False,0.0,4800.0,Medium
RISK001483,bank_charges,48031.32,18,Eligible,True,False,12,False,False,8645.64,1151.16,Low
RISK001484,works_contract,120566.11,18,Blocked,True,True,114,True,False,21701.9,16920.06,High
RISK001485,works_contract,89431.08,18,Blocked,True,True,80,True,False,16097.59,14635.08,Medium
RISK001486,sales_revenue,40798.82,18,Not Applicable,False,False,0,True,False,7343.79,0.0,Low
RISK001487,utilities,178371.54,18,Eligible,False,False,72,False,False,32106.88,5240.01,Medium
RISK001488,food_catering,126158.0,5,Blocked,True,True,0,True,False,6307.9,10000.0,Medium
RISK001489,club_membership,158281.59,18,Blocked,True,True,0,False,False,28490.69,10500.0,Medium
RISK001490,employee_travel,12628.28,5,Blocked,False,False,0,True,False,631.41,0.0,Low
RISK001491,club_membership,174116.02,18,Blocked,False,False,0,True,False,31340.88,0.0,Low
RISK001492,sales_revenue,78354.26,18,Not Applicable,True,False,0,True,False,14103.77,0.0,Low
RISK001493,employee_travel,139495.99,5,Blocked,False,False,59,True,False,6974.8,3152.94,Medium
RISK001494,utilities,61030.33,18,Eligible,True,False,71,True,False,10985.46,3934.64,Medium
RISK001495,club_membership,48024.25,18,Blocked,True,True,0,False,False,8644.36,10500.0,Medium
RISK001496,utilities,174739.88,18,Eligible,True,False,106,True,False,31453.18,6944.18,Medium
RISK001497,employee_insurance,69818.65,18,Blocked,True,True,0,True,False,12567.36,10000.0,Medium
RISK001498,club_membership,53000,18,Blocked,True,True,38,True,True,9540.0,12078.78,Medium
RISK001499,exempt_non_gst,2576.43,exempt,Not Applicable,True,False,36,True,False,0.0,1800.0,Low
RISK001500,club_membership,131634.86,18,Blocked,False,False,75,True,False,23694.27,4626.36,Medium
RISK001501,motor_vehicle,189158.43,28,Blocked,True,True,78,True,False,52964.36,15937.31,High
RISK001502,rent,65190.47,18,Eligible,True,False,110,True,False,11734.28,6136.54,Medium
RISK001503,rent,146097.48,18,Eligible,True,False,0,True,False,26297.55,0.0,Low
RISK001504,food_catering,37413.09,5,Blocked,False,False,0,True,False,1870.65,0.0,Low
RISK001505,employee_insurance,56767.83,18,Blocked,True,True,105,True,False,10218.21,15779.11,High
RISK001506,capital_goods,29132.71,18,Eligible,True,False,0,True,False,5243.89,0.0,Low
RISK001507,works_contract,105592.32,18,Blocked,False,False,78,True,False,19006.62,4631.1,Medium
RISK001508,capital_goods,165399.17,18,Eligible,False,False,6,True,False,29771.85,388.09,Low
RISK001509,utilities,28955.8,18,Eligible,True,False,0,False,False,5212.04,500.0,Low
RISK001510,capital_goods,108702.85,18,Eligible,False,False,11,True,False,19566.51,656.14,Low
RISK001511,employee_travel,178531.86,5,Blocked,False,False,0,True,False,8926.59,0.0,Low
RISK001512,club_membership,138562.22,18,Blocked,True,True,0,True,False,24941.2,10000.0,Medium
RISK001513,utilities,20961.93,18,Eligible,False,False,0,True,False,3773.15,0.0,Low
RISK001514,rent,85713.52,18,Eligible,True,False,29,False,False,15428.43,2170.65,Medium
RISK001515,employee_insurance,176902.67,18,Blocked,False,False,0,True,False,31842.48,0.0,Low
RISK001516,capital_goods,191315.06,18,Eligible,True,False,0,True,False,34436.71,0.0,Low
RISK001517,capital_goods,179169.5,18,Eligible,True,False,0,True,False,32250.51,0.0,Low
RISK001518,employee_insurance,85336.29,18,Blocked,False,False,80,True,False,15360.53,4606.0,Medium
RISK001519,capital_goods,54583.11,18,Eligible,True,False,0,True,False,9824.96,0.0,Low
RISK001520,sales_revenue,15735.71,18,Not Applicable,True,False,20,True,False,2832.43,1027.94,Low
RISK001521,input_services,78424.62,18,Eligible,False,False,62,True,False,14116.43,3531.61,Medium
RISK001522,motor_vehicle,191937.27,28,Blocked,True,True,0,False,False,53742.44,10500.0,Medium
RISK001523,motor_vehicle,70845.45,28,Blocked,True,True,0,False,False,19836.73,10500.0,Medium
RISK001524,employee_insurance,67026.3,18,Blocked,False,False,32,True,False,12064.73,1790.39,Low
RISK001525,club_membership,106987.24,18,Blocked,True,True,50,True,False,19257.7,12974.85,Medium
RISK001526,club_membership,115786.35,18,Blocked,True,True,90,True,False,20841.54,15425.02,High
RISK001527,rent,199000,18,Eligible,True,False,18,False,True,35820.0,1717.96,Low
RISK001528,bank_charges,72491.28,18,Eligible,False,False,18,True,False,13048.43,1015.83,Low
RISK001529,exempt_non_gst,110524.33,exempt,Not Applicable,False,False,0,True,False,0.0,0.0,Low
RISK001530,works_contract,27991.36,18,Blocked,False,False,49,True,False,5038.44,2571.75,Medium
RISK001531,motor_vehicle,74651.0,28,Blocked,False,False,10,True,False,20902.28,603.08,Low
RISK001532,input_services,6522.05,18,Eligible,True,False,0,True,False,1173.97,0.0,Low
RISK001533,exempt_non_gst,83590.73,exempt,Not Applicable,False,False,0,True,False,0.0,0.0,Low
RISK001534,utilities,94000,18,Eligible,False,False,0,True,True,16920.0,0.0,Low
RISK001535,capital_goods,31599.52,18,Eligible,False,False,0,True,False,5687.91,0.0,Low
RISK001536,purchase_goods,79579.94,18,Eligible,True,False,59,True,False,14324.39,3366.78,Medium
RISK001537,employee_travel,100623.55,5,Blocked,False,False,0,True,False,5031.18,0.0,Low
RISK001538,club_membership,75823.28,18,Blocked,False,False,52,True,False,13648.19,2949.99,Medium
RISK001539,input_services,164589.74,18,Eligible,False,False,10,True,False,29626.15,646.1,Low
RISK001540,bank_charges,130713.64,18,Eligible,True,False,0,True,False,23528.46,0.0,Low
RISK001541,motor_vehicle,39348.75,28,Blocked,True,True,0,True,False,11017.65,10000.0,Medium
RISK001542,purchase_goods,48000,18,Eligible,True,False,0,True,True,8640.0,0.0,Low
RISK001543,utilities,37954.89,18,Eligible,True,False,31,True,False,6831.88,1654.44,Low
RISK001544,employee_travel,9452.47,5,Blocked,False,False,0,True,False,472.62,0.0,Low
RISK001545,utilities,2191.51,18,Eligible,True,False,0,True,False,394.47,0.0,Low
RISK001546,sales_revenue,78432.94,18,Not Applicable,True,False,0,True,False,14117.93,0.0,Low
RISK001547,works_contract,100963.89,18,Blocked,True,True,4,True,False,18173.5,10235.85,Medium
RISK001548,employee_travel,174000,5,Blocked,True,True,0,True,True,8700.0,10000.0,Medium
RISK001549,employee_insurance,19111.53,18,Blocked,False,False,104,True,False,3440.08,5376.43,Medium
RISK001550,works_contract,32628.88,18,Blocked,False,False,0,True,False,5873.2,0.0,Low
RISK001551,sales_revenue,68612.35,18,Not Applicable,False,False,0,True,False,12350.22,0.0,Low
RISK001552,motor_vehicle,8482.57,28,Blocked,False,False,31,True,False,2375.12,1586.31,Low
RISK001553,capital_goods,191624.12,18,Eligible,True,False,13,True,False,34492.34,871.13,Low
RISK001554,exempt_non_gst,62253.69,exempt,Not Applicable,False,False,115,True,False,0.0,5750.0,Medium
RISK001555,bank_charges,34358.67,18,Eligible,True,False,0,True,False,6184.56,0.0,Low
RISK001556,capital_goods,36247.66,18,Eligible,False,False,0,True,False,6524.58,0.0,Low
RISK001557,food_catering,130000,5,Blocked,True,True,0,True,True,6500.0,10000.0,Medium
RISK001558,exempt_non_gst,57681.7,exempt,Not Applicable,True,False,88,True,False,0.0,4400.0,Medium
RISK001559,exempt_non_gst,125114.07,exempt,Not Applicable,True,False,0,True,False,0.0,0.0,Low
RISK001560,employee_insurance,9013.78,18,Blocked,False,False,0,True,False,1622.48,0.0,Low
RISK001561,club_membership,2084.62,18,Blocked,False,False,0,True,False,375.23,0.0,Low
RISK001562,capital_goods,44998.73,18,Eligible,False,False,45,True,False,8099.77,2429.75,Medium
RISK001563,exempt_non_gst,93238.17,exempt,Not Applicable,True,False,118,False,False,0.0,6400.0,Medium
RISK001564,motor_vehicle,40294.46,28,Blocked,True,True,0,False,False,11282.45,10500.0,Medium
RISK001565,works_contract,148386.31,18,Blocked,True,True,0,True,False,26709.54,10000.0,Medium
RISK001566,input_services,128223.17,18,Eligible,True,False,0,True,False,23080.17,0.0,Low
RISK001567,sales_revenue,72617.81,18,Not Applicable,True,False,0,True,False,13071.21,0.0,Low
RISK001568,sales_revenue,136892.45,18,Not Applicable,True,False,11,True,False,24640.64,683.67,Low
RISK001569,capital_goods,60018.19,18,Eligible,False,False,68,True,False,10803.27,3762.28,Medium
RISK001570,input_services,166194.54,18,Eligible,True,False,44,False,False,29915.02,3349.11,Medium
RISK001571,rent,70180.61,18,Eligible,True,False,0,True,False,12632.51,0.0,Low
RISK001572,works_contract,87638.41,18,Blocked,False,False,106,True,False,15774.91,6124.62,Medium
RISK001573,employee_travel,40112.72,5,Blocked,False,False,19,True,False,2005.64,968.79,Low
RISK001574,works_contract,148695.85,18,Blocked,False,False,0,True,False,26765.25,0.0,Low
RISK001575,input_services,100139.41,18,Eligible,True,False,87,True,False,18025.09,5123.35,Medium
RISK001576,purchase_goods,197653.6,18,Eligible,False,False,82,True,False,35577.65,5538.7,Medium
RISK001577,capital_goods,7778.95,18,Eligible,False,False,0,True,False,1400.21,0.0,Low
RISK001578,employee_travel,76000,5,Blocked,True,True,87,True,True,3800.0,14513.04,Medium
RISK001579,exempt_non_gst,73076.99,exempt,Not Applicable,True,False,0,True,False,0.0,0.0,Low
RISK001580,food_catering,129957.88,5,Blocked,True,True,0,True,False,6497.89,10000.0,Medium
RISK001581,club_membership,194827.0,18,Blocked,True,True,59,True,False,35068.86,13970.36,Medium
RISK001582,employee_travel,32950.1,5,Blocked,True,True,0,True,False,1647.51,10000.0,Medium
RISK001583,employee_insurance,57008.05,18,Blocked,True,True,110,True,False,10261.45,16056.65,High
RISK001584,exempt_non_gst,21210.5,exempt,Not Applicable,True,False,53,True,False,0.0,2650.0,Medium
RISK001585,employee_travel,185000,5,Blocked,True,True,0,True,True,9250.0,10000.0,Medium
RISK001586,utilities,170415.2,18,Eligible,True,False,71,True,False,30674.74,4624.04,Medium
RISK001587,food_catering,190135.02,5,Blocked,True,True,60,True,False,9506.75,13281.3,Medium
RISK001588,works_contract,157034.72,18,Blocked,True,True,101,True,False,28266.25,16457.89,High
RISK001589,employee_insurance,53000,18,Blocked,False,False,54,True,True,9540.0,2954.05,Medium
RISK001590,motor_vehicle,7018.58,28,Blocked,True,True,108,True,False,1965.2,15504.67,High
RISK001591,employee_travel,63835.46,5,Blocked,True,True,56,True,False,3191.77,12888.15,Medium
RISK001592,rent,123445.45,18,Eligible,True,False,0,False,False,22220.18,500.0,Low
RISK001593,employee_insurance,78387.13,18,Blocked,False,False,0,True,False,14109.68,0.0,Low
RISK001594,rent,20365.8,18,Eligible,False,False,0,True,False,3665.84,0.0,Low
RISK001595,exempt_non_gst,152553.29,exempt,Not Applicable,False,False,21,False,False,0.0,1550.0,Low
RISK001596,capital_goods,5615.23,18,Eligible,True,False,20,True,False,1010.74,1009.97,Low
RISK001597,capital_goods,114572.87,18,Eligible,True,False,59,True,False,20623.12,3550.05,Medium
RISK001598,input_services,48324.52,18,Eligible,False,False,0,True,False,8698.41,0.0,Low
RISK001599,sales_revenue,161515.93,18,Not Applicable,True,False,0,True,False,29072.87,0.0,Low
RISK001600,input_services,125673.88,18,Eligible,True,False,14,True,False,22621.3,856.18,Low
RISK001601,capital_goods,21861.79,18,Eligible,True,False,12,True,False,3935.12,623.29,Low
RISK001602,exempt_non_gst,41990.5,exempt,Not Applicable,True,False,53,True,False,0.0,2650.0,Medium
RISK001603,capital_goods,42454.05,18,Eligible,True,False,82,False,False,7641.73,4909.02,Medium
RISK001604,input_services,60000,18,Eligible,False,False,81,True,True,10800.0,4481.41,Medium
RISK001605,bank_charges,198751.05,18,Eligible,True,False,70,True,False,35775.19,4734.98,Medium
RISK001606,utilities,185353.34,18,Eligible,True,False,0,True,False,33363.6,0.0,Low
RISK001607,input_services,43653.15,18,Eligible,True,False,4,True,False,7857.57,215.5,Low
RISK001608,works_contract,138474.54,18,Blocked,True,True,0,True,False,24925.42,10000.0,Medium
RISK001609,works_contract,110523.67,18,Blocked,True,True,64,True,False,19894.26,13827.9,Medium
RISK001610,rent,50393.58,18,Eligible,True,False,92,True,False,9070.84,5011.54,Medium
RISK001611,employee_travel,158734.07,5,Blocked,True,True,0,True,False,7936.7,10000.0,Medium
RISK001612,motor_vehicle,176630.04,28,Blocked,True,True,105,True,False,49456.41,17810.89,High
RISK001613,motor_vehicle,86000,28,Blocked,True,True,0,True,True,24080.0,10000.0,Medium
RISK001614,input_services,177945.21,18,Eligible,False,False,0,True,False,32030.14,0.0,Low
RISK001615,employee_insurance,190100.43,18,Blocked,True,True,0,True,False,34218.08,10000.0,Medium
RISK001616,motor_vehicle,158283.83,28,Blocked,True,True,0,True,False,44319.47,10000.0,Medium
RISK001617,sales_revenue,63233.35,18,Not Applicable,True,False,92,True,False,11382.0,5116.4,Medium
RISK001618,sales_revenue,64651.47,18,Not Applicable,True,False,0,True,False,11637.26,0.0,Low
RISK001619,rent,21032.58,18,Eligible,True,False,114,True,False,3785.86,5912.84,Medium
RISK001620,employee_travel,178586.47,5,Blocked,True,True,41,True,False,8929.32,12230.54,Medium
RISK001621,purchase_goods,160643.68,18,Eligible,True,False,54,True,False,28915.86,3470.03,Medium
RISK001622,employee_travel,65711.51,5,Blocked,True,True,37,True,False,3285.58,11909.95,Medium
RISK001623,employee_travel,197596.98,5,Blocked,False,False,0,True,False,9879.85,0.0,Low
RISK001624,club_membership,183647.88,18,Blocked,True,True,9,True,False,33056.62,10596.72,Medium
RISK001625,motor_vehicle,144789.11,28,Blocked,True,True,52,True,False,40540.95,13639.63,Medium
RISK001626,food_catering,122657.97,5,Blocked,True,True,59,True,False,6132.9,13128.44,Medium
RISK001627,capital_goods,168693.59,18,Eligible,False,False,0,True,False,30364.85,0.0,Low
RISK001628,input_services,21474.57,18,Eligible,True,False,56,True,False,3865.42,2906.75,Medium
RISK001629,works_contract,180504.16,18,Blocked,True,True,1,False,False,32490.75,10566.02,Medium
RISK001630,utilities,176722.21,18,Eligible,True,False,0,True,False,31810.0,0.0,Low
RISK001631,works_contract,122743.75,18,Blocked,False,False,0,True,False,22093.88,0.0,Low
RISK001632,food_catering,24420.33,5,Blocked,True,True,0,True,False,1221.02,10000.0,Medium
RISK001633,motor_vehicle,127562.28,28,Blocked,True,True,0,True,False,35717.44,10000.0,Medium
RISK001634,food_catering,195281.72,5,Blocked,True,True,29,True,False,9764.09,11589.64,Medium
RISK001635,works_contract,17017.46,18,Blocked,True,True,85,True,False,3063.14,14378.4,Medium
RISK001636,works_contract,16064.34,18,Blocked,False,False,0,True,False,2891.58,0.0,Low
RISK001637,exempt_non_gst,77319.51,exempt,Not Applicable,True,False,0,True,False,0.0,0.0,Low
RISK001638,club_membership,171762.54,18,Blocked,False,False,0,True,False,30917.26,0.0,Low
RISK001639,club_membership,21579.26,18,Blocked,True,True,50,False,False,3884.27,13095.78,Medium
RISK001640,club_membership,41002.64,18,Blocked,True,True,0,True,False,7380.48,10000.0,Medium
RISK001641,exempt_non_gst,115659.84,exempt,Not Applicable,True,False,0,True,False,0.0,0.0,Low
RISK001642,purchase_goods,178872.56,18,Eligible,True,False,0,True,False,32197.06,0.0,Low
RISK001643,utilities,24106.08,18,Eligible,True,False,0,True,False,4339.09,0.0,Low
RISK001644,motor_vehicle,101831.4,28,Blocked,True,True,0,True,False,28512.79,10000.0,Medium
RISK001645,works_contract,185639.98,18,Blocked,True,True,0,True,False,33415.2,10000.0,Medium
RISK001646,employee_travel,98976.44,5,Blocked,True,True,83,True,False,4948.82,14352.56,Medium
RISK001647,capital_goods,11100.99,18,Eligible,True,False,0,True,False,1998.18,0.0,Low
RISK001648,rent,176578.76,18,Eligible,True,False,0,True,False,31784.18,0.0,Low
RISK001649,exempt_non_gst,175965.77,exempt,Not Applicable,True,False,0,True,False,0.0,0.0,Low
RISK001650,utilities,141317.74,18,Eligible,True,False,0,True,False,25437.19,0.0,Low
RISK001651,employee_travel,95613.29,5,Blocked,True,True,31,True,False,4780.66,11623.09,Medium
RISK001652,input_services,37875.21,18,Eligible,False,False,0,True,False,6817.54,0.0,Low
RISK001653,bank_charges,4654.96,18,Eligible,False,False,22,True,False,837.89,1109.09,Low
RISK001654,employee_travel,70752.66,5,Blocked,True,True,0,True,False,3537.63,10000.0,Medium
RISK001655,purchase_goods,163875.82,18,Eligible,True,False,107,True,False,29497.65,6906.51,Medium
RISK001656,sales_revenue,29743.3,18,Not Applicable,True,False,0,True,False,5353.79,0.0,Low
RISK001657,works_contract,70000,18,Blocked,True,True,33,True,True,12600.0,11855.05,Medium
RISK001658,bank_charges,60576.24,18,Eligible,True,False,0,True,False,10903.72,0.0,Low
RISK001659,exempt_non_gst,119350.84,exempt,Not Applicable,True,False,94,True,False,0.0,4700.0,Medium
RISK001660,motor_vehicle,171324.97,28,Blocked,True,True,0,True,False,47970.99,10000.0,Medium
RISK001661,works_contract,139313.31,18,Blocked,True,True,0,True,False,25076.4,10000.0,Medium
RISK001662,motor_vehicle,127927.38,28,Blocked,False,False,87,True,False,35819.67,5886.81,Medium
RISK001663,club_membership,35402.97,18,Blocked,False,False,0,True,False,6372.53,0.0,Low
RISK001664,utilities,62210.0,18,Eligible,True,False,0,True,False,11197.8,0.0,Low
RISK001665,motor_vehicle,159168.91,28,Blocked,True,True,45,True,False,44567.29,13239.03,Medium
RISK001666,food_catering,185482.99,5,Blocked,True,True,67,False,False,9274.15,14156.43,Medium
RISK001667,employee_insurance,32940.06,18,Blocked,True,True,0,True,False,5929.21,10000.0,Medium
RISK001668,rent,56961.95,18,Eligible,True,False,0,True,False,10253.15,0.0,Low
RISK001669,employee_insurance,166904.96,18,Blocked,True,True,0,True,False,30042.89,10000.0,Medium
RISK001670,club_membership,133232.54,18,Blocked,False,False,0,True,False,23981.86,0.0,Low
RISK001671,works_contract,39747.12,18,Blocked,True,True,0,True,False,7154.48,10000.0,Medium
RISK001672,bank_charges,50121.34,18,Eligible,True,False,0,True,False,9021.84,0.0,Low
RISK001673,utilities,184078.73,18,Eligible,True,False,0,True,False,33134.17,0.0,Low
RISK001674,sales_revenue,115844.4,18,Not Applicable,True,False,0,True,False,20851.99,0.0,Low
RISK001675,utilities,61346.72,18,Eligible,True,False,60,True,False,11042.41,3326.73,Medium
RISK001676,exempt_non_gst,87660.12,exempt,Not Applicable,True,False,0,True,False,0.0,0.0,Low
RISK001677,works_contract,71833.02,18,Blocked,True,True,0,False,False,12929.94,10500.0,Medium
RISK001678,club_membership,5771.21,18,Blocked,False,False,0,True,False,1038.82,0.0,Low
RISK001679,sales_revenue,48907.81,18,Not Applicable,True,False,0,True,False,8803.41,0.0,Low
RISK001680,utilities,11180.44,18,Eligible,False,False,0,True,False,2012.48,0.0,Low
RISK001681,sales_revenue,175044.72,18,Not Applicable,True,False,0,True,False,31508.05,0.0,Low
RISK001682,employee_insurance,21856.26,18,Blocked,True,True,73,True,False,3934.13,13791.63,Medium
RISK001683,purchase_goods,24727.81,18,Eligible,True,False,0,True,False,4451.01,0.0,Low
RISK001684,club_membership,29258.3,18,Blocked,False,False,0,True,False,5266.49,0.0,Low
RISK001685,exempt_non_gst,31377.71,exempt,Not Applicable,True,False,120,True,False,0.0,6000.0,Medium
RISK001686,works_contract,40539.62,18,Blocked,True,True,0,True,False,7297.13,10000.0,Medium
RISK001687,rent,41256.58,18,Eligible,True,False,57,True,False,7426.18,3058.75,Medium
RISK001688,utilities,81209.19,18,Eligible,False,False,108,True,False,14617.65,6178.54,Medium
RISK001689,employee_travel,136000,5,Blocked,False,False,56,True,True,6800.0,2987.79,Medium
RISK001690,input_services,163800.75,18,Eligible,True,False,0,True,False,29484.13,0.0,Low
RISK001691,food_catering,96353.06,5,Blocked,True,True,0,True,False,4817.65,10000.0,Medium
RISK001692,utilities,78542.25,18,Eligible,True,False,0,True,False,14137.6,0.0,Low
RISK001693,purchase_goods,57000,18,Eligible,True,False,0,True,True,10260.0,0.0,Low
RISK001694,employee_insurance,178697.58,18,Blocked,True,True,0,False,False,32165.56,10500.0,Medium
RISK001695,food_catering,176543.63,5,Blocked,True,True,0,True,False,8827.18,10000.0,Medium
RISK001696,exempt_non_gst,100889.52,exempt,Not Applicable,True,False,50,True,False,0.0,2500.0,Medium
RISK001697,input_services,70697.47,18,Eligible,False,False,0,True,False,12725.54,0.0,Low
RISK001698,utilities,157099.71,18,Eligible,True,False,9,False,False,28277.95,1075.51,Low
RISK001699,motor_vehicle,192529.72,28,Blocked,True,True,0,True,False,53908.32,10000.0,Medium
RISK001700,employee_insurance,105324.06,18,Blocked,True,True,0,False,False,18958.33,10500.0,Medium
RISK001701,employee_travel,166062.31,5,Blocked,True,True,0,True,False,8303.12,10000.0,Medium
RISK001702,employee_insurance,21690.98,18,Blocked,False,False,0,True,False,3904.38,0.0,Low
RISK001703,sales_revenue,183495.02,18,Not Applicable,False,False,0,False,False,33029.1,500.0,Low
RISK001704,motor_vehicle,151284.87,28,Blocked,True,True,0,True,False,42359.76,10000.0,Medium
RISK001705,exempt_non_gst,150000,exempt,Not Applicable,True,False,0,True,True,0.0,0.0,Low
RISK001706,input_services,64571.26,18,Eligible,True,False,0,False,False,11622.83,500.0,Low
RISK001707,rent,39545.73,18,Eligible,True,False,29,True,False,7118.23,1551.8,Low
RISK001708,exempt_non_gst,105941.63,exempt,Not Applicable,False,False,0,True,False,0.0,0.0,Low
RISK001709,capital_goods,41106.15,18,Eligible,False,False,47,True,False,7399.11,2521.5,Medium
RISK001710,exempt_non_gst,14857.04,exempt,Not Applicable,True,False,117,True,False,0.0,5850.0,Medium
RISK001711,rent,166564.38,18,Eligible,True,False,0,True,False,29981.59,0.0,Low
RISK001712,club_membership,170757.61,18,Blocked,False,False,0,True,False,30736.37,0.0,Low
RISK001713,employee_travel,16089.69,5,Blocked,False,False,0,True,False,804.48,0.0,Low
RISK001714,employee_travel,108337.34,5,Blocked,True,True,38,False,False,5416.87,12501.51,Medium
RISK001715,works_contract,71902.09,18,Blocked,False,False,0,True,False,12942.38,0.0,Low
RISK001716,rent,171000,18,Eligible,False,False,0,True,True,30780.0,0.0,Low
RISK001717,works_contract,178000,18,Blocked,True,True,34,True,True,32040.0,12237.22,Medium
RISK001718,motor_vehicle,52545.78,28,Blocked,True,True,18,True,False,14712.82,11030.6,Medium
RISK001719,bank_charges,184872.77,18,Eligible,True,False,31,True,False,33277.1,2058.73,Medium
RISK001720,employee_travel,181000,5,Blocked,False,False,5,True,True,9050.0,272.32,Low
RISK001721,motor_vehicle,119830.45,28,Blocked,True,True,0,True,False,33552.53,10000.0,Medium
RISK001722,utilities,144804.29,18,Eligible,True,False,0,True,False,26064.77,0.0,Low
RISK001723,food_catering,61000,5,Blocked,False,False,3,False,True,3050.0,654.51,Low
RISK001724,sales_revenue,162000,18,Not Applicable,True,False,88,True,True,29160.0,5665.46,Medium
RISK001725,food_catering,10902.01,5,Blocked,False,False,56,True,False,545.1,2815.05,Medium
RISK001726,capital_goods,87871.59,18,Eligible,False,False,48,True,False,15816.89,2774.41,Medium
RISK001727,purchase_goods,48014.96,18,Eligible,True,False,0,True,False,8642.69,0.0,Low
RISK001728,sales_revenue,158739.58,18,Not Applicable,True,False,2,True,False,28573.12,128.18,Low
RISK001729,purchase_goods,15784.03,18,Eligible,True,False,0,True,False,2841.13,0.0,Low
RISK001730,employee_insurance,178139.73,18,Blocked,False,False,0,True,False,32065.15,0.0,Low
RISK001731,employee_insurance,15822.36,18,Blocked,True,True,0,True,False,2848.02,10000.0,Medium
RISK001732,bank_charges,179579.22,18,Eligible,False,False,0,True,False,32324.26,0.0,Low
RISK001733,club_membership,58890.34,18,Blocked,True,True,0,True,False,10600.26,10000.0,Medium
RISK001734,club_membership,21323.45,18,Blocked,True,True,0,False,False,3838.22,10500.0,Medium
RISK001735,capital_goods,41109.21,18,Eligible,True,False,30,True,False,7399.66,1609.47,Low
RISK001736,capital_goods,74791.8,18,Eligible,False,False,0,False,False,13462.52,500.0,Low
RISK001737,employee_insurance,152956.3,18,Blocked,False,False,0,True,False,27532.13,0.0,Low
RISK001738,employee_travel,77143.24,5,Blocked,False,False,0,True,False,3857.16,0.0,Low
RISK001739,food_catering,4260.27,5,Blocked,True,True,0,True,False,213.01,10000.0,Medium
RISK001740,employee_insurance,86501.45,18,Blocked,True,True,0,True,False,15570.26,10000.0,Medium
RISK001741,purchase_goods,182055.77,18,Eligible,False,False,0,True,False,32770.04,0.0,Low
RISK001742,sales_revenue,118396.25,18,Not Applicable,False,False,0,True,False,21311.33,0.0,Low
RISK001743,motor_vehicle,156631.23,28,Blocked,False,False,104,True,False,43856.74,7449.31,Medium
RISK001744,works_contract,186528.3,18,Blocked,True,True,69,True,False,33575.09,14592.47,Medium
RISK001745,employee_travel,153917.96,5,Blocked,True,True,60,True,False,7695.9,13227.71,Medium
RISK001746,input_services,181588.66,18,Eligible,True,False,36,True,False,32685.96,2380.29,Medium
RISK001747,club_membership,59517.07,18,Blocked,True,True,0,True,False,10713.07,10000.0,Medium
RISK001748,utilities,156594.04,18,Eligible,False,False,16,True,False,28186.93,1022.41,Low
RISK001749,exempt_non_gst,53271.25,exempt,Not Applicable,True,False,0,True,False,0.0,0.0,Low
RISK001750,bank_charges,96301.48,18,Eligible,False,False,0,True,False,17334.27,0.0,Low
RISK001751,utilities,179460.33,18,Eligible,True,False,57,True,False,32302.86,3758.02,Medium
RISK001752,utilities,52278.39,18,Eligible,True,False,0,True,False,9410.11,0.0,Low
RISK001753,employee_insurance,10391.15,18,Blocked,True,True,0,True,False,1870.41,10000.0,Medium
RISK001754,employee_travel,63808.22,5,Blocked,True,True,0,False,False,3190.41,10500.0,Medium
RISK001755,utilities,3715.58,18,Eligible,False,False,70,True,False,668.8,3523.09,Medium
RISK001756,bank_charges,22278.11,18,Eligible,True,False,0,True,False,4010.06,0.0,Low
RISK001757,employee_travel,74586.19,5,Blocked,False,False,0,True,False,3729.31,0.0,Low
RISK001758,input_services,5426.57,18,Eligible,True,False,0,False,False,976.78,500.0,Low
RISK001759,bank_charges,94401.66,18,Eligible,False,False,21,True,False,16992.3,1225.98,Low
RISK001760,input_services,182418.6,18,Eligible,True,False,104,True,False,32835.35,6884.05,Medium
RISK001761,works_contract,101882.36,18,Blocked,True,True,0,True,False,18338.82,10000.0,Medium
RISK001762,purchase_goods,132000,18,Eligible,True,False,84,True,True,23760.0,5184.25,Medium
RISK001763,rent,113297.78,18,Eligible,False,False,94,True,False,20393.6,5645.37,Medium
RISK001764,exempt_non_gst,175756.68,exempt,Not Applicable,False,False,85,True,False,0.0,4250.0,Medium
RISK001765,utilities,39407.21,18,Eligible,True,False,43,True,False,7093.3,2300.42,Medium
RISK001766,bank_charges,46562.7,18,Eligible,True,False,89,True,False,8381.29,4817.86,Medium
RISK001767,motor_vehicle,72695.29,28,Blocked,True,True,0,False,False,20354.68,10500.0,Medium
RISK001768,employee_travel,46454.79,5,Blocked,False,False,0,True,False,2322.74,0.0,Low
RISK001769,club_membership,49366.31,18,Blocked,False,False,86,True,False,8885.94,4676.86,Medium
RISK001770,utilities,68643.57,18,Eligible,True,False,0,True,False,12355.84,0.0,Low
RISK001771,food_catering,126709.64,5,Blocked,False,False,113,True,False,6335.48,6003.05,Medium
RISK001772,motor_vehicle,53043.54,28,Blocked,True,True,96,True,False,14852.19,15503.14,High
RISK001773,exempt_non_gst,86568.26,exempt,Not Applicable,True,False,17,True,False,0.0,850.0,Low
RISK001774,motor_vehicle,180899.95,28,Blocked,True,True,0,True,False,50651.99,10000.0,Medium
RISK001775,capital_goods,67693.25,18,Eligible,False,False,0,True,False,12184.78,0.0,Low
RISK001776,works_contract,9524.92,18,Blocked,False,False,0,True,False,1714.49,0.0,Low
RISK001777,food_catering,148269.15,5,Blocked,True,True,90,True,False,7413.46,14829.04,Medium
RISK001778,sales_revenue,118000,18,Not Applicable,False,False,0,True,True,21240.0,0.0,Low
RISK001779,employee_travel,74289.84,5,Blocked,True,True,0,True,False,3714.49,10000.0,Medium
RISK001780,employee_travel,56000,5,Blocked,False,False,0,True,True,2800.0,0.0,Low
RISK001781,club_membership,179511.67,18,Blocked,True,True,55,True,False,32312.1,13626.41,Medium
RISK001782,sales_revenue,36093.95,18,Not Applicable,True,False,95,False,False,6496.91,5554.38,Medium
RISK001783,motor_vehicle,104067.43,28,Blocked,True,True,13,True,False,29138.88,10836.81,Medium
RISK001784,utilities,55132.78,18,Eligible,True,False,37,False,False,9923.9,2531.08,Medium
RISK001785,employee_travel,150817.03,5,Blocked,False,False,19,True,False,7540.85,1020.66,Low
RISK001786,club_membership,151095.52,18,Blocked,True,True,115,True,False,27197.19,17292.42,High
RISK001787,purchase_goods,97929.0,18,Eligible,False,False,0,True,False,17627.22,0.0,Low
RISK001788,motor_vehicle,146551.84,28,Blocked,True,True,38,False,False,41034.52,13168.98,Medium
RISK001789,exempt_non_gst,24428.15,exempt,Not Applicable,False,False,0,True,False,0.0,0.0,Low
RISK001790,utilities,146460.93,18,Eligible,True,False,0,True,False,26362.97,0.0,Low
RISK001791,works_contract,15332.89,18,Blocked,True,True,0,True,False,2759.92,10000.0,Medium
RISK001792,employee_insurance,155520.59,18,Blocked,False,False,0,False,False,27993.71,500.0,Low
RISK001793,works_contract,158942.38,18,Blocked,True,True,85,True,False,28609.63,15449.25,High
RISK001794,employee_insurance,125643.37,18,Blocked,True,True,112,False,False,22615.81,17349.14,High
RISK001795,utilities,94288.02,18,Eligible,True,False,0,True,False,16971.84,0.0,Low
RISK001796,employee_insurance,175234.86,18,Blocked,False,False,96,True,False,31542.27,6293.29,Medium
RISK001797,food_catering,111768.56,5,Blocked,True,True,0,True,False,5588.43,10000.0,Medium
RISK001798,motor_vehicle,126389.76,28,Blocked,True,True,0,True,False,35389.13,10000.0,Medium
RISK001799,utilities,168218.02,18,Eligible,False,False,63,True,False,30279.24,4090.73,Medium
RISK001800,bank_charges,108910.96,18,Eligible,True,False,0,False,False,19603.97,500.0,Low
RISK001801,sales_revenue,57810.64,18,Not Applicable,False,False,0,True,False,10405.92,0.0,Low
RISK001802,food_catering,191284.95,5,Blocked,True,True,0,True,False,9564.25,10000.0,Medium
RISK001803,food_catering,168104.11,5,Blocked,False,False,88,True,False,8405.21,4764.76,Medium
RISK001804,club_membership,43413.68,18,Blocked,False,False,0,True,False,7814.46,0.0,Low
RISK001805,employee_insurance,63864.86,18,Blocked,True,True,0,True,False,11495.67,10000.0,Medium
RISK001806,utilities,97358.33,18,Eligible,True,False,6,True,False,17524.5,351.85,Low
RISK001807,employee_travel,175186.58,5,Blocked,True,True,15,False,False,8759.33,11314.8,Medium
RISK001808,bank_charges,26278.46,18,Eligible,True,False,3,True,False,4730.12,157.0,Low
RISK001809,works_contract,66990.97,18,Blocked,True,True,9,True,False,12058.37,10503.52,Medium
RISK001810,bank_charges,107326.8,18,Eligible,False,False,51,True,False,19318.82,3035.88,Medium
RISK001811,sales_revenue,32700.13,18,Not Applicable,True,False,0,True,False,5886.02,0.0,Low
RISK001812,purchase_goods,7696.96,18,Eligible,True,False,14,True,False,1385.45,709.57,Low
RISK001813,purchase_goods,31810.63,18,Eligible,True,False,0,True,False,5725.91,0.0,Low
RISK001814,utilities,150108.12,18,Eligible,False,False,0,True,False,27019.46,0.0,Low
RISK001815,utilities,172465.75,18,Eligible,True,False,0,True,False,31043.83,0.0,Low
RISK001816,purchase_goods,3440.99,18,Eligible,False,False,20,True,False,619.38,1006.11,Low
RISK001817,motor_vehicle,39259.67,28,Blocked,True,True,0,True,False,10992.71,10000.0,Medium
RISK001818,purchase_goods,60779.72,18,Eligible,True,False,0,False,False,10940.35,500.0,Low
RISK001819,motor_vehicle,58602.11,28,Blocked,True,True,72,True,False,16408.59,14182.62,Medium
RISK001820,works_contract,106874.18,18,Blocked,True,True,0,True,False,19237.35,10000.0,Medium
RISK001821,bank_charges,153000,18,Eligible,False,False,0,True,True,27540.0,0.0,Low
RISK001822,sales_revenue,46807.05,18,Not Applicable,True,False,83,True,False,8425.27,4494.86,Medium
RISK001823,employee_insurance,195175.58,18,Blocked,True,True,0,True,False,35131.6,10000.0,Medium
RISK001824,rent,17235.81,18,Eligible,True,False,67,True,False,3102.45,3452.51,Medium
RISK001825,rent,12257.13,18,Eligible,True,False,0,True,False,2206.28,0.0,Low
RISK001826,purchase_goods,64627.87,18,Eligible,True,False,0,True,False,11633.02,0.0,Low
RISK001827,sales_revenue,112700.69,18,Not Applicable,True,False,0,False,False,20286.12,500.0,Low
RISK001828,food_catering,141919.2,5,Blocked,True,True,94,True,False,7095.96,15028.94,High
RISK001829,works_contract,15962.14,18,Blocked,True,True,0,True,False,2873.19,10000.0,Medium
RISK001830,rent,87801.45,18,Eligible,False,False,0,True,False,15804.26,0.0,Low
RISK001831,sales_revenue,105155.52,18,Not Applicable,True,False,54,True,False,18927.99,3204.05,Medium
RISK001832,motor_vehicle,199150.99,28,Blocked,False,False,35,True,False,55762.28,2712.47,Medium
RISK001833,bank_charges,112980.17,18,Eligible,True,False,0,True,False,20336.43,0.0,Low
RISK001834,works_contract,74565.03,18,Blocked,True,True,0,True,False,13421.71,10000.0,Medium
RISK001835,works_contract,144165.99,18,Blocked,False,False,0,True,False,25949.88,0.0,Low
RISK001836,purchase_goods,64000,18,Eligible,True,False,0,False,True,11520.0,500.0,Low
RISK001837,works_contract,38000,18,Blocked,True,True,0,True,True,6840.0,10000.0,Medium
RISK001838,food_catering,119093.66,5,Blocked,True,True,114,True,False,5954.68,16034.77,High
RISK001839,rent,55278.83,18,Eligible,False,False,75,True,False,9950.19,4118.02,Medium
RISK001840,sales_revenue,81000,18,Not Applicable,True,False,0,True,True,14580.0,0.0,Low
RISK001841,input_services,21043.77,18,Eligible,True,False,0,True,False,3787.88,0.0,Low
RISK001842,club_membership,117669.75,18,Blocked,False,False,0,True,False,21180.56,0.0,Low
RISK001843,utilities,193348.45,18,Eligible,False,False,117,True,False,34802.72,7858.07,Medium
RISK001844,sales_revenue,46750.29,18,Not Applicable,True,False,79,True,False,8415.05,4277.84,Medium
RISK001845,exempt_non_gst,549.25,exempt,Not Applicable,True,False,18,True,False,0.0,900.0,Low
RISK001846,employee_insurance,94601.97,18,Blocked,True,True,31,True,False,17028.35,11810.32,Medium
RISK001847,motor_vehicle,141395.8,28,Blocked,True,True,41,True,False,39590.82,12850.49,Medium
RISK001848,exempt_non_gst,43172.92,exempt,Not Applicable,True,False,36,True,False,0.0,1800.0,Low
RISK001849,club_membership,88608.54,18,Blocked,True,True,0,True,False,15949.54,10000.0,Medium
RISK001850,employee_insurance,69962.01,18,Blocked,True,True,0,True,False,12593.16,10000.0,Medium
RISK001851,works_contract,85103.55,18,Blocked,True,True,118,False,False,15318.64,17291.42,High
RISK001852,input_services,186671.89,18,Eligible,False,False,0,True,False,33600.94,0.0,Low
RISK001853,employee_travel,62422.94,5,Blocked,True,True,0,True,False,3121.15,10000.0,Medium
RISK001854,employee_travel,54969.05,5,Blocked,True,True,51,True,False,2748.45,12619.13,Medium
RISK001855,utilities,55197.68,18,Eligible,True,False,4,True,False,9935.58,219.6,Low
RISK001856,employee_travel,126631.9,5,Blocked,True,True,0,True,False,6331.6,10000.0,Medium
RISK001857,sales_revenue,21225.51,18,Not Applicable,True,False,92,True,False,3820.59,4773.34,Medium
RISK001858,exempt_non_gst,170263.15,exempt,Not Applicable,True,False,16,True,False,0.0,800.0,Low
RISK001859,purchase_goods,63190.19,18,Eligible,False,False,0,True,False,11374.23,0.0,Low
RISK001860,works_contract,3826.55,18,Blocked,False,False,41,False,False,688.78,2563.93,Medium
RISK001861,employee_travel,144566.04,5,Blocked,True,True,0,True,False,7228.3,10000.0,Medium
RISK001862,employee_insurance,134093.41,18,Blocked,True,True,65,True,False,24136.81,14023.7,Medium
RISK001863,input_services,88958.07,18,Eligible,True,False,0,True,False,16012.45,0.0,Low
RISK001864,works_contract,168503.74,18,Blocked,False,False,0,True,False,30330.67,0.0,Low
RISK001865,food_catering,113850.57,5,Blocked,True,True,60,True,False,5692.53,13168.44,Medium
RISK001866,input_services,146045.3,18,Eligible,True,False,3,True,False,26288.15,188.89,Low
RISK001867,rent,127770.15,18,Eligible,True,False,32,True,False,22998.63,1962.94,Low
RISK001868,exempt_non_gst,38621.67,exempt,Not Applicable,False,False,0,True,False,0.0,0.0,Low
RISK001869,input_services,56153.2,18,Eligible,True,False,0,True,False,10107.58,0.0,Low
RISK001870,rent,35833.86,18,Eligible,True,False,34,True,False,6450.09,1808.15,Low
RISK001871,bank_charges,70097.41,18,Eligible,True,False,0,True,False,12617.53,0.0,Low
RISK001872,purchase_goods,189958.19,18,Eligible,True,False,0,True,False,34192.47,0.0,Low
RISK001873,motor_vehicle,69710.85,28,Blocked,False,False,27,True,False,19519.04,1609.9,Low
RISK001874,club_membership,166056.61,18,Blocked,False,False,0,True,False,29890.19,0.0,Low
RISK001875,food_catering,52538.76,5,Blocked,False,False,0,True,False,2626.94,0.0,Low
RISK001876,food_catering,118000,5,Blocked,True,True,0,True,True,5900.0,10000.0,Medium
RISK001877,works_contract,21370.29,18,Blocked,True,True,21,True,False,3846.65,11089.84,Medium
RISK001878,employee_insurance,180644.48,18,Blocked,True,True,0,True,False,32516.01,10000.0,Medium
RISK001879,sales_revenue,4839.12,18,Not Applicable,False,False,0,True,False,871.04,0.0,Low
RISK001880,motor_vehicle,94977.63,28,Blocked,True,True,77,True,False,26593.74,14859.83,Medium
RISK001881,utilities,8505.73,18,Eligible,False,False,0,False,False,1531.03,500.0,Low
RISK001882,capital_goods,84486.7,18,Eligible,False,False,52,True,False,15207.61,2989.98,Medium
RISK001883,input_services,184509.54,18,Eligible,False,False,68,True,False,33211.72,4513.73,Medium
RISK001884,sales_revenue,28340.07,18,Not Applicable,True,False,7,False,False,5101.21,867.61,Low
RISK001885,sales_revenue,28721.46,18,Not Applicable,True,False,0,True,False,5169.86,0.0,Low
RISK001886,rent,176649.47,18,Eligible,True,False,0,True,False,31796.9,0.0,Low
RISK001887,capital_goods,144964.81,18,Eligible,True,False,100,True,False,26093.67,6286.81,Medium
RISK001888,bank_charges,20432.74,18,Eligible,True,False,0,True,False,3677.89,0.0,Low
RISK001889,motor_vehicle,166353.72,28,Blocked,False,False,13,True,False,46579.04,948.62,Low
RISK001890,input_services,80276.77,18,Eligible,True,False,0,True,False,14449.82,0.0,Low
RISK001891,employee_travel,79073.15,5,Blocked,True,True,0,True,False,3953.66,10000.0,Medium
RISK001892,rent,177174.83,18,Eligible,True,False,0,True,False,31891.47,0.0,Low
RISK001893,purchase_goods,122308.02,18,Eligible,False,False,83,True,False,22015.44,5051.13,Medium
RISK001894,purchase_goods,42640.85,18,Eligible,True,False,0,True,False,7675.35,0.0,Low
RISK001895,utilities,62562.87,18,Eligible,True,False,0,True,False,11261.32,0.0,Low
RISK001896,input_services,33126.8,18,Eligible,True,False,60,True,False,5962.82,3176.43,Medium
RISK001897,works_contract,20730.32,18,Blocked,False,False,2,True,False,3731.46,103.68,Low
RISK001898,club_membership,77106.06,18,Blocked,True,True,0,False,False,13879.09,10500.0,Medium
RISK001899,sales_revenue,11375.0,18,Not Applicable,True,False,15,True,False,2047.5,765.15,Low
RISK001900,food_catering,100661.29,5,Blocked,False,False,109,True,False,5033.06,5720.54,Medium
RISK001901,sales_revenue,36178.49,18,Not Applicable,True,False,112,True,False,6512.13,5959.68,Medium
RISK001902,bank_charges,189666.14,18,Eligible,False,False,0,True,False,34139.91,0.0,Low
RISK001903,exempt_non_gst,91270.38,exempt,Not Applicable,True,False,0,True,False,0.0,0.0,Low
RISK001904,bank_charges,10489.67,18,Eligible,True,False,0,True,False,1888.14,0.0,Low
RISK001905,sales_revenue,164000,18,Not Applicable,True,False,0,True,True,29520.0,0.0,Low
RISK001906,bank_charges,59887.83,18,Eligible,True,False,0,True,False,10779.81,0.0,Low
RISK001907,motor_vehicle,50101.03,28,Blocked,True,True,0,True,False,14028.29,10000.0,Medium
RISK001908,motor_vehicle,178596.98,28,Blocked,True,True,0,True,False,50007.15,10000.0,Medium
RISK001909,exempt_non_gst,186487.13,exempt,Not Applicable,False,False,6,True,False,0.0,300.0,Low
RISK001910,input_services,122066.02,18,Eligible,False,False,13,True,False,21971.88,790.86,Low
RISK001911,capital_goods,67885.66,18,Eligible,True,False,0,True,False,12219.42,0.0,Low
RISK001912,works_contract,51743.17,18,Blocked,True,True,108,False,False,9313.77,16396.05,High
RISK001913,sales_revenue,38732.91,18,Not Applicable,True,False,0,True,False,6971.92,0.0,Low
RISK001914,rent,139004.3,18,Eligible,True,False,28,True,False,25020.77,1745.49,Low
RISK001915,works_contract,137928.23,18,Blocked,True,True,0,True,False,24827.08,10000.0,Medium
RISK001916,input_services,135802.55,18,Eligible,True,False,0,True,False,24444.46,0.0,Low
RISK001917,input_services,55316.35,18,Eligible,True,False,82,True,False,9956.94,4502.64,Medium
RISK001918,purchase_goods,141947.2,18,Eligible,True,False,94,True,False,25550.5,5884.42,Medium
RISK001919,employee_travel,84442.57,5,Blocked,True,True,0,True,False,4222.13,10000.0,Medium
RISK001920,bank_charges,68448.9,18,Eligible,True,False,0,True,False,12320.8,0.0,Low
RISK001921,rent,106681.95,18,Eligible,True,False,0,True,False,19202.75,0.0,Low
RISK001922,employee_travel,193560.86,5,Blocked,True,True,45,True,False,9678.04,12464.77,Medium
RISK001923,club_membership,74000,18,Blocked,True,True,0,True,True,13320.0,10000.0,Medium
RISK001924,employee_travel,117000,5,Blocked,True,True,54,False,True,5850.0,13355.79,Medium
RISK001925,utilities,111509.68,18,Eligible,True,False,0,False,False,20071.74,500.0,Low
RISK001926,employee_travel,189789.41,5,Blocked,True,True,0,True,False,9489.47,10000.0,Medium
RISK001927,utilities,36135.18,18,Eligible,True,False,95,False,False,6504.33,5554.72,Medium
RISK001928,bank_charges,150380.54,18,Eligible,True,False,41,True,False,27068.5,2597.3,Medium
RISK001929,employee_insurance,177009.19,18,Blocked,False,False,41,True,False,31861.65,2694.22,Medium
RISK001930,rent,171881.79,18,Eligible,True,False,0,True,False,30938.72,0.0,Low
RISK001931,exempt_non_gst,35936.51,exempt,Not Applicable,True,False,0,True,False,0.0,0.0,Low
RISK001932,input_services,136828.68,18,Eligible,True,False,54,False,False,24629.16,3855.88,Medium
RISK001933,employee_insurance,6293.68,18,Blocked,True,True,65,False,False,1132.86,13786.31,Medium
RISK001934,works_contract,82050.67,18,Blocked,True,True,22,True,False,14769.12,11260.23,Medium
RISK001935,capital_goods,190393.29,18,Eligible,True,False,102,True,False,34270.79,6823.87,Medium
RISK001936,exempt_non_gst,39009.8,exempt,Not Applicable,False,False,0,True,False,0.0,0.0,Low
RISK001937,food_catering,187459.61,5,Blocked,False,False,0,True,False,9372.98,0.0,Low
RISK001938,rent,115731.65,18,Eligible,True,False,57,False,False,20831.7,3935.57,Medium
RISK001939,food_catering,100292.88,5,Blocked,True,True,43,True,False,5014.64,12256.34,Medium
RISK001940,rent,92711.34,18,Eligible,False,False,0,True,False,16688.04,0.0,Low
RISK001941,exempt_non_gst,104193.62,exempt,Not Applicable,True,False,0,True,False,0.0,0.0,Low
RISK001942,works_contract,107699.62,18,Blocked,False,False,69,True,False,19385.93,4109.65,Medium
RISK001943,exempt_non_gst,145343.33,exempt,Not Applicable,True,False,0,True,False,0.0,0.0,Low
RISK001944,bank_charges,80186.17,18,Eligible,False,False,57,True,False,14433.51,3255.72,Medium
RISK001945,input_services,169490.54,18,Eligible,False,False,102,True,False,30508.3,6634.61,Medium
RISK001946,motor_vehicle,131479.13,28,Blocked,True,True,0,True,False,36814.16,10000.0,Medium
RISK001947,bank_charges,128586.1,18,Eligible,True,False,63,True,False,23145.5,3869.1,Medium
RISK001948,bank_charges,59410.77,18,Eligible,True,False,90,True,False,10693.94,4974.64,Medium
RISK001949,purchase_goods,152383.89,18,Eligible,True,False,0,True,False,27429.1,0.0,Low
RISK001950,bank_charges,142903.72,18,Eligible,True,False,73,True,False,25722.67,4576.02,Medium
RISK001951,food_catering,134819.1,5,Blocked,True,True,17,True,False,6740.95,10906.51,Medium
RISK001952,motor_vehicle,51832.5,28,Blocked,True,True,75,True,False,14513.1,14286.79,Medium
RISK001953,utilities,73150.28,18,Eligible,True,False,67,True,False,13167.05,3785.05,Medium
RISK001954,input_services,194494.46,18,Eligible,True,False,65,True,False,35009.0,4372.21,Medium
RISK001955,exempt_non_gst,185253.42,exempt,Not Applicable,True,False,62,True,False,0.0,3100.0,Medium
RISK001956,purchase_goods,133914.59,18,Eligible,True,False,0,True,False,24104.63,0.0,Low
RISK001957,employee_travel,155713.86,5,Blocked,False,False,46,True,False,7785.69,2476.62,Medium
RISK001958,employee_insurance,181307.25,18,Blocked,False,False,101,True,False,32635.31,6675.51,Medium
RISK001959,works_contract,40904.73,18,Blocked,True,True,0,True,False,7362.85,10000.0,Medium
RISK001960,capital_goods,54658.98,18,Eligible,False,False,69,True,False,9838.62,3784.78,Medium
RISK001961,purchase_goods,89603.25,18,Eligible,True,False,0,True,False,16128.58,0.0,Low
RISK001962,employee_insurance,171575.76,18,Blocked,True,True,23,True,False,30883.64,11500.3,Medium
RISK001963,club_membership,55856.57,18,Blocked,False,False,118,True,False,10054.18,6485.07,Medium
RISK001964,club_membership,60900.79,18,Blocked,True,True,0,True,False,10962.14,10000.0,Medium
RISK001965,capital_goods,107618.26,18,Eligible,False,False,0,True,False,19371.29,0.0,Low
RISK001966,capital_goods,88658.67,18,Eligible,True,False,0,True,False,15958.56,0.0,Low
RISK001967,utilities,114081.19,18,Eligible,True,False,15,True,False,20534.61,901.9,Low
RISK001968,employee_insurance,39362.35,18,Blocked,False,False,59,False,False,7085.22,3656.15,Medium
RISK001969,motor_vehicle,120470.15,28,Blocked,True,True,0,True,False,33731.64,10000.0,Medium
RISK001970,employee_insurance,60277.63,18,Blocked,False,False,0,True,False,10849.97,0.0,Low
RISK001971,utilities,125371.38,18,Eligible,True,False,24,True,False,22566.85,1467.09,Low
RISK001972,club_membership,94366.01,18,Blocked,True,True,0,True,False,16985.88,10000.0,Medium
RISK001973,exempt_non_gst,88918.07,exempt,Not Applicable,True,False,0,True,False,0.0,0.0,Low
RISK001974,sales_revenue,46744.66,18,Not Applicable,True,False,0,True,False,8414.04,0.0,Low
RISK001975,employee_insurance,60362.25,18,Blocked,True,True,20,True,False,10865.2,11107.16,Medium
RISK001976,motor_vehicle,157269.32,28,Blocked,False,False,21,True,False,44035.41,1506.04,Low
RISK001977,food_catering,130871.38,5,Blocked,False,False,35,True,False,6543.57,1862.94,Low
RISK001978,exempt_non_gst,166970.59,exempt,Not Applicable,True,False,0,True,False,0.0,0.0,Low
RISK001979,bank_charges,90216.72,18,Eligible,True,False,0,True,False,16239.01,0.0,Low
RISK001980,motor_vehicle,11533.83,28,Blocked,True,True,18,False,False,3229.47,11428.67,Medium
RISK001981,purchase_goods,163797.35,18,Eligible,True,False,33,True,False,29483.52,2129.81,Medium
RISK001982,bank_charges,85785.92,18,Eligible,True,False,95,True,False,15441.47,5473.42,Medium
RISK001983,club_membership,88300.58,18,Blocked,True,True,0,True,False,15894.1,10000.0,Medium
RISK001984,works_contract,118791.58,18,Blocked,False,False,100,True,False,21382.48,6054.48,Medium
RISK001985,works_contract,98000,18,Blocked,True,True,49,True,True,17640.0,12876.26,Medium
RISK001986,bank_charges,55571.22,18,Eligible,True,False,15,True,False,10002.82,823.99,Low
RISK001987,capital_goods,65246.83,18,Eligible,False,False,0,True,False,11744.43,0.0,Low
RISK001988,utilities,115030.58,18,Eligible,True,False,0,True,False,20705.5,0.0,Low
RISK001989,employee_insurance,52513.47,18,Blocked,True,True,0,True,False,9452.42,10000.0,Medium
RISK001990,capital_goods,174209.7,18,Eligible,True,False,110,True,False,31357.75,7201.05,Medium
RISK001991,works_contract,176974.75,18,Blocked,True,True,0,True,False,31855.46,10000.0,Medium
RISK001992,employee_insurance,194302.01,18,Blocked,True,True,120,True,False,34974.36,18069.72,High
RISK001993,motor_vehicle,85752.52,28,Blocked,False,False,107,True,False,24010.71,6616.98,Medium
RISK001994,club_membership,75008.13,18,Blocked,True,True,65,True,False,13501.46,13682.79,Medium
RISK001995,club_membership,98655.89,18,Blocked,True,True,95,True,False,17758.06,15581.95,High
RISK001996,club_membership,156227.35,18,Blocked,True,True,109,True,False,28120.92,16961.6,High
RISK001997,food_catering,122201.28,5,Blocked,False,False,99,True,False,6110.06,5248.3,Medium
RISK001998,food_catering,90532.07,5,Blocked,False,False,84,True,False,4526.6,4387.51,Medium
RISK001999,employee_travel,68292.04,5,Blocked,True,True,105,False,False,3414.6,15926.81,High
RISK002000,motor_vehicle,115160.2,28,Blocked,True,True,3,True,False,32244.86,10197.7,Medium
RISK002001,input_services,52141.16,18,Eligible,True,False,42,True,False,9385.41,2294.39,Medium
RISK002002,rent,154100.6,18,Eligible,True,False,0,False,False,27738.11,500.0,Low
RISK002003,input_services,38175.05,18,Eligible,True,False,0,True,False,6871.51,0.0,Low
RISK002004,exempt_non_gst,8370.79,exempt,Not Applicable,True,False,0,True,False,0.0,0.0,Low
RISK002005,rent,131804.33,18,Eligible,True,False,0,False,False,23724.78,500.0,Low
RISK002006,rent,154582.89,18,Eligible,True,False,57,True,False,27824.92,3632.15,Medium
RISK002007,purchase_goods,89068.52,18,Eligible,False,False,49,True,False,16032.33,2837.41,Medium
RISK002008,rent,41523.64,18,Eligible,True,False,12,False,False,7474.26,1144.23,Low
RISK002009,employee_travel,145041.41,5,Blocked,True,True,16,False,False,7252.07,11357.22,Medium
RISK002010,bank_charges,150061.68,18,Eligible,True,False,0,False,False,27011.1,500.0,Low
RISK002011,bank_charges,95856.8,18,Eligible,True,False,3,True,False,17254.22,175.53,Low
RISK002012,motor_vehicle,192000,28,Blocked,True,True,0,True,True,53760.0,10000.0,Medium
RISK002013,exempt_non_gst,130574.37,exempt,Not Applicable,True,False,84,True,False,0.0,4200.0,Medium
RISK002014,food_catering,3662.08,5,Blocked,False,False,115,True,False,183.1,5760.38,Medium
RISK002015,rent,35883.0,18,Eligible,True,False,0,True,False,6458.94,0.0,Low
RISK002016,purchase_goods,12705.7,18,Eligible,False,False,85,True,False,2287.03,4345.87,Medium
RISK002017,exempt_non_gst,31917.8,exempt,Not Applicable,True,False,20,True,False,0.0,1000.0,Low
RISK002018,input_services,73331.07,18,Eligible,False,False,4,True,False,13199.59,226.04,Low
RISK002019,employee_insurance,74950.23,18,Blocked,False,False,4,True,False,13491.04,226.61,Low
RISK002020,food_catering,7327.44,5,Blocked,False,False,6,True,False,366.37,301.08,Low
RISK002021,works_contract,105278.32,18,Blocked,True,True,0,False,False,18950.1,10500.0,Medium
RISK002022,capital_goods,22925.91,18,Eligible,True,False,110,False,False,4126.66,6223.86,Medium
RISK002023,exempt_non_gst,120852.58,exempt,Not Applicable,True,False,0,True,False,0.0,0.0,Low
RISK002024,input_services,64913.85,18,Eligible,True,False,86,True,False,11684.49,4795.55,Medium
RISK002025,works_contract,166302.33,18,Blocked,True,True,0,True,False,29934.42,10000.0,Medium
RISK002026,input_services,45497.59,18,Eligible,True,False,0,True,False,8189.57,0.0,Low
RISK002027,capital_goods,50330.87,18,Eligible,True,False,39,True,False,9059.56,2124.24,Medium
RISK002028,employee_insurance,118361.54,18,Blocked,True,True,35,True,False,21305.08,12117.73,Medium
RISK002029,motor_vehicle,75266.75,28,Blocked,True,True,109,True,False,21074.69,16582.84,High
RISK002030,motor_vehicle,127000,28,Blocked,False,False,2,True,True,35560.0,135.07,Low
RISK002031,sales_revenue,47946.95,18,Not Applicable,True,False,0,True,False,8630.45,0.0,Low
RISK002032,rent,125928.23,18,Eligible,False,False,58,False,False,22667.08,4048.34,Medium
RISK002033,utilities,109402.95,18,Eligible,True,False,0,True,False,19692.53,0.0,Low
RISK002034,bank_charges,199338.8,18,Eligible,True,False,0,True,False,35880.98,0.0,Low
RISK002035,food_catering,133000,5,Blocked,True,True,0,True,True,6650.0,10000.0,Medium
RISK002036,bank_charges,85589.65,18,Eligible,True,False,0,True,False,15406.14,0.0,Low
RISK002037,exempt_non_gst,22671.82,exempt,Not Applicable,True,False,0,True,False,0.0,0.0,Low
RISK002038,motor_vehicle,110883.06,28,Blocked,False,False,65,True,False,31047.26,4245.21,Medium
RISK002039,club_membership,39378.16,18,Blocked,False,False,0,True,False,7088.07,0.0,Low
RISK002040,bank_charges,105352.15,18,Eligible,False,False,68,True,False,18963.39,4035.92,Medium
RISK002041,bank_charges,108121.71,18,Eligible,True,False,22,True,False,19461.91,1311.15,Low
RISK002042,input_services,127164.01,18,Eligible,False,False,0,False,False,22889.52,500.0,Low
RISK002043,club_membership,188467.3,18,Blocked,True,True,36,True,False,33924.11,12402.27,Medium
RISK002044,motor_vehicle,59651.04,28,Blocked,False,False,115,True,False,16702.29,6697.23,Medium
RISK002045,works_contract,187659.59,18,Blocked,True,True,0,True,False,33778.73,10000.0,Medium
RISK002046,works_contract,122816.89,18,Blocked,False,False,0,True,False,22107.04,0.0,Low
RISK002047,exempt_non_gst,32470.46,exempt,Not Applicable,False,False,32,True,False,0.0,1600.0,Low
RISK002048,motor_vehicle,78504.43,28,Blocked,True,True,10,True,False,21981.24,10608.4,Medium
RISK002049,input_services,178581.38,18,Eligible,True,False,87,True,False,32144.65,5729.14,Medium
RISK002050,employee_insurance,55456.32,18,Blocked,True,True,67,True,False,9982.14,13679.82,Medium
RISK002051,employee_insurance,119890.08,18,Blocked,True,True,0,True,False,21580.21,10000.0,Medium
RISK002052,employee_travel,91146.3,5,Blocked,True,True,117,True,False,4557.31,16112.95,High
RISK002053,purchase_goods,76609.59,18,Eligible,False,False,0,True,False,13789.73,0.0,Low
RISK002054,works_contract,138441.67,18,Blocked,False,False,29,True,False,24919.5,1806.38,Low
RISK002055,works_contract,120861.56,18,Blocked,True,True,0,True,False,21755.08,10000.0,Medium
RISK002056,exempt_non_gst,140469.01,exempt,Not Applicable,True,False,0,True,False,0.0,0.0,Low
RISK002057,exempt_non_gst,144948.45,exempt,Not Applicable,True,False,0,True,False,0.0,0.0,Low
RISK002058,exempt_non_gst,50624.19,exempt,Not Applicable,True,False,0,True,False,0.0,0.0,Low
RISK002059,employee_travel,99247.73,5,Blocked,True,True,14,False,False,4962.39,11234.26,Medium
RISK002060,food_catering,112353.82,5,Blocked,False,False,0,True,False,5617.69,0.0,Low
RISK002061,motor_vehicle,8899.2,28,Blocked,True,True,83,False,False,2491.78,14751.99,Medium
RISK002062,capital_goods,193362.56,18,Eligible,True,False,91,False,False,34805.26,6611.95,Medium
RISK002063,motor_vehicle,143798.66,28,Blocked,True,True,57,True,False,40263.62,13981.79,Medium
RISK002064,club_membership,7936.61,18,Blocked,True,True,96,True,False,1428.59,14867.63,Medium
RISK002065,purchase_goods,43599.89,18,Eligible,True,False,43,True,False,7847.98,2316.42,Medium
RISK002066,sales_revenue,6160.73,18,Not Applicable,True,False,46,True,False,1108.93,2325.16,Medium
RISK002067,rent,55688.18,18,Eligible,False,False,0,True,False,10023.87,0.0,Low
RISK002068,sales_revenue,158831.38,18,Not Applicable,True,False,71,True,False,28589.65,4551.03,Medium
RISK002069,sales_revenue,70033.56,18,Not Applicable,False,False,110,True,False,12606.04,6183.83,Medium
RISK002070,club_membership,148101.94,18,Blocked,False,False,0,True,False,26658.35,0.0,Low
RISK002071,works_contract,18541.28,18,Blocked,True,True,82,True,False,3337.43,14234.96,Medium
RISK002072,utilities,171267.21,18,Eligible,True,False,0,True,False,30828.1,0.0,Low
RISK002073,input_services,191882.01,18,Eligible,True,False,0,True,False,34538.76,0.0,Low
RISK002074,works_contract,128640.39,18,Blocked,True,True,23,True,False,23155.27,11412.64,Medium
RISK002075,rent,19126.05,18,Eligible,False,False,85,True,False,3442.69,4394.31,Medium
RISK002076,works_contract,68362.71,18,Blocked,True,True,0,True,False,12305.29,10000.0,Medium
RISK002077,works_contract,163007.33,18,Blocked,False,False,0,True,False,29341.32,0.0,Low
RISK002078,rent,88785.94,18,Eligible,True,False,0,True,False,15981.47,0.0,Low
RISK002079,food_catering,45281.49,5,Blocked,True,True,0,True,False,2264.07,10000.0,Medium
RISK002080,sales_revenue,43585.64,18,Not Applicable,True,False,0,True,False,7845.42,0.0,Low
RISK002081,exempt_non_gst,88070.5,exempt,Not Applicable,True,False,25,True,False,0.0,1250.0,Low
RISK002082,employee_travel,80223.56,5,Blocked,True,True,50,True,False,4011.18,12598.91,Medium
RISK002083,bank_charges,160783.5,18,Eligible,True,False,0,False,False,28941.03,500.0,Low
RISK002084,bank_charges,108303.64,18,Eligible,True,False,42,True,False,19494.66,2503.78,Medium
RISK002085,rent,159213.64,18,Eligible,True,False,0,False,False,28658.46,500.0,Low
RISK002086,works_contract,95409.67,18,Blocked,True,True,78,True,False,17173.74,14560.6,Medium
RISK002087,works_contract,129170.71,18,Blocked,True,True,60,True,False,23250.73,13687.97,Medium
RISK002088,food_catering,123951.79,5,Blocked,True,True,0,False,False,6197.59,10500.0,Medium
RISK002089,club_membership,89969.42,18,Blocked,True,True,62,True,False,16194.5,13595.15,Medium
RISK002090,employee_insurance,71205.25,18,Blocked,False,False,0,True,False,12816.94,0.0,Low
RISK002091,purchase_goods,142865.63,18,Eligible,True,False,18,False,False,25715.81,1628.27,Low
RISK002092,food_catering,62310.14,5,Blocked,True,True,0,True,False,3115.51,10000.0,Medium
RISK002093,club_membership,189280.42,18,Blocked,True,True,0,True,False,34070.48,10000.0,Medium
RISK002094,purchase_goods,194192.26,18,Eligible,True,False,76,True,False,34954.61,5110.08,Medium
RISK002095,employee_travel,13193.93,5,Blocked,True,True,0,True,False,659.7,10000.0,Medium
RISK002096,sales_revenue,151884.79,18,Not Applicable,True,False,0,True,False,27339.26,0.0,Low
RISK002097,capital_goods,66692.13,18,Eligible,True,False,0,True,False,12004.58,0.0,Low
RISK002098,sales_revenue,81811.05,18,Not Applicable,True,False,0,True,False,14725.99,0.0,Low
RISK002099,bank_charges,35893.48,18,Eligible,True,False,0,True,False,6460.83,0.0,Low
RISK002100,rent,45714.72,18,Eligible,False,False,44,True,False,8228.65,2378.55,Medium
RISK002101,utilities,4569.95,18,Eligible,True,False,8,True,False,822.59,403.25,Low
RISK002102,purchase_goods,193000,18,Eligible,True,False,0,True,True,34740.0,0.0,Low
RISK002103,employee_travel,112891.26,5,Blocked,False,False,25,True,False,5644.56,1319.59,Low
RISK002104,club_membership,44065.58,18,Blocked,True,True,117,True,False,7931.8,16307.65,High
RISK002105,input_services,178341.63,18,Eligible,False,False,23,True,False,32101.49,1514.11,Low
RISK002106,food_catering,6553.16,5,Blocked,True,True,0,False,False,327.66,10500.0,Medium
RISK002107,sales_revenue,186882.47,18,Not Applicable,False,False,0,True,False,33638.84,0.0,Low
RISK002108,input_services,180096.01,18,Eligible,True,False,79,False,False,32417.28,5712.94,Medium
RISK002109,employee_insurance,109822.1,18,Blocked,True,True,0,True,False,19767.98,10000.0,Medium
RISK002110,bank_charges,49621.32,18,Eligible,True,False,63,True,False,8931.84,3427.5,Medium
RISK002111,bank_charges,12195.52,18,Eligible,False,False,0,True,False,2195.19,0.0,Low
RISK002112,sales_revenue,167892.91,18,Not Applicable,True,False,0,True,False,30220.72,0.0,Low
RISK002113,club_membership,112817.84,18,Blocked,False,False,0,True,False,20307.21,0.0,Low
RISK002114,utilities,64403.13,18,Eligible,True,False,0,False,False,11592.56,500.0,Low
RISK002115,motor_vehicle,75724.86,28,Blocked,True,True,0,True,False,21202.96,10000.0,Medium
RISK002116,motor_vehicle,62000,28,Blocked,False,False,99,True,True,17360.0,5797.55,Medium
RISK002117,exempt_non_gst,8805.69,exempt,Not Applicable,False,False,0,True,False,0.0,0.0,Low
RISK002118,club_membership,35085.07,18,Blocked,True,True,0,True,False,6315.31,10000.0,Medium
RISK002119,motor_vehicle,38053.68,28,Blocked,False,False,0,True,False,10655.03,0.0,Low
RISK002120,works_contract,102000,18,Blocked,False,False,0,True,True,18360.0,0.0,Low
RISK002121,rent,20180.82,18,Eligible,False,False,92,True,False,3632.55,4764.81,Medium
RISK002122,food_catering,41744.02,5,Blocked,True,True,0,False,False,2087.2,10500.0,Medium
RISK002123,works_contract,23708.04,18,Blocked,True,True,85,True,False,4267.45,14428.88,Medium
RISK002124,input_services,197000,18,Eligible,False,False,0,True,True,35460.0,0.0,Low
RISK002125,input_services,119950.95,18,Eligible,True,False,0,False,False,21591.17,500.0,Low
RISK002126,works_contract,172816.8,18,Blocked,True,True,0,True,False,31107.02,10000.0,Medium
RISK002127,utilities,82136.08,18,Eligible,True,False,49,True,False,14784.49,2807.26,Medium
RISK002128,exempt_non_gst,156000,exempt,Not Applicable,True,False,0,True,True,0.0,0.0,Low
RISK002129,sales_revenue,90101.08,18,Not Applicable,True,False,0,True,False,16218.19,0.0,Low
RISK002130,sales_revenue,97963.09,18,Not Applicable,True,False,0,False,False,17633.36,500.0,Low
RISK002131,employee_insurance,143147.16,18,Blocked,True,True,0,True,False,25766.49,10000.0,Medium
RISK002132,utilities,22144.16,18,Eligible,True,False,114,True,False,3985.95,5924.09,Medium
RISK002133,exempt_non_gst,99844.46,exempt,Not Applicable,True,False,61,True,False,0.0,3050.0,Medium
RISK002134,purchase_goods,166702.4,18,Eligible,True,False,104,True,False,30006.43,6738.96,Medium
RISK002135,bank_charges,87902.66,18,Eligible,True,False,6,True,False,15822.48,346.82,Low
RISK002136,rent,153825.57,18,Eligible,False,False,0,True,False,27688.6,0.0,Low
RISK002137,exempt_non_gst,190107.67,exempt,Not Applicable,False,False,0,True,False,0.0,0.0,Low
RISK002138,motor_vehicle,76316.85,28,Blocked,False,False,0,True,False,21368.72,0.0,Low
RISK002139,bank_charges,131773.44,18,Eligible,True,False,9,True,False,23719.22,555.27,Low
RISK002140,utilities,112000,18,Eligible,True,False,8,True,True,20160.0,479.54,Low
RISK002141,club_membership,107087.62,18,Blocked,True,True,0,False,False,19275.77,10500.0,Medium
RISK002142,input_services,180000,18,Eligible,True,False,0,True,True,32400.0,0.0,Low
RISK002143,motor_vehicle,153854.74,28,Blocked,True,True,0,True,False,43079.33,10000.0,Medium
RISK002144,capital_goods,4448.78,18,Eligible,False,False,0,True,False,800.78,0.0,Low
RISK002145,employee_insurance,123401.79,18,Blocked,True,True,88,True,False,22212.32,15363.95,High
RISK002146,employee_insurance,91269.36,18,Blocked,False,False,0,True,False,16428.48,0.0,Low
RISK002147,input_services,57729.27,18,Eligible,False,False,50,False,False,10391.27,3256.22,Medium
RISK002148,bank_charges,148131.11,18,Eligible,True,False,0,True,False,26663.6,0.0,Low
RISK002149,club_membership,170410.89,18,Blocked,False,False,0,True,False,30673.96,0.0,Low
RISK002150,motor_vehicle,84517.56,28,Blocked,True,True,57,False,False,23664.92,14015.21,Medium
RISK002151,bank_charges,65539.19,18,Eligible,True,False,27,True,False,11797.05,1507.08,Low
RISK002152,employee_travel,39323.09,5,Blocked,False,False,80,True,False,1966.15,4077.57,Medium
RISK002153,exempt_non_gst,152913.33,exempt,Not Applicable,True,False,28,True,False,0.0,1400.0,Low
RISK002154,club_membership,130621.37,18,Blocked,True,True,100,True,False,23511.85,16159.49,High
RISK002155,rent,43827.04,18,Eligible,True,False,0,True,False,7888.87,0.0,Low
RISK002156,input_services,188668.26,18,Eligible,True,False,0,True,False,33960.29,0.0,Low
RISK002157,works_contract,136285.72,18,Blocked,False,False,74,True,False,24531.43,4595.23,Medium
RISK002158,motor_vehicle,63639.89,28,Blocked,True,True,98,False,False,17819.17,16261.18,High
RISK002159,sales_revenue,123000,18,Not Applicable,False,False,87,True,True,22140.0,5299.9,Medium
RISK002160,purchase_goods,2229.4,18,Eligible,False,False,0,True,False,401.29,0.0,Low
RISK002161,bank_charges,40999.91,18,Eligible,True,False,0,True,False,7379.98,0.0,Low
RISK002162,bank_charges,116897.98,18,Eligible,False,False,0,True,False,21041.64,0.0,Low
RISK002163,capital_goods,160566.02,18,Eligible,True,False,21,True,False,28901.88,1349.31,Low
RISK002164,employee_travel,82231.14,5,Blocked,True,True,90,False,False,4111.56,15182.49,High
RISK002165,rent,195236.88,18,Eligible,True,False,0,True,False,35142.64,0.0,Low
RISK002166,input_services,176106.24,18,Eligible,True,False,0,True,False,31699.12,0.0,Low
RISK002167,exempt_non_gst,72795.65,exempt,Not Applicable,True,False,58,False,False,0.0,3400.0,Medium
RISK002168,employee_insurance,113573.21,18,Blocked,False,False,114,True,False,20443.18,6849.3,Medium
RISK002169,employee_travel,60370.86,5,Blocked,True,True,0,False,False,3018.54,10500.0,Medium
RISK002170,employee_insurance,39827.8,18,Blocked,True,True,0,True,False,7169.0,10000.0,Medium
RISK002171,bank_charges,120761.11,18,Eligible,False,False,0,False,False,21737.0,500.0,Low
RISK002172,input_services,73360.59,18,Eligible,True,False,0,False,False,13204.91,500.0,Low
RISK002173,purchase_goods,98177.01,18,Eligible,False,False,0,True,False,17671.86,0.0,Low
RISK002174,food_catering,199232.71,5,Blocked,True,True,0,False,False,9961.64,10500.0,Medium
RISK002175,employee_insurance,16508.72,18,Blocked,True,True,0,False,False,2971.57,10500.0,Medium
RISK002176,works_contract,114943.69,18,Blocked,True,True,0,True,False,20689.86,10000.0,Medium
RISK002177,works_contract,134544.83,18,Blocked,True,True,0,True,False,24218.07,10000.0,Medium
RISK002178,sales_revenue,85190.59,18,Not Applicable,False,False,0,True,False,15334.31,0.0,Low
RISK002179,rent,98021.67,18,Eligible,True,False,118,True,False,17643.9,6926.73,Medium
RISK002180,bank_charges,172365.09,18,Eligible,False,False,0,True,False,31025.72,0.0,Low
RISK002181,rent,15345.72,18,Eligible,True,False,0,True,False,2762.23,0.0,Low
RISK002182,exempt_non_gst,15544.6,exempt,Not Applicable,False,False,44,True,False,0.0,2200.0,Medium
RISK002183,input_services,116759.61,18,Eligible,False,False,81,True,False,21016.73,4889.52,Medium
RISK002184,capital_goods,122706.75,18,Eligible,True,False,0,False,False,22087.22,500.0,Low
RISK002185,input_services,18794.92,18,Eligible,False,False,0,True,False,3383.09,0.0,Low
RISK002186,purchase_goods,143537.35,18,Eligible,True,False,25,True,False,25836.72,1568.53,Low
RISK002187,food_catering,121288.84,5,Blocked,True,True,0,True,False,6064.44,10000.0,Medium
RISK002188,purchase_goods,88782.01,18,Eligible,True,False,0,False,False,15980.76,500.0,Low
RISK002189,club_membership,115299.1,18,Blocked,True,True,0,True,False,20753.84,10000.0,Medium
RISK002190,exempt_non_gst,64620.39,exempt,Not Applicable,False,False,0,True,False,0.0,0.0,Low
RISK002191,employee_travel,82750.26,5,Blocked,True,True,0,True,False,4137.51,10000.0,Medium
RISK002192,rent,106344.89,18,Eligible,True,False,33,True,False,19142.08,1961.52,Low
RISK002193,purchase_goods,13025.2,18,Eligible,True,False,80,True,False,2344.54,4092.5,Medium
RISK002194,employee_insurance,153004.54,18,Blocked,False,False,0,True,False,27540.82,0.0,Low
RISK002195,employee_travel,154000,5,Blocked,False,False,78,True,True,7700.0,4196.19,Medium
RISK002196,utilities,145566.21,18,Eligible,True,False,0,True,False,26201.92,0.0,Low
RISK002197,utilities,152800.79,18,Eligible,True,False,25,True,False,27504.14,1589.09,Low
RISK002198,works_contract,70902.55,18,Blocked,True,True,0,False,False,12762.46,10500.0,Medium
RISK002199,motor_vehicle,92992.96,28,Blocked,False,False,0,True,False,26038.03,0.0,Low
RISK002200,motor_vehicle,189952.0,28,Blocked,False,False,49,False,False,53186.56,4235.22,Medium
RISK002201,motor_vehicle,73459.15,28,Blocked,True,True,116,True,False,20568.56,16976.63,High
RISK002202,input_services,43790.26,18,Eligible,True,False,0,True,False,7882.25,0.0,Low
RISK002203,food_catering,78750.26,5,Blocked,True,True,71,True,False,3937.51,13687.87,Medium
RISK002204,employee_travel,144883.98,5,Blocked,True,True,21,True,False,7244.2,11125.02,Medium
RISK002205,bank_charges,192307.16,18,Eligible,True,False,0,True,False,34615.29,0.0,Low
RISK002206,rent,103993.16,18,Eligible,True,False,0,True,False,18718.77,0.0,Low
RISK002207,employee_insurance,32141.18,18,Blocked,True,True,55,True,False,5785.41,12906.92,Medium
RISK002208,club_membership,56738.48,18,Blocked,False,False,111,True,False,10212.93,6109.05,Medium
RISK002209,food_catering,13093.44,5,Blocked,True,True,0,True,False,654.67,10000.0,Medium
RISK002210,rent,182074.15,18,Eligible,False,False,116,False,False,32773.35,8174.82,Medium
RISK002211,club_membership,68481.09,18,Blocked,False,False,116,True,False,12326.6,6505.15,Medium
RISK002212,employee_insurance,114668.85,18,Blocked,False,False,79,True,False,20640.39,4754.13,Medium
RISK002213,food_catering,112877.96,5,Blocked,False,False,0,False,False,5643.9,500.0,Low
RISK002214,input_services,124909.6,18,Eligible,True,False,0,True,False,22483.73,0.0,Low
RISK002215,works_contract,53568.46,18,Blocked,True,True,102,True,False,9642.32,15585.02,High
RISK002216,bank_charges,169630.67,18,Eligible,True,False,0,True,False,30533.52,0.0,Low
RISK002217,exempt_non_gst,124320.18,exempt,Not Applicable,True,False,41,True,False,0.0,2050.0,Medium
RISK002218,club_membership,40411.64,18,Blocked,False,False,0,False,False,7274.1,500.0,Low
RISK002219,utilities,146817.27,18,Eligible,False,False,0,True,False,26427.11,0.0,Low
RISK002220,sales_revenue,75513.78,18,Not Applicable,False,False,39,True,False,13592.48,2211.42,Medium
RISK002221,purchase_goods,6249.84,18,Eligible,True,False,0,True,False,1124.97,0.0,Low
RISK002222,input_services,89613.68,18,Eligible,True,False,0,True,False,16130.46,0.0,Low
RISK002223,utilities,91460.68,18,Eligible,True,False,37,True,False,16462.92,2150.39,Medium
RISK002224,purchase_goods,25221.03,18,Eligible,False,False,48,True,False,4539.79,2507.46,Medium
RISK002225,motor_vehicle,110250.36,28,Blocked,True,True,51,True,False,30870.1,13326.4,Medium
RISK002226,sales_revenue,7389.53,18,Not Applicable,True,False,73,True,False,1330.12,3697.88,Medium
RISK002227,works_contract,143595.41,18,Blocked,True,True,0,True,False,25847.17,10000.0,Medium
RISK002228,club_membership,33094.66,18,Blocked,False,False,0,True,False,5957.04,0.0,Low
RISK002229,capital_goods,82822.04,18,Eligible,False,False,0,True,False,14907.97,0.0,Low
RISK002230,employee_insurance,158050.87,18,Blocked,True,True,0,True,False,28449.16,10000.0,Medium
RISK002231,input_services,23492.2,18,Eligible,False,False,0,True,False,4228.6,0.0,Low
RISK002232,club_membership,5332.93,18,Blocked,True,True,62,True,False,959.93,13129.35,Medium
RISK002233,rent,190018.22,18,Eligible,False,False,0,True,False,34203.28,0.0,Low
RISK002234,employee_insurance,134217.47,18,Blocked,True,True,64,True,False,24159.14,13962.5,Medium
RISK002235,motor_vehicle,110231.2,28,Blocked,True,True,27,True,False,30864.74,11760.97,Medium
RISK002236,bank_charges,140513.93,18,Eligible,True,False,0,False,False,25292.51,500.0,Low
RISK002237,rent,30875.04,18,Eligible,True,False,80,True,False,5557.51,4219.26,Medium
RISK002238,club_membership,77989.75,18,Blocked,False,False,33,True,False,14038.16,1878.46,Low
RISK002239,utilities,78830.17,18,Eligible,True,False,0,True,False,14189.43,0.0,Low
RISK002240,employee_insurance,102605.12,18,Blocked,True,True,0,True,False,18468.92,10000.0,Medium
RISK002241,works_contract,186650.17,18,Blocked,True,True,95,True,False,33597.03,16324.0,High
RISK002242,employee_insurance,43261.31,18,Blocked,True,True,0,True,False,7787.04,10000.0,Medium
RISK002243,rent,113585.9,18,Eligible,False,False,0,True,False,20445.46,0.0,Low
RISK002244,rent,166002.64,18,Eligible,False,False,0,False,False,29880.48,500.0,Low
RISK002245,bank_charges,91847.92,18,Eligible,True,False,118,True,False,16532.63,6862.06,Medium
RISK002246,utilities,159103.13,18,Eligible,True,False,10,True,False,28638.56,641.23,Low
RISK002247,exempt_non_gst,7000,exempt,Not Applicable,True,False,0,True,True,0.0,0.0,Low
RISK002248,food_catering,76593.47,5,Blocked,True,True,0,True,False,3829.67,10000.0,Medium
RISK002249,rent,194202.57,18,Eligible,False,False,0,True,False,34956.46,0.0,Low
RISK002250,utilities,154203.52,18,Eligible,False,False,0,True,False,27756.63,0.0,Low
RISK002251,sales_revenue,182955.93,18,Not Applicable,True,False,88,True,False,32932.07,5829.16,Medium
RISK002252,food_catering,35328.97,5,Blocked,True,True,59,True,False,1766.45,13001.4,Medium
RISK002253,club_membership,54990.34,18,Blocked,True,True,9,True,False,9898.26,10493.93,Medium
RISK002254,capital_goods,79809.02,18,Eligible,True,False,0,True,False,14365.62,0.0,Low
RISK002255,input_services,194594.97,18,Eligible,True,False,0,True,False,35027.09,0.0,Low
RISK002256,utilities,142125.4,18,Eligible,False,False,0,True,False,25582.57,0.0,Low
RISK002257,exempt_non_gst,38019.93,exempt,Not Applicable,True,False,84,True,False,0.0,4200.0,Medium
RISK002258,exempt_non_gst,87351.23,exempt,Not Applicable,False,False,0,True,False,0.0,0.0,Low
RISK002259,purchase_goods,57660.16,18,Eligible,True,False,0,True,False,10378.83,0.0,Low
RISK002260,bank_charges,131890.97,18,Eligible,True,False,19,True,False,23740.37,1172.44,Low
RISK002261,motor_vehicle,35205.56,28,Blocked,True,True,0,True,False,9857.56,10000.0,Medium
RISK002262,exempt_non_gst,134695.26,exempt,Not Applicable,False,False,53,True,False,0.0,2650.0,Medium
RISK002263,employee_travel,51013.46,5,Blocked,True,True,83,True,False,2550.67,14254.4,Medium
RISK002264,exempt_non_gst,136227.36,exempt,Not Applicable,False,False,0,False,False,0.0,500.0,Low
RISK002265,input_services,119959.11,18,Eligible,True,False,21,True,False,21592.64,1273.62,Low
RISK002266,exempt_non_gst,158559.42,exempt,Not Applicable,False,False,0,True,False,0.0,0.0,Low
RISK002267,club_membership,109027.35,18,Blocked,True,True,33,False,False,19624.92,12469.38,Medium
RISK002268,input_services,148072.4,18,Eligible,True,False,63,True,False,26653.03,3978.07,Medium
RISK002269,sales_revenue,74977.76,18,Not Applicable,False,False,0,True,False,13496.0,0.0,Low
RISK002270,bank_charges,150090.35,18,Eligible,True,False,29,True,False,27016.26,1836.37,Low
RISK002271,exempt_non_gst,138941.6,exempt,Not Applicable,False,False,115,True,False,0.0,5750.0,Medium
RISK002272,capital_goods,99292.98,18,Eligible,False,False,40,True,False,17872.74,2352.56,Medium
RISK002273,exempt_non_gst,42000,exempt,Not Applicable,True,False,25,True,True,0.0,1250.0,Low
RISK002274,capital_goods,41813.94,18,Eligible,False,False,9,True,False,7526.51,483.41,Low
RISK002275,motor_vehicle,189002.48,28,Blocked,True,True,0,True,False,52920.69,10000.0,Medium
RISK002276,bank_charges,42085.46,18,Eligible,True,False,62,True,False,7575.38,3331.62,Medium
RISK002277,employee_insurance,98521.03,18,Blocked,True,True,0,True,False,17733.79,10000.0,Medium
RISK002278,exempt_non_gst,159667.43,exempt,Not Applicable,False,False,55,True,False,0.0,2750.0,Medium
RISK002279,bank_charges,189849.9,18,Eligible,True,False,49,True,False,34172.98,3275.77,Medium
RISK002280,capital_goods,95236.92,18,Eligible,True,False,0,True,False,17142.65,0.0,Low
RISK002281,capital_goods,91000,18,Eligible,False,False,0,False,True,16380.0,500.0,Low
RISK002282,utilities,110748.84,18,Eligible,False,False,0,True,False,19934.79,0.0,Low
RISK002283,employee_insurance,26000,18,Blocked,False,False,120,True,True,4680.0,6276.95,Medium
RISK002284,input_services,92904.41,18,Eligible,True,False,0,False,False,16722.79,500.0,Low
RISK002285,purchase_goods,51014.26,18,Eligible,True,False,0,True,False,9182.57,0.0,Low
RISK002286,exempt_non_gst,32967.86,exempt,Not Applicable,True,False,0,True,False,0.0,0.0,Low
RISK002287,exempt_non_gst,15825.72,exempt,Not Applicable,True,False,0,True,False,0.0,0.0,Low
RISK002288,employee_insurance,181129.29,18,Blocked,False,False,0,True,False,32603.27,0.0,Low
RISK002289,employee_insurance,116922.18,18,Blocked,True,True,104,True,False,21045.99,16279.4,High
RISK002290,capital_goods,33304.44,18,Eligible,True,False,78,True,False,5994.8,4130.59,Medium
RISK002291,bank_charges,158970.3,18,Eligible,True,False,115,True,False,28614.65,7372.8,Medium
RISK002292,capital_goods,84000,18,Eligible,True,False,0,True,True,15120.0,0.0,Low
RISK002293,capital_goods,52923.73,18,Eligible,False,False,0,True,False,9526.27,0.0,Low
RISK002294,input_services,24641.67,18,Eligible,True,False,86,True,False,4435.5,4488.11,Medium
RISK002295,club_membership,74976.71,18,Blocked,True,True,0,True,False,13495.81,10000.0,Medium
RISK002296,motor_vehicle,23612.04,28,Blocked,True,True,0,True,False,6611.37,10000.0,Medium
RISK002297,motor_vehicle,2733.13,28,Blocked,True,True,15,True,False,765.28,10755.66,Medium
RISK002298,club_membership,2267.07,18,Blocked,False,False,0,False,False,408.07,500.0,Low
RISK002299,sales_revenue,43105.43,18,Not Applicable,True,False,0,True,False,7758.98,0.0,Low
RISK002300,club_membership,126862.61,18,Blocked,True,True,19,True,False,22835.27,11163.96,Medium
RISK002301,input_services,172306.5,18,Eligible,True,False,0,False,False,31015.17,500.0,Low
RISK002302,rent,125574.72,18,Eligible,True,False,29,True,False,22603.45,1773.26,Low
RISK002303,sales_revenue,86658.27,18,Not Applicable,False,False,4,True,False,15598.49,230.77,Low
RISK002304,bank_charges,78459.86,18,Eligible,True,False,96,False,False,14122.77,5968.61,Medium
RISK002305,sales_revenue,102154.68,18,Not Applicable,True,False,82,True,False,18387.84,4843.57,Medium
RISK002306,utilities,99678.13,18,Eligible,True,False,54,True,False,17942.06,3177.8,Medium
RISK002307,sales_revenue,29539.98,18,Not Applicable,True,False,0,True,False,5317.2,0.0,Low
RISK002308,sales_revenue,197342.44,18,Not Applicable,True,False,78,True,False,35521.64,5266.37,Medium
RISK002309,food_catering,102532.27,5,Blocked,True,True,89,True,False,5126.61,14675.01,Medium
RISK002310,employee_insurance,121238.36,18,Blocked,True,True,61,True,False,21822.9,13706.48,Medium
RISK002311,bank_charges,106781.45,18,Eligible,True,False,0,True,False,19220.66,0.0,Low
RISK002312,exempt_non_gst,58144.92,exempt,Not Applicable,True,False,0,False,False,0.0,500.0,Low
RISK002313,employee_travel,38657.68,5,Blocked,False,False,0,True,False,1932.88,0.0,Low
RISK002314,utilities,53150.07,18,Eligible,True,False,99,True,False,9567.01,5417.08,Medium
RISK002315,sales_revenue,154096.85,18,Not Applicable,True,False,47,True,False,27737.43,2992.9,Medium
RISK002316,rent,159707.11,18,Eligible,True,False,0,True,False,28747.28,0.0,Low
RISK002317,employee_insurance,49781.91,18,Blocked,True,True,44,True,False,8960.74,12394.44,Medium
RISK002318,food_catering,75312.23,5,Blocked,True,True,120,True,False,3765.61,16222.84,High
RISK002319,input_services,51317.78,18,Eligible,True,False,0,True,False,9237.2,0.0,Low
RISK002320,motor_vehicle,1151.78,28,Blocked,True,True,119,True,False,322.5,15968.93,High
RISK002321,club_membership,116924.93,18,Blocked,True,True,26,True,False,21046.49,11569.86,Medium
RISK002322,employee_insurance,196348.48,18,Blocked,True,True,0,True,False,35342.73,10000.0,Medium
RISK002323,input_services,25021.86,18,Eligible,False,False,6,True,False,4503.93,313.33,Low
RISK002324,club_membership,107276.92,18,Blocked,True,True,0,True,False,19309.85,10000.0,Medium
RISK002325,purchase_goods,178316.65,18,Eligible,True,False,0,True,False,32097.0,0.0,Low
RISK002326,utilities,57195.53,18,Eligible,True,False,0,True,False,10295.2,0.0,Low
RISK002327,club_membership,71033.51,18,Blocked,True,True,0,True,False,12786.03,10000.0,Medium
RISK002328,input_services,161239.21,18,Eligible,False,False,0,True,False,29023.06,0.0,Low
RISK002329,capital_goods,114462.43,18,Eligible,True,False,104,True,False,20603.24,6256.69,Medium
RISK002330,exempt_non_gst,81577.24,exempt,Not Applicable,True,False,115,True,False,0.0,5750.0,Medium
RISK002331,capital_goods,1132.09,18,Eligible,True,False,0,True,False,203.78,0.0,Low
RISK002332,food_catering,43070.87,5,Blocked,True,True,0,True,False,2153.54,10000.0,Medium
RISK002333,works_contract,177679.62,18,Blocked,False,False,3,True,False,31982.33,197.32,Low
RISK002334,employee_insurance,98558.21,18,Blocked,False,False,0,True,False,17740.48,0.0,Low
RISK002335,employee_travel,78000,5,Blocked,True,True,0,True,True,3900.0,10000.0,Medium
RISK002336,exempt_non_gst,139936.3,exempt,Not Applicable,True,False,27,True,False,0.0,1350.0,Low
RISK002337,utilities,50128.75,18,Eligible,True,False,0,True,False,9023.17,0.0,Low
RISK002338,purchase_goods,137455.19,18,Eligible,True,False,9,True,False,24741.93,559.81,Low
RISK002339,motor_vehicle,114545.47,28,Blocked,True,True,0,True,False,32072.73,10000.0,Medium
RISK002340,motor_vehicle,18347.45,28,Blocked,True,True,0,True,False,5137.29,10000.0,Medium
RISK002341,food_catering,32040.59,5,Blocked,True,True,67,True,False,1602.03,13402.93,Medium
RISK002342,exempt_non_gst,7740.51,exempt,Not Applicable,True,False,0,True,False,0.0,0.0,Low
RISK002343,input_services,18929.17,18,Eligible,True,False,0,True,False,3407.25,0.0,Low
RISK002344,food_catering,30231.35,5,Blocked,True,True,0,True,False,1511.57,10000.0,Medium
RISK002345,motor_vehicle,63000,28,Blocked,True,True,0,True,True,17640.0,10000.0,Medium
RISK002346,employee_insurance,156728.6,18,Blocked,False,False,95,True,False,28211.15,6071.67,Medium
RISK002347,motor_vehicle,179000,28,Blocked,True,True,26,True,True,50120.0,11942.63,Medium
RISK002348,sales_revenue,20751.31,18,Not Applicable,False,False,0,True,False,3735.24,0.0,Low
RISK002349,sales_revenue,74101.65,18,Not Applicable,True,False,0,True,False,13338.3,0.0,Low
RISK002350,bank_charges,171153.76,18,Eligible,False,False,0,True,False,30807.68,0.0,Low
RISK002351,purchase_goods,79064.23,18,Eligible,True,False,0,True,False,14231.56,0.0,Low
RISK002352,employee_travel,166938.84,5,Blocked,True,True,0,True,False,8346.94,10000.0,Medium
RISK002353,capital_goods,142829.22,18,Eligible,True,False,6,True,False,25709.26,376.07,Low
RISK002354,purchase_goods,57796.9,18,Eligible,True,False,0,True,False,10403.44,0.0,Low
RISK002355,works_contract,81077.74,18,Blocked,True,True,67,True,False,14593.99,13832.2,Medium
RISK002356,works_contract,167606.73,18,Blocked,True,True,0,False,False,30169.21,10500.0,Medium
RISK002357,exempt_non_gst,100195.48,exempt,Not Applicable,False,False,0,True,False,0.0,0.0,Low
RISK002358,utilities,24000,18,Eligible,False,False,0,True,True,4320.0,0.0,Low
RISK002359,food_catering,40141.22,5,Blocked,True,True,0,True,False,2007.06,10000.0,Medium
RISK002360,exempt_non_gst,118290.77,exempt,Not Applicable,False,False,0,True,False,0.0,0.0,Low
RISK002361,input_services,3767.42,18,Eligible,True,False,0,True,False,678.14,0.0,Low
RISK002362,food_catering,74627.64,5,Blocked,True,True,0,False,False,3731.38,10500.0,Medium
RISK002363,input_services,179459.25,18,Eligible,False,False,0,True,False,32302.67,0.0,Low
RISK002364,motor_vehicle,177465.78,28,Blocked,False,False,0,True,False,49690.42,0.0,Low
RISK002365,club_membership,95683.07,18,Blocked,False,False,62,True,False,17222.95,3626.6,Medium
RISK002366,utilities,184436.06,18,Eligible,True,False,19,True,False,33198.49,1261.07,Low
RISK002367,purchase_goods,5424.36,18,Eligible,True,False,0,True,False,976.38,0.0,Low
RISK002368,sales_revenue,122778.74,18,Not Applicable,True,False,0,True,False,22100.17,0.0,Low
RISK002369,employee_travel,25000,5,Blocked,True,True,0,True,True,1250.0,10000.0,Medium
RISK002370,sales_revenue,109823.95,18,Not Applicable,False,False,0,False,False,19768.31,500.0,Low
RISK002371,exempt_non_gst,75896.04,exempt,Not Applicable,True,False,0,True,False,0.0,0.0,Low
RISK002372,input_services,153000,18,Eligible,True,False,36,True,True,27540.0,2288.93,Medium
RISK002373,utilities,2916.89,18,Eligible,True,False,0,True,False,525.04,0.0,Low
RISK002374,input_services,86000,18,Eligible,True,False,27,True,True,15480.0,1556.12,Low
RISK002375,exempt_non_gst,7973.47,exempt,Not Applicable,False,False,29,True,False,0.0,1450.0,Low
RISK002376,employee_insurance,98949.71,18,Blocked,True,True,0,False,False,17810.95,10500.0,Medium
RISK002377,bank_charges,170193.47,18,Eligible,False,False,0,True,False,30634.82,0.0,Low
RISK002378,exempt_non_gst,148551.21,exempt,Not Applicable,True,False,0,True,False,0.0,0.0,Low
RISK002379,works_contract,118161.03,18,Blocked,True,True,100,False,False,21268.99,16548.88,High
RISK002380,purchase_goods,87057.74,18,Eligible,True,False,39,True,False,15670.39,2251.39,Medium
RISK002381,motor_vehicle,10731.67,28,Blocked,True,True,33,True,False,3004.87,11698.9,Medium
RISK002382,rent,168975.39,18,Eligible,True,False,60,False,False,30415.57,4399.97,Medium
RISK002383,works_contract,108670.75,18,Blocked,True,True,54,True,False,19560.74,13220.91,Medium
RISK002384,rent,32907.87,18,Eligible,True,False,9,True,False,5923.42,476.29,Low
RISK002385,purchase_goods,87000,18,Eligible,False,False,0,True,True,15660.0,0.0,Low
RISK002386,bank_charges,24086.17,18,Eligible,True,False,63,False,False,4335.51,3784.7,Medium
RISK002387,rent,81360.88,18,Eligible,False,False,0,True,False,14644.96,0.0,Low
RISK002388,input_services,119797.44,18,Eligible,True,False,13,True,False,21563.54,788.24,Low
RISK002389,purchase_goods,30434.23,18,Eligible,True,False,120,False,False,5478.16,6824.19,Medium
RISK002390,employee_insurance,30801.59,18,Blocked,True,True,0,True,False,5544.29,10000.0,Medium
RISK002391,exempt_non_gst,73670.01,exempt,Not Applicable,True,False,46,True,False,0.0,2300.0,Medium
RISK002392,input_services,178629.51,18,Eligible,True,False,0,True,False,32153.31,0.0,Low
RISK002393,employee_travel,542.52,5,Blocked,False,False,115,True,False,27.13,5751.54,Medium
RISK002394,capital_goods,53832.39,18,Eligible,True,False,10,True,False,9689.83,547.79,Low
RISK002395,capital_goods,92736.15,18,Eligible,False,False,0,True,False,16692.51,0.0,Low
RISK002396,food_catering,121493.48,5,Blocked,True,True,0,True,False,6074.67,10000.0,Medium
RISK002397,works_contract,94795.73,18,Blocked,True,True,40,True,False,17063.23,12336.59,Medium
RISK002398,motor_vehicle,83884.93,28,Blocked,False,False,109,True,False,23487.78,6712.55,Medium
RISK002399,rent,92526.71,18,Eligible,False,False,0,True,False,16654.81,0.0,Low
RISK002400,input_services,21981.06,18,Eligible,True,False,0,True,False,3956.59,0.0,Low
RISK002401,works_contract,64330.1,18,Blocked,True,True,0,True,False,11579.42,10000.0,Medium
RISK002402,employee_insurance,188544.46,18,Blocked,True,True,120,True,False,33938.0,18008.39,High
RISK002403,employee_insurance,7000,18,Blocked,True,True,0,True,True,1260.0,10000.0,Medium
RISK002404,exempt_non_gst,160823.66,exempt,Not Applicable,True,False,60,True,False,0.0,3000.0,Medium
RISK002405,works_contract,172583.59,18,Blocked,True,True,96,False,False,31065.05,16770.7,High
RISK002406,bank_charges,191633.99,18,Eligible,False,False,24,True,False,34494.12,1608.26,Low
RISK002407,utilities,83452.31,18,Eligible,True,False,19,True,False,15021.42,1090.75,Low
RISK002408,club_membership,121000,18,Blocked,False,False,93,True,True,21780.0,5648.9,Medium
RISK002409,purchase_goods,126491.82,18,Eligible,False,False,48,True,False,22768.53,2938.96,Medium
RISK002410,sales_revenue,164952.65,18,Not Applicable,True,False,0,True,False,29691.48,0.0,Low
RISK002411,works_contract,148938.47,18,Blocked,True,True,0,True,False,26808.92,10000.0,Medium
RISK002412,employee_travel,39733.87,5,Blocked,False,False,6,True,False,1986.69,305.88,Low
RISK002413,club_membership,58000,18,Blocked,False,False,0,True,True,10440.0,0.0,Low
RISK002414,employee_travel,125595.03,5,Blocked,False,False,0,True,False,6279.75,0.0,Low
RISK002415,employee_travel,114593.58,5,Blocked,False,False,29,True,False,5729.68,1531.94,Low
RISK002416,employee_insurance,170506.86,18,Blocked,False,False,75,True,False,30691.23,4885.16,Medium
RISK002417,club_membership,46229.56,18,Blocked,True,True,31,True,False,8321.32,11677.21,Medium
RISK002418,capital_goods,161000,18,Eligible,True,False,70,False,True,28980.0,5000.41,Medium
RISK002419,exempt_non_gst,190543.15,exempt,Not Applicable,False,False,40,True,False,0.0,2000.0,Medium
RISK002420,food_catering,197779.24,5,Blocked,True,True,37,True,False,9888.96,12030.44,Medium
RISK002421,motor_vehicle,112370.57,28,Blocked,True,True,0,True,False,31463.76,10000.0,Medium
RISK002422,capital_goods,66090.58,18,Eligible,True,False,0,True,False,11896.3,0.0,Low
RISK002423,works_contract,52009.55,18,Blocked,True,True,54,True,False,9361.72,12949.3,Medium
RISK002424,works_contract,33199.51,18,Blocked,True,True,40,False,False,5975.91,12617.88,Medium
RISK002425,employee_insurance,14183.66,18,Blocked,False,False,110,False,False,2553.06,6138.49,Medium
RISK002426,capital_goods,155843.64,18,Eligible,False,False,23,True,False,28051.86,1468.18,Low
RISK002427,capital_goods,100342.38,18,Eligible,False,False,0,True,False,18061.63,0.0,Low
RISK002428,employee_travel,56020.96,5,Blocked,True,True,46,True,False,2801.05,12363.54,Medium
RISK002429,club_membership,189015.67,18,Blocked,False,False,80,True,False,34022.82,5342.27,Medium
RISK002430,capital_goods,198428.53,18,Eligible,True,False,0,True,False,35717.14,0.0,Low
RISK002431,rent,95998.73,18,Eligible,False,False,4,True,False,17279.77,234.09,Low
RISK002432,sales_revenue,86764.11,18,Not Applicable,False,False,52,True,False,15617.54,3000.49,Medium
RISK002433,employee_insurance,96942.91,18,Blocked,True,True,96,True,False,17449.72,15626.11,High
RISK002434,sales_revenue,99127.85,18,Not Applicable,False,False,0,True,False,17843.01,0.0,Low
RISK002435,purchase_goods,7757.71,18,Eligible,True,False,3,False,False,1396.39,652.07,Low
RISK002436,employee_insurance,68075.76,18,Blocked,False,False,0,True,False,12253.64,0.0,Low
RISK002437,input_services,168682.97,18,Eligible,True,False,15,True,False,30362.93,974.6,Low
RISK002438,club_membership,199000,18,Blocked,False,False,0,True,True,35820.0,0.0,Low
RISK002439,exempt_non_gst,128000,exempt,Not Applicable,True,False,0,True,True,0.0,0.0,Low
RISK002440,capital_goods,11455.14,18,Eligible,True,False,18,True,False,2061.93,918.3,Low
RISK002441,input_services,56493.28,18,Eligible,False,False,68,True,False,10168.79,3741.0,Medium
RISK002442,works_contract,60314.12,18,Blocked,True,True,42,True,False,10856.54,12324.86,Medium
RISK002443,input_services,186316.36,18,Eligible,True,False,47,True,False,33536.94,3127.32,Medium
RISK002444,sales_revenue,67090.14,18,Not Applicable,False,False,0,True,False,12076.23,0.0,Low
RISK002445,rent,10291.2,18,Eligible,True,False,97,True,False,1852.42,4938.61,Medium
RISK002446,sales_revenue,142706.37,18,Not Applicable,False,False,70,True,False,25687.15,4386.73,Medium
RISK002447,utilities,20536.93,18,Eligible,True,False,40,False,False,3696.65,2572.92,Medium
RISK002448,employee_insurance,66986.68,18,Blocked,False,False,0,True,False,12057.6,0.0,Low
RISK002449,purchase_goods,21812.32,18,Eligible,True,False,0,True,False,3926.22,0.0,Low
RISK002450,utilities,32181.99,18,Eligible,False,False,32,True,False,5792.76,1691.41,Low
RISK002451,employee_insurance,183673.55,18,Blocked,False,False,0,True,False,33061.24,0.0,Low
RISK002452,works_contract,141778.22,18,Blocked,True,True,111,True,False,25520.08,16946.96,High
RISK002453,motor_vehicle,1554.65,28,Blocked,True,True,0,True,False,435.3,10000.0,Medium
RISK002454,rent,98784.24,18,Eligible,True,False,0,True,False,17781.16,0.0,Low
RISK002455,exempt_non_gst,105792.34,exempt,Not Applicable,True,False,0,True,False,0.0,0.0,Low
RISK002456,utilities,54237.37,18,Eligible,True,False,91,True,False,9762.73,4988.12,Medium
RISK002457,food_catering,789.8,5,Blocked,True,True,96,True,False,39.49,14801.87,Medium
RISK002458,input_services,163000,18,Eligible,True,False,32,True,True,29340.0,2063.01,Medium
RISK002459,rent,149103.59,18,Eligible,False,False,18,False,False,26838.65,1638.24,Low
RISK002460,capital_goods,115127.66,18,Eligible,True,False,107,True,False,20722.98,6443.49,Medium
RISK002461,bank_charges,41663.52,18,Eligible,True,False,101,True,False,7499.43,5423.53,Medium
RISK002462,motor_vehicle,76055.57,28,Blocked,True,True,0,True,False,21295.56,10000.0,Medium
RISK002463,input_services,41752.9,18,Eligible,True,False,110,False,False,7515.52,6407.69,Medium
RISK002464,food_catering,189854.03,5,Blocked,True,True,0,True,False,9492.7,10000.0,Medium
RISK002465,sales_revenue,177842.87,18,Not Applicable,True,False,0,True,False,32011.72,0.0,Low
RISK002466,utilities,28569.22,18,Eligible,True,False,0,True,False,5142.46,0.0,Low
RISK002467,club_membership,13526.36,18,Blocked,True,True,0,True,False,2434.74,10000.0,Medium
RISK002468,exempt_non_gst,55485.31,exempt,Not Applicable,True,False,0,True,False,0.0,0.0,Low
RISK002469,input_services,3920.58,18,Eligible,True,False,0,True,False,705.7,0.0,Low
RISK002470,club_membership,128556.76,18,Blocked,True,True,0,True,False,23140.22,10000.0,Medium
RISK002471,capital_goods,55000,18,Eligible,True,False,96,True,True,9900.0,5268.69,Medium
RISK002472,capital_goods,48624.54,18,Eligible,True,False,97,False,False,8752.42,5768.68,Medium
RISK002473,exempt_non_gst,122912.03,exempt,Not Applicable,False,False,0,True,False,0.0,0.0,Low
RISK002474,club_membership,1172.48,18,Blocked,False,False,0,True,False,211.05,0.0,Low
RISK002475,employee_travel,68588.6,5,Blocked,True,True,0,True,False,3429.43,10000.0,Medium
RISK002476,motor_vehicle,50607.96,28,Blocked,False,False,81,True,False,14170.23,4616.03,Medium
RISK002477,employee_travel,113260.53,5,Blocked,True,True,0,True,False,5663.03,10000.0,Medium
RISK002478,bank_charges,9637.79,18,Eligible,True,False,0,True,False,1734.8,0.0,Low
RISK002479,rent,86449.23,18,Eligible,True,False,14,True,False,15560.86,807.43,Low
RISK002480,motor_vehicle,173000,28,Blocked,True,True,0,False,True,48440.0,10500.0,Medium
RISK002481,employee_insurance,197960.03,18,Blocked,True,True,29,True,False,35632.81,11959.6,Medium
RISK002482,capital_goods,7804.87,18,Eligible,True,False,16,False,False,1404.88,1311.09,Low
RISK002483,food_catering,178674.0,5,Blocked,True,True,79,True,False,8933.7,14298.05,Medium
RISK002484,sales_revenue,119865.53,18,Not Applicable,False,False,31,True,False,21575.8,1879.84,Low
RISK002485,club_membership,33824.03,18,Blocked,False,False,119,True,False,6088.33,6307.29,Medium
RISK002486,rent,159246.6,18,Eligible,False,False,0,True,False,28664.39,0.0,Low
RISK002487,employee_travel,55895.16,5,Blocked,True,True,0,True,False,2794.76,10000.0,Medium
RISK002488,works_contract,33276.72,18,Blocked,False,False,74,True,False,5989.81,3918.59,Medium
RISK002489,input_services,164551.65,18,Eligible,True,False,0,True,False,29619.3,0.0,Low
RISK002490,rent,27000,18,Eligible,True,False,29,True,True,4860.0,1519.5,Low
RISK002491,works_contract,182492.13,18,Blocked,True,True,113,True,False,32848.58,17480.52,High
RISK002492,motor_vehicle,31208.93,28,Blocked,True,True,61,True,False,8738.5,13312.87,Medium
RISK002493,purchase_goods,106839.42,18,Eligible,True,False,14,True,False,19231.1,832.77,Low
RISK002494,capital_goods,31171.07,18,Eligible,True,False,0,True,False,5610.79,0.0,Low
RISK002495,club_membership,142887.6,18,Blocked,False,False,0,False,False,25719.77,500.0,Low
RISK002496,employee_travel,196889.3,5,Blocked,False,False,0,False,False,9844.47,500.0,Low
RISK002497,employee_travel,43509.72,5,Blocked,True,True,0,True,False,2175.49,10000.0,Medium
RISK002498,bank_charges,52415.62,18,Eligible,True,False,99,True,False,9434.81,5410.63,Medium
RISK002499,utilities,75417.46,18,Eligible,True,False,112,True,False,13575.14,6349.79,Medium
RISK002500,input_services,180215.77,18,Eligible,True,False,110,True,False,32438.84,7259.7,Medium
RISK002501,employee_insurance,116342.14,18,Blocked,False,False,0,True,False,20941.59,0.0,Low
RISK002502,rent,159889.11,18,Eligible,True,False,0,True,False,28780.04,0.0,Low
RISK002503,capital_goods,48678.2,18,Eligible,True,False,0,True,False,8762.08,0.0,Low
RISK002504,bank_charges,110007.03,18,Eligible,False,False,0,True,False,19801.27,0.0,Low
RISK002505,input_services,160672.58,18,Eligible,True,False,67,True,False,28921.06,4305.58,Medium
RISK002506,motor_vehicle,144323.51,28,Blocked,True,True,42,True,False,40410.58,12937.0,Medium
RISK002507,exempt_non_gst,67867.46,exempt,Not Applicable,True,False,0,True,False,0.0,0.0,Low
RISK002508,purchase_goods,172645.71,18,Eligible,False,False,0,True,False,31076.23,0.0,Low
RISK002509,employee_insurance,117375.19,18,Blocked,True,True,0,False,False,21127.53,10500.0,Medium
RISK002510,sales_revenue,178911.71,18,Not Applicable,True,False,0,True,False,32204.11,0.0,Low
RISK002511,purchase_goods,143985.47,18,Eligible,False,False,0,True,False,25917.38,0.0,Low
RISK002512,club_membership,129298.6,18,Blocked,False,False,0,True,False,23273.75,0.0,Low
RISK002513,employee_travel,133794.64,5,Blocked,True,True,0,True,False,6689.73,10000.0,Medium
RISK002514,input_services,35557.13,18,Eligible,False,False,0,True,False,6400.28,0.0,Low
RISK002515,food_catering,9000,5,Blocked,True,True,0,True,True,450.0,10000.0,Medium
RISK002516,utilities,177215.66,18,Eligible,True,False,12,True,False,31898.82,788.77,Low
RISK002517,club_membership,30416.74,18,Blocked,True,True,0,True,False,5475.01,10000.0,Medium
RISK002518,club_membership,45955.03,18,Blocked,True,True,47,True,False,8271.91,12541.73,Medium
RISK002519,employee_travel,75377.44,5,Blocked,True,True,81,True,False,3768.87,14200.55,Medium
RISK002520,rent,82331.6,18,Eligible,False,False,80,True,False,14819.69,4584.67,Medium
RISK002521,sales_revenue,125067.43,18,Not Applicable,True,False,119,True,False,22512.14,7271.12,Medium
RISK002522,purchase_goods,53928.23,18,Eligible,True,False,0,True,False,9707.08,0.0,Low
RISK002523,capital_goods,178095.89,18,Eligible,False,False,34,True,False,32057.26,2237.51,Medium
RISK002524,exempt_non_gst,128933.6,exempt,Not Applicable,True,False,0,False,False,0.0,500.0,Low
RISK002525,rent,75928.54,18,Eligible,False,False,0,True,False,13667.14,0.0,Low
RISK002526,input_services,134763.46,18,Eligible,True,False,0,True,False,24257.42,0.0,Low
RISK002527,club_membership,114000,18,Blocked,True,True,53,True,True,20520.0,13186.33,Medium
RISK002528,motor_vehicle,151417.65,28,Blocked,True,True,109,True,False,42396.94,17728.98,High
RISK002529,utilities,192174.34,18,Eligible,True,False,0,True,False,34591.38,0.0,Low
RISK002530,employee_insurance,78281.23,18,Blocked,True,True,97,True,False,14090.62,15524.03,High
RISK002531,input_services,80954.2,18,Eligible,True,False,44,True,False,14571.76,2516.19,Medium
RISK002532,rent,191864.08,18,Eligible,False,False,0,True,False,34535.53,0.0,Low
RISK002533,motor_vehicle,158522.71,28,Blocked,False,False,0,False,False,44386.36,500.0,Low
RISK002534,purchase_goods,154521.36,18,Eligible,False,False,0,True,False,27813.84,0.0,Low
RISK002535,input_services,166167.92,18,Eligible,True,False,18,True,False,29910.23,1165.5,Low
RISK002536,purchase_goods,134898.72,18,Eligible,True,False,0,True,False,24281.77,0.0,Low
RISK002537,utilities,48144.01,18,Eligible,False,False,0,True,False,8665.92,0.0,Low
RISK002538,exempt_non_gst,105479.4,exempt,Not Applicable,True,False,16,True,False,0.0,800.0,Low
RISK002539,input_services,161286.62,18,Eligible,True,False,59,True,False,29031.59,3794.7,Medium
RISK002540,sales_revenue,25193.87,18,Not Applicable,True,False,31,True,False,4534.9,1619.33,Low
RISK002541,rent,98769.92,18,Eligible,True,False,29,True,False,17778.59,1704.26,Low
RISK002542,purchase_goods,144810.48,18,Eligible,False,False,79,True,False,26065.89,4965.5,Medium
RISK002543,bank_charges,198288.68,18,Eligible,True,False,110,True,False,35691.96,7436.17,Medium
RISK002544,exempt_non_gst,105132.58,exempt,Not Applicable,True,False,27,True,False,0.0,1350.0,Low
RISK002545,purchase_goods,117425.01,18,Eligible,True,False,0,True,False,21136.5,0.0,Low
RISK002546,club_membership,184903.13,18,Blocked,True,True,0,True,False,33282.56,10000.0,Medium
RISK002547,utilities,145987.6,18,Eligible,False,False,93,False,False,26277.77,6355.18,Medium
RISK002548,employee_travel,136000,5,Blocked,True,True,45,True,True,6800.0,12400.9,Medium
RISK002549,utilities,120936.44,18,Eligible,False,False,82,True,False,21768.56,4980.28,Medium
RISK002550,club_membership,59000,18,Blocked,True,True,0,True,True,10620.0,10000.0,Medium
RISK002551,input_services,151425.98,18,Eligible,True,False,0,True,False,27256.68,0.0,Low
RISK002552,employee_travel,120591.93,5,Blocked,True,True,0,True,False,6029.6,10000.0,Medium
RISK002553,capital_goods,18898.84,18,Eligible,False,False,110,True,False,3401.79,5684.54,Medium
RISK002554,club_membership,81745.96,18,Blocked,False,False,81,True,False,14714.27,4637.76,Medium
RISK002555,rent,99000,18,Eligible,True,False,0,True,True,17820.0,0.0,Low
RISK002556,works_contract,19649.07,18,Blocked,False,False,0,True,False,3536.83,0.0,Low
RISK002557,rent,175028.4,18,Eligible,True,False,47,True,False,31505.11,3080.23,Medium
RISK002558,capital_goods,164000,18,Eligible,False,False,0,True,True,29520.0,0.0,Low
RISK002559,works_contract,42964.26,18,Blocked,False,False,33,False,False,7733.57,2275.86,Medium
RISK002560,exempt_non_gst,86243.79,exempt,Not Applicable,True,False,0,True,False,0.0,0.0,Low
RISK002561,food_catering,85182.48,5,Blocked,True,True,80,True,False,4259.12,14168.03,Medium
RISK002562,utilities,58434.96,18,Eligible,False,False,0,True,False,10518.29,0.0,Low
RISK002563,sales_revenue,105798.07,18,Not Applicable,True,False,0,True,False,19043.65,0.0,Low
RISK002564,employee_insurance,182588.49,18,Blocked,False,False,0,True,False,32865.93,0.0,Low
RISK002565,employee_insurance,75173.37,18,Blocked,False,False,0,True,False,13531.21,0.0,Low
RISK002566,works_contract,4101.81,18,Blocked,False,False,0,False,False,738.33,500.0,Low
RISK002567,capital_goods,160755.66,18,Eligible,True,False,0,True,False,28936.02,0.0,Low
RISK002568,utilities,116788.37,18,Eligible,True,False,91,True,False,21021.91,5493.39,Medium
RISK002569,motor_vehicle,153442.38,28,Blocked,True,True,0,True,False,42963.87,10000.0,Medium
RISK002570,club_membership,128528.99,18,Blocked,False,False,87,True,False,23135.22,5342.6,Medium
RISK002571,food_catering,18386.11,5,Blocked,True,True,0,True,False,919.31,10000.0,Medium
RISK002572,employee_insurance,190000,18,Blocked,True,True,0,True,True,34200.0,10000.0,Medium
RISK002573,club_membership,177524.01,18,Blocked,True,True,110,True,False,31954.32,17233.41,High
RISK002574,rent,22116.8,18,Eligible,False,False,29,True,False,3981.02,1506.93,Low
RISK002575,motor_vehicle,81000,28,Blocked,True,True,53,True,True,22680.0,13242.79,Medium
RISK002576,club_membership,94859.02,18,Blocked,True,True,0,True,False,17074.62,10000.0,Medium
RISK002577,purchase_goods,128566.22,18,Eligible,True,False,0,True,False,23141.92,0.0,Low
RISK002578,rent,104238.76,18,Eligible,True,False,78,False,False,18762.98,5121.73,Medium
RISK002579,club_membership,28135.35,18,Blocked,False,False,108,True,False,5064.36,5669.73,Medium
RISK002580,purchase_goods,179501.53,18,Eligible,False,False,16,False,False,32310.28,1554.94,Low
RISK002581,employee_travel,122196.4,5,Blocked,True,True,0,True,False,6109.82,10000.0,Medium
RISK002582,employee_travel,152739.5,5,Blocked,True,True,0,True,False,7636.98,10000.0,Medium
RISK002583,club_membership,76795.56,18,Blocked,True,True,0,True,False,13823.2,10000.0,Medium
RISK002584,purchase_goods,112577.92,18,Eligible,False,False,0,True,False,20264.03,0.0,Low
RISK002585,sales_revenue,38462.18,18,Not Applicable,True,False,119,True,False,6923.19,6356.29,Medium
RISK002586,rent,155555.11,18,Eligible,True,False,0,True,False,27999.92,0.0,Low
RISK002587,exempt_non_gst,102051.73,exempt,Not Applicable,True,False,0,True,False,0.0,0.0,Low
RISK002588,food_catering,150590.4,5,Blocked,True,True,66,True,False,7529.52,13545.07,Medium
RISK002589,motor_vehicle,12989.69,28,Blocked,True,True,98,True,False,3637.11,15075.78,High
RISK002590,capital_goods,133828.85,18,Eligible,False,False,0,False,False,24089.19,500.0,Low
RISK002591,purchase_goods,189096.03,18,Eligible,True,False,0,True,False,34037.29,0.0,Low
RISK002592,employee_insurance,121503.47,18,Blocked,False,False,0,True,False,21870.62,0.0,Low
RISK002593,exempt_non_gst,126092.68,exempt,Not Applicable,True,False,57,True,False,0.0,2850.0,Medium
RISK002594,purchase_goods,146130.29,18,Eligible,True,False,0,True,False,26303.45,0.0,Low
RISK002595,food_catering,119967.72,5,Blocked,True,True,0,False,False,5998.39,10500.0,Medium
RISK002596,works_contract,81000,18,Blocked,False,False,77,True,True,14580.0,4403.64,Medium
RISK002597,sales_revenue,18867.87,18,Not Applicable,False,False,106,True,False,3396.22,5477.53,Medium
RISK002598,purchase_goods,196405.5,18,Eligible,True,False,9,True,False,35352.99,606.91,Low
RISK002599,motor_vehicle,187346.61,28,Blocked,True,True,0,False,False,52457.05,10500.0,Medium
RISK002600,food_catering,46806.56,5,Blocked,False,False,41,True,False,2340.33,2097.32,Medium
RISK002601,rent,69000,18,Eligible,False,False,0,True,True,12420.0,0.0,Low
RISK002602,purchase_goods,41380.95,18,Eligible,False,False,87,True,False,7448.57,4669.57,Medium
RISK002603,purchase_goods,76276.0,18,Eligible,True,False,0,True,False,13729.68,0.0,Low
RISK002604,bank_charges,26905.08,18,Eligible,True,False,45,True,False,4842.91,2357.47,Medium
RISK002605,food_catering,15000,5,Blocked,True,True,0,True,True,750.0,10000.0,Medium
RISK002606,input_services,172979.32,18,Eligible,True,False,0,True,False,31136.28,0.0,Low
RISK002607,exempt_non_gst,19355.99,exempt,Not Applicable,True,False,31,True,False,0.0,1550.0,Low
RISK002608,exempt_non_gst,20772.28,exempt,Not Applicable,True,False,0,True,False,0.0,0.0,Low
RISK002609,sales_revenue,100181.83,18,Not Applicable,True,False,10,True,False,18032.73,588.93,Low
RISK002610,capital_goods,175697.21,18,Eligible,False,False,106,True,False,31625.5,6953.19,Medium
RISK002611,utilities,104125.19,18,Eligible,False,False,0,True,False,18742.53,0.0,Low
RISK002612,food_catering,156986.71,5,Blocked,True,True,0,True,False,7849.34,10000.0,Medium
RISK002613,rent,175009.28,18,Eligible,True,False,109,True,False,31501.67,7143.32,Medium
RISK002614,bank_charges,82000,18,Eligible,True,False,58,False,True,14760.0,3822.18,Medium
RISK002615,sales_revenue,140712.45,18,Not Applicable,True,False,52,True,False,25328.24,3249.51,Medium
RISK002616,food_catering,95925.09,5,Blocked,True,True,64,True,False,4796.25,13351.38,Medium
RISK002617,sales_revenue,161617.33,18,Not Applicable,False,False,0,True,False,29091.12,0.0,Low
RISK002618,input_services,17328.32,18,Eligible,False,False,0,True,False,3119.1,0.0,Low
RISK002619,input_services,17694.73,18,Eligible,True,False,47,True,False,3185.05,2423.82,Medium
RISK002620,food_catering,187000,5,Blocked,True,True,0,True,True,9350.0,10000.0,Medium
RISK002621,employee_insurance,154133.0,18,Blocked,True,True,18,True,False,27743.94,11146.27,Medium
RISK002622,food_catering,151115.12,5,Blocked,False,False,69,True,False,7555.76,3707.1,Medium
RISK002623,motor_vehicle,124875.68,28,Blocked,True,True,112,True,False,34965.19,17531.23,High
RISK002624,purchase_goods,170249.06,18,Eligible,False,False,89,True,False,30644.83,5795.01,Medium
RISK002625,club_membership,86913.6,18,Blocked,False,False,33,True,False,15644.45,1904.6,Low
RISK002626,input_services,59978.39,18,Eligible,True,False,79,True,False,10796.11,4370.6,Medium
RISK002627,employee_insurance,17260.82,18,Blocked,True,True,65,True,False,3106.95,13349.59,Medium
RISK002628,purchase_goods,139208.43,18,Eligible,True,False,0,True,False,25057.52,0.0,Low
RISK002629,motor_vehicle,89792.04,28,Blocked,True,True,0,False,False,25141.77,10500.0,Medium
RISK002630,employee_travel,90675.28,5,Blocked,True,True,0,True,False,4533.76,10000.0,Medium
RISK002631,employee_insurance,194684.8,18,Blocked,True,True,0,True,False,35043.26,10000.0,Medium
RISK002632,employee_travel,115131.28,5,Blocked,True,True,0,True,False,5756.56,10000.0,Medium
RISK002633,input_services,64363.2,18,Eligible,True,False,0,True,False,11585.38,0.0,Low
RISK002634,club_membership,63991.64,18,Blocked,True,True,0,True,False,11518.5,10000.0,Medium
RISK002635,rent,74051.84,18,Eligible,True,False,85,False,False,13329.33,5308.74,Medium
RISK002636,motor_vehicle,76497.37,28,Blocked,True,True,73,True,False,21419.26,14421.09,Medium
RISK002637,input_services,56279.62,18,Eligible,True,False,44,True,False,10130.33,2419.81,Medium
RISK002638,input_services,186879.06,18,Eligible,True,False,26,True,False,33638.23,1731.31,Low
RISK002639,employee_travel,59185.69,5,Blocked,True,True,18,True,False,2959.28,10926.27,Medium
RISK002640,exempt_non_gst,54215.87,exempt,Not Applicable,True,False,111,False,False,0.0,6050.0,Medium
RISK002641,employee_travel,186940.0,5,Blocked,True,True,0,True,False,9347.0,10000.0,Medium
RISK002642,bank_charges,37727.06,18,Eligible,False,False,120,True,False,6790.87,6401.87,Medium
RISK002643,bank_charges,78120.77,18,Eligible,False,False,0,False,False,14061.74,500.0,Low
RISK002644,works_contract,44842.95,18,Blocked,True,True,48,True,False,8071.73,12591.07,Medium
RISK002645,club_membership,21689.02,18,Blocked,False,False,0,True,False,3904.02,0.0,Low
RISK002646,club_membership,52938.45,18,Blocked,True,True,42,True,False,9528.92,12297.37,Medium
RISK002647,food_catering,154714.15,5,Blocked,True,True,0,True,False,7735.71,10000.0,Medium
RISK002648,employee_travel,24435.57,5,Blocked,True,True,0,True,False,1221.78,10000.0,Medium
RISK002649,capital_goods,182819.14,18,Eligible,True,False,0,True,False,32907.45,0.0,Low
RISK002650,bank_charges,116604.4,18,Eligible,True,False,0,True,False,20988.79,0.0,Low
RISK002651,utilities,18097.35,18,Eligible,True,False,0,True,False,3257.52,0.0,Low
RISK002652,rent,145922.03,18,Eligible,True,False,105,True,False,26265.97,6610.07,Medium
RISK002653,club_membership,20000,18,Blocked,False,False,0,True,True,3600.0,0.0,Low
RISK002654,employee_travel,53518.01,5,Blocked,False,False,83,True,False,2675.9,4259.53,Medium
RISK002655,sales_revenue,158594.63,18,Not Applicable,True,False,0,True,False,28547.03,0.0,Low
RISK002656,capital_goods,139367.73,18,Eligible,True,False,78,True,False,25086.19,4864.96,Medium
RISK002657,food_catering,1841.94,5,Blocked,True,True,0,True,False,92.1,10000.0,Medium
RISK002658,sales_revenue,69989.09,18,Not Applicable,True,False,0,True,False,12598.04,0.0,Low
RISK002659,sales_revenue,155283.9,18,Not Applicable,True,False,111,True,False,27951.1,7080.04,Medium
RISK002660,sales_revenue,150980.85,18,Not Applicable,True,False,0,True,False,27176.55,0.0,Low
RISK002661,works_contract,67909.16,18,Blocked,True,True,86,True,False,12223.65,14818.42,Medium
RISK002662,works_contract,117870.08,18,Blocked,False,False,41,True,False,21216.61,2478.98,Medium
RISK002663,utilities,35966.13,18,Eligible,True,False,117,True,False,6473.9,6223.54,Medium
RISK002664,works_contract,85907.4,18,Blocked,True,True,0,True,False,15463.33,10000.0,Medium
RISK002665,purchase_goods,31610.66,18,Eligible,True,False,76,True,False,5689.92,4013.26,Medium
RISK002666,rent,26660.02,18,Eligible,False,False,106,True,False,4798.8,5550.85,Medium
RISK002667,bank_charges,14313.89,18,Eligible,True,False,0,True,False,2576.5,0.0,Low
RISK002668,employee_insurance,85423.72,18,Blocked,False,False,37,True,False,15376.27,2130.56,Medium
RISK002669,club_membership,123573.26,18,Blocked,True,True,92,True,False,22243.19,15609.17,High
RISK002670,exempt_non_gst,138226.95,exempt,Not Applicable,False,False,0,False,False,0.0,500.0,Low
RISK002671,works_contract,189916.77,18,Blocked,True,True,0,True,False,34185.02,10000.0,Medium
RISK002672,club_membership,196965.6,18,Blocked,False,False,37,True,False,35453.81,2496.91,Medium
RISK002673,club_membership,44078.51,18,Blocked,False,False,104,True,False,7934.13,5606.92,Medium
RISK002674,rent,167000,18,Eligible,True,False,113,True,True,30060.0,7325.12,Medium
RISK002675,utilities,125001.54,18,Eligible,True,False,114,True,False,22500.28,6964.95,Medium
RISK002676,utilities,98162.8,18,Eligible,True,False,45,True,False,17669.3,2642.11,Medium
RISK002677,food_catering,81103.06,5,Blocked,False,False,23,True,False,4055.15,1196.0,Low
RISK002678,food_catering,93120.16,5,Blocked,True,True,72,True,False,4656.01,13765.32,Medium
RISK002679,motor_vehicle,31373.61,28,Blocked,True,True,0,True,False,8784.61,10000.0,Medium
RISK002680,exempt_non_gst,155215.85,exempt,Not Applicable,True,False,0,False,False,0.0,500.0,Low
RISK002681,works_contract,20898.86,18,Blocked,True,True,92,True,False,3761.79,14770.67,Medium
RISK002682,food_catering,35522.02,5,Blocked,True,True,0,True,False,1776.1,10000.0,Medium
RISK002683,rent,185196.1,18,Eligible,True,False,108,False,False,33335.3,7675.45,Medium
RISK002684,input_services,31460.73,18,Eligible,False,False,28,True,False,5662.93,1478.19,Low
RISK002685,capital_goods,146694.62,18,Eligible,False,False,75,True,False,26405.03,4726.62,Medium
RISK002686,club_membership,110356.46,18,Blocked,True,True,0,True,False,19864.16,10000.0,Medium
RISK002687,rent,157975.66,18,Eligible,False,False,0,True,False,28435.62,0.0,Low
RISK002688,utilities,83866.14,18,Eligible,True,False,95,True,False,15095.91,5457.23,Medium
RISK002689,input_services,161744.25,18,Eligible,True,False,74,True,False,29113.97,4762.46,Medium
RISK002690,employee_travel,162247.31,5,Blocked,False,False,93,True,False,8112.37,5022.06,Medium
RISK002691,employee_travel,165061.37,5,Blocked,False,False,0,True,False,8253.07,0.0,Low
RISK002692,capital_goods,32836.87,18,Eligible,True,False,77,True,False,5910.64,4074.44,Medium
RISK002693,food_catering,143893.54,5,Blocked,True,True,105,True,False,7194.68,15622.55,High
RISK002694,club_membership,189187.96,18,Blocked,True,True,0,True,False,34053.83,10000.0,Medium
RISK002695,capital_goods,27375.9,18,Eligible,True,False,93,True,False,4927.66,4876.0,Medium
RISK002696,input_services,8012.59,18,Eligible,True,False,63,True,False,1442.27,3194.81,Medium
RISK002697,food_catering,103965.49,5,Blocked,True,True,45,True,False,5198.27,12365.36,Medium
RISK002698,works_contract,141138.1,18,Blocked,True,True,0,True,False,25404.86,10000.0,Medium
RISK002699,motor_vehicle,184898.36,28,Blocked,False,False,102,False,False,51771.54,8204.18,Medium
RISK002700,rent,3958.74,18,Eligible,False,False,0,True,False,712.57,0.0,Low
RISK002701,employee_travel,171109.53,5,Blocked,True,True,0,True,False,8555.48,10000.0,Medium
RISK002702,input_services,191000,18,Eligible,False,False,119,True,True,34380.0,7967.59,Medium
RISK002703,input_services,128760.88,18,Eligible,True,False,76,True,False,23176.96,4668.66,Medium
RISK002704,capital_goods,61000,18,Eligible,True,False,95,True,True,10980.0,5264.41,Medium
RISK002705,exempt_non_gst,39668.36,exempt,Not Applicable,True,False,0,True,False,0.0,0.0,Low
RISK002706,employee_travel,100223.12,5,Blocked,True,True,0,True,False,5011.16,10000.0,Medium
RISK002707,works_contract,30781.58,18,Blocked,True,True,0,True,False,5540.68,10000.0,Medium
RISK002708,food_catering,82317.25,5,Blocked,False,False,0,True,False,4115.86,0.0,Low
RISK002709,employee_insurance,18302.7,18,Blocked,True,True,0,True,False,3294.49,10000.0,Medium
RISK002710,capital_goods,123692.84,18,Eligible,True,False,0,True,False,22264.71,0.0,Low
RISK002711,club_membership,152110.42,18,Blocked,False,False,0,True,False,27379.88,0.0,Low
RISK002712,purchase_goods,59000,18,Eligible,True,False,0,True,True,10620.0,0.0,Low
RISK002713,input_services,91340.98,18,Eligible,False,False,100,True,False,16441.38,5810.81,Medium
RISK002714,sales_revenue,56767.97,18,Not Applicable,True,False,0,True,False,10218.23,0.0,Low
RISK002715,employee_insurance,105200.87,18,Blocked,False,False,74,True,False,18936.16,4391.04,Medium
RISK002716,input_services,119466.49,18,Eligible,True,False,0,True,False,21503.97,0.0,Low
RISK002717,exempt_non_gst,73662.08,exempt,Not Applicable,False,False,108,True,False,0.0,5400.0,Medium
RISK002718,works_contract,131203.7,18,Blocked,False,False,0,True,False,23616.67,0.0,Low
RISK002719,input_services,155954.17,18,Eligible,True,False,100,True,False,28071.75,6384.36,Medium
RISK002720,capital_goods,28804.86,18,Eligible,True,False,71,True,False,5184.87,3731.54,Medium
RISK002721,utilities,152633.14,18,Eligible,True,False,34,False,False,27473.97,2660.66,Medium
RISK002722,sales_revenue,31656.03,18,Not Applicable,True,False,0,True,False,5698.09,0.0,Low
RISK002723,employee_travel,32809.8,5,Blocked,True,True,0,True,False,1640.49,10000.0,Medium
RISK002724,purchase_goods,88901.36,18,Eligible,False,False,0,True,False,16002.24,0.0,Low
RISK002725,motor_vehicle,46026.15,28,Blocked,True,True,0,True,False,12887.32,10000.0,Medium
RISK002726,bank_charges,64227.32,18,Eligible,False,False,0,True,False,11560.92,0.0,Low
RISK002727,purchase_goods,44756.46,18,Eligible,False,False,0,True,False,8056.16,0.0,Low
RISK002728,employee_travel,72955.76,5,Blocked,False,False,73,False,False,3647.79,4281.32,Medium
RISK002729,bank_charges,84926.23,18,Eligible,False,False,48,True,False,15286.72,2761.86,Medium
RISK002730,bank_charges,74707.97,18,Eligible,True,False,0,True,False,13447.43,0.0,Low
RISK002731,capital_goods,28000,18,Eligible,False,False,0,True,True,5040.0,0.0,Low
RISK002732,purchase_goods,154000,18,Eligible,False,False,0,True,True,27720.0,0.0,Low
RISK002733,works_contract,158609.72,18,Blocked,True,True,0,True,False,28549.75,10000.0,Medium
RISK002734,capital_goods,98052.35,18,Eligible,True,False,0,True,False,17649.42,0.0,Low
RISK002735,works_contract,134203.8,18,Blocked,True,True,0,True,False,24156.68,10000.0,Medium
RISK002736,bank_charges,141008.6,18,Eligible,True,False,0,True,False,25381.55,0.0,Low
RISK002737,rent,11249.67,18,Eligible,False,False,0,False,False,2024.94,500.0,Low
RISK002738,utilities,72543.67,18,Eligible,True,False,0,True,False,13057.86,0.0,Low
RISK002739,input_services,23284.07,18,Eligible,True,False,0,True,False,4191.13,0.0,Low
RISK002740,exempt_non_gst,105860.4,exempt,Not Applicable,True,False,0,True,False,0.0,0.0,Low
RISK002741,purchase_goods,41310.1,18,Eligible,True,False,0,False,False,7435.82,500.0,Low
RISK002742,sales_revenue,40472.94,18,Not Applicable,True,False,118,False,False,7285.13,6823.93,Medium
RISK002743,exempt_non_gst,88000,exempt,Not Applicable,True,False,11,True,True,0.0,550.0,Low
RISK002744,rent,166223.26,18,Eligible,True,False,0,True,False,29920.19,0.0,Low
RISK002745,motor_vehicle,83253.4,28,Blocked,True,True,81,True,False,23310.95,14981.16,Medium
RISK002746,sales_revenue,23737.67,18,Not Applicable,True,False,0,True,False,4272.78,0.0,Low
RISK002747,purchase_goods,4419.75,18,Eligible,True,False,70,True,False,795.55,3527.46,Medium
RISK002748,exempt_non_gst,143123.1,exempt,Not Applicable,False,False,81,True,False,0.0,4050.0,Medium
RISK002749,bank_charges,50000,18,Eligible,False,False,0,True,True,9000.0,0.0,Low
RISK002750,employee_travel,121965.42,5,Blocked,True,True,83,True,False,6098.27,14399.61,Medium
RISK002751,motor_vehicle,157000,28,Blocked,True,True,0,True,True,43960.0,10000.0,Medium
RISK002752,food_catering,118268.27,5,Blocked,True,True,49,True,False,5913.41,12592.89,Medium
RISK002753,capital_goods,82472.0,18,Eligible,True,False,0,True,False,14844.96,0.0,Low
RISK002754,purchase_goods,97261.77,18,Eligible,True,False,0,True,False,17507.12,0.0,Low
RISK002755,motor_vehicle,37011.56,28,Blocked,False,False,86,True,False,10363.24,4739.51,Medium
RISK002756,employee_travel,182437.94,5,Blocked,False,False,0,True,False,9121.9,0.0,Low
RISK002757,utilities,33445.97,18,Eligible,True,False,85,True,False,6020.27,4502.36,Medium
RISK002758,purchase_goods,103356.46,18,Eligible,False,False,0,True,False,18604.16,0.0,Low
RISK002759,purchase_goods,168284.97,18,Eligible,True,False,81,True,False,30291.29,5259.99,Medium
RISK002760,capital_goods,169999.06,18,Eligible,False,False,0,False,False,30599.83,500.0,Low
RISK002761,bank_charges,137027.06,18,Eligible,False,False,77,True,False,24664.87,4786.59,Medium
RISK002762,employee_travel,89991.76,5,Blocked,True,True,0,False,False,4499.59,10500.0,Medium
RISK002763,works_contract,167337.92,18,Blocked,True,True,38,False,False,30120.83,12964.46,Medium
RISK002764,exempt_non_gst,164159.54,exempt,Not Applicable,True,False,0,True,False,0.0,0.0,Low
RISK002765,club_membership,28079.01,18,Blocked,False,False,0,False,False,5054.22,500.0,Low
RISK002766,club_membership,147620.39,18,Blocked,True,True,65,True,False,26571.67,14101.75,Medium
RISK002767,club_membership,34928.72,18,Blocked,False,False,0,True,False,6287.17,0.0,Low
RISK002768,food_catering,133483.51,5,Blocked,False,False,0,True,False,6674.18,0.0,Low
RISK002769,utilities,119338.24,18,Eligible,True,False,11,False,False,21480.88,1166.53,Low
RISK002770,food_catering,135030.92,5,Blocked,True,True,77,True,False,6751.55,14106.37,Medium
RISK002771,club_membership,30512.18,18,Blocked,False,False,0,False,False,5492.19,500.0,Low
RISK002772,exempt_non_gst,95688.58,exempt,Not Applicable,True,False,0,True,False,0.0,0.0,Low
RISK002773,capital_goods,52100.96,18,Eligible,False,False,55,True,False,9378.17,3004.37,Medium
RISK002774,food_catering,179967.6,5,Blocked,True,True,0,True,False,8998.38,10000.0,Medium
RISK002775,works_contract,110865.67,18,Blocked,True,True,46,True,False,19955.82,12752.7,Medium
RISK002776,employee_travel,159673.9,5,Blocked,False,False,51,True,False,7983.69,2750.8,Medium
RISK002777,employee_travel,185282.31,5,Blocked,False,False,0,True,False,9264.12,0.0,Low
RISK002778,rent,144210.81,18,Eligible,False,False,0,True,False,25957.95,0.0,Low
RISK002779,input_services,13419.61,18,Eligible,True,False,14,True,False,2415.53,716.68,Low
RISK002780,bank_charges,116209.48,18,Eligible,True,False,36,True,False,20917.71,2171.36,Medium
RISK002781,club_membership,193548.42,18,Blocked,False,False,35,True,False,34838.72,2351.33,Medium
RISK002782,club_membership,45976.44,18,Blocked,True,True,0,False,False,8275.76,10500.0,Medium
RISK002783,input_services,198123.74,18,Eligible,False,False,0,True,False,35662.27,0.0,Low
RISK002784,employee_travel,166687.61,5,Blocked,True,True,0,False,False,8334.38,10500.0,Medium
RISK002785,sales_revenue,198847.1,18,Not Applicable,True,False,77,True,False,35792.48,5209.13,Medium
RISK002786,exempt_non_gst,174689.99,exempt,Not Applicable,False,False,0,True,False,0.0,0.0,Low
RISK002787,purchase_goods,68674.94,18,Eligible,False,False,0,True,False,12361.49,0.0,Low
RISK002788,capital_goods,80421.36,18,Eligible,False,False,117,True,False,14475.84,6685.24,Medium
RISK002789,utilities,150220.05,18,Eligible,True,False,0,True,False,27039.61,0.0,Low
RISK002790,employee_insurance,6797.38,18,Blocked,True,True,0,True,False,1223.53,10000.0,Medium
RISK002791,motor_vehicle,169103.02,28,Blocked,True,True,115,False,False,47348.85,18935.26,High
RISK002792,sales_revenue,103399.55,18,Not Applicable,False,False,74,True,False,18611.92,4379.21,Medium
RISK002793,club_membership,108437.84,18,Blocked,False,False,0,True,False,19518.81,0.0,Low
RISK002794,input_services,19831.17,18,Eligible,True,False,0,True,False,3569.61,0.0,Low
RISK002795,sales_revenue,45681.6,18,Not Applicable,True,False,0,True,False,8222.69,0.0,Low
RISK002796,utilities,109410.05,18,Eligible,True,False,0,True,False,19693.81,0.0,Low
RISK002797,employee_travel,79467.6,5,Blocked,True,True,0,False,False,3973.38,10500.0,Medium
RISK002798,utilities,137893.48,18,Eligible,False,False,0,True,False,24820.83,0.0,Low
RISK002799,sales_revenue,132151.37,18,Not Applicable,True,False,93,True,False,23787.25,5740.95,Medium
RISK002800,exempt_non_gst,137646.8,exempt,Not Applicable,True,False,0,True,False,0.0,0.0,Low
RISK002801,works_contract,9375.44,18,Blocked,True,True,0,True,False,1687.58,10000.0,Medium
RISK002802,rent,166588.54,18,Eligible,True,False,104,True,False,29985.94,6737.91,Medium
RISK002803,rent,82452.52,18,Eligible,False,False,0,True,False,14841.45,0.0,Low
RISK002804,bank_charges,120099.02,18,Eligible,True,False,0,True,False,21617.82,0.0,Low
RISK002805,employee_travel,60575.99,5,Blocked,True,True,0,True,False,3028.8,10000.0,Medium
RISK002806,utilities,184141.44,18,Eligible,False,False,36,True,False,33145.46,2388.45,Medium
RISK002807,club_membership,122871.4,18,Blocked,True,True,0,True,False,22116.85,10000.0,Medium
RISK002808,input_services,3363.84,18,Eligible,False,False,0,True,False,605.49,0.0,Low
RISK002809,sales_revenue,88897.66,18,Not Applicable,True,False,0,True,False,16001.58,0.0,Low
RISK002810,sales_revenue,64126.99,18,Not Applicable,True,False,104,True,False,11542.86,5792.01,Medium
RISK002811,rent,171478.95,18,Eligible,True,False,113,True,False,30866.21,7370.05,Medium
RISK002812,employee_insurance,37272.91,18,Blocked,True,True,7,True,False,6709.12,10373.16,Medium
RISK002813,employee_travel,121843.91,5,Blocked,True,True,0,True,False,6092.2,10000.0,Medium
RISK002814,input_services,171187.31,18,Eligible,True,False,0,True,False,30813.72,0.0,Low
RISK002815,food_catering,85922.31,5,Blocked,False,False,61,True,False,4296.12,3179.24,Medium
RISK002816,bank_charges,122847.99,18,Eligible,True,False,0,True,False,22112.64,0.0,Low
RISK002817,capital_goods,18913.88,18,Eligible,False,False,105,False,False,3404.5,5926.29,Medium
RISK002818,club_membership,128063.87,18,Blocked,False,False,0,False,False,23051.5,500.0,Low
RISK002819,capital_goods,95179.77,18,Eligible,True,False,0,True,False,17132.36,0.0,Low
RISK002820,input_services,39578.82,18,Eligible,True,False,113,False,False,7124.19,6547.0,Medium
RISK002821,sales_revenue,179504.44,18,Not Applicable,False,False,0,True,False,32310.8,0.0,Low
RISK002822,sales_revenue,52992.88,18,Not Applicable,True,False,10,True,False,9538.72,547.04,Low
RISK002823,input_services,11167.51,18,Eligible,True,False,0,True,False,2010.15,0.0,Low
RISK002824,rent,86000,18,Eligible,True,False,111,True,True,15480.0,6397.37,Medium
RISK002825,club_membership,70395.7,18,Blocked,False,False,0,False,False,12671.23,500.0,Low
RISK002826,input_services,62297.71,18,Eligible,True,False,97,True,False,11213.59,5386.41,Medium
RISK002827,utilities,72724.82,18,Eligible,False,False,7,True,False,13090.47,395.19,Low
RISK002828,utilities,61447.86,18,Eligible,True,False,44,True,False,11060.61,2440.0,Medium
RISK002829,exempt_non_gst,176070.87,exempt,Not Applicable,True,False,20,False,False,0.0,1500.0,Low
RISK002830,utilities,154065.31,18,Eligible,True,False,63,True,False,27731.76,4011.58,Medium
RISK002831,exempt_non_gst,196666.23,exempt,Not Applicable,True,False,51,True,False,0.0,2550.0,Medium
RISK002832,utilities,129190.45,18,Eligible,True,False,0,True,False,23254.28,0.0,Low
RISK002833,exempt_non_gst,111240.22,exempt,Not Applicable,True,False,0,True,False,0.0,0.0,Low
RISK002834,works_contract,3016.81,18,Blocked,True,True,9,True,False,543.03,10452.41,Medium
RISK002835,rent,165426.96,18,Eligible,True,False,25,True,False,29776.85,1617.11,Low
RISK002836,sales_revenue,195782.74,18,Not Applicable,True,False,0,True,False,35240.89,0.0,Low
RISK002837,rent,66539.3,18,Eligible,True,False,0,True,False,11977.07,0.0,Low
RISK002838,works_contract,157673.93,18,Blocked,False,False,0,True,False,28381.31,0.0,Low
RISK002839,food_catering,101278.72,5,Blocked,True,True,0,True,False,5063.94,10000.0,Medium
RISK002840,utilities,51000,18,Eligible,False,False,34,True,True,9180.0,1853.92,Low
RISK002841,club_membership,42448.07,18,Blocked,True,True,0,True,False,7640.65,10000.0,Medium
RISK002842,rent,90342.12,18,Eligible,False,False,0,True,False,16261.58,0.0,Low
RISK002843,sales_revenue,145342.38,18,Not Applicable,True,False,16,True,False,26161.63,1006.43,Low
RISK002844,club_membership,102742.22,18,Blocked,True,True,0,True,False,18493.6,10000.0,Medium
RISK002845,employee_travel,85404.2,5,Blocked,True,True,0,True,False,4270.21,10000.0,Medium
RISK002846,works_contract,119970.66,18,Blocked,True,True,62,True,False,21594.72,13760.27,Medium
RISK002847,food_catering,21000,5,Blocked,False,False,33,True,True,1050.0,1667.09,Low
RISK002848,capital_goods,172438.65,18,Eligible,False,False,0,False,False,31038.96,500.0,Low
RISK002849,input_services,53926.02,18,Eligible,False,False,84,True,False,9706.68,4602.1,Medium
RISK002850,club_membership,47475.43,18,Blocked,True,True,0,False,False,8545.58,10500.0,Medium
RISK002851,employee_insurance,110166.27,18,Blocked,True,True,21,False,False,19829.93,11755.36,Medium
RISK002852,input_services,103657.68,18,Eligible,True,False,0,True,False,18658.38,0.0,Low
RISK002853,input_services,29568.28,18,Eligible,True,False,0,True,False,5322.29,0.0,Low
RISK002854,purchase_goods,3747.35,18,Eligible,True,False,0,True,False,674.52,0.0,Low
RISK002855,purchase_goods,101830.68,18,Eligible,True,False,72,False,False,18329.52,4750.82,Medium
RISK002856,works_contract,77553.65,18,Blocked,True,True,0,True,False,13959.66,10000.0,Medium
RISK002857,sales_revenue,19041.62,18,Not Applicable,True,False,115,True,False,3427.49,5944.38,Medium
RISK002858,employee_insurance,49171.74,18,Blocked,False,False,97,True,False,8850.91,5273.39,Medium
RISK002859,motor_vehicle,156716.16,28,Blocked,False,False,18,True,False,43880.52,1289.51,Low
RISK002860,exempt_non_gst,196497.18,exempt,Not Applicable,True,False,13,True,False,0.0,650.0,Low
RISK002861,sales_revenue,198919.74,18,Not Applicable,True,False,118,True,False,35805.55,7983.59,Medium
RISK002862,exempt_non_gst,56000,exempt,Not Applicable,True,False,49,True,True,0.0,2450.0,Medium
RISK002863,purchase_goods,180636.41,18,Eligible,True,False,0,False,False,32514.55,500.0,Low
RISK002864,utilities,18859.49,18,Eligible,True,False,118,True,False,3394.71,6097.54,Medium
RISK002865,works_contract,19000,18,Blocked,False,False,29,False,True,3420.0,1998.91,Low
RISK002866,food_catering,108559.94,5,Blocked,True,True,119,False,False,5428.0,16768.54,High
RISK002867,employee_travel,94152.04,5,Blocked,True,True,0,True,False,4707.6,10000.0,Medium
RISK002868,motor_vehicle,84228.24,28,Blocked,True,True,49,True,False,23583.91,13019.89,Medium
RISK002869,employee_travel,81348.65,5,Blocked,True,True,0,True,False,4067.43,10000.0,Medium
RISK002870,motor_vehicle,111827.0,28,Blocked,True,True,16,True,False,31311.56,11047.06,Medium
RISK002871,employee_insurance,128347.32,18,Blocked,False,False,0,True,False,23102.52,0.0,Low
RISK002872,motor_vehicle,36531.71,28,Blocked,True,True,0,True,False,10228.88,10000.0,Medium
RISK002873,works_contract,119142.97,18,Blocked,True,True,17,True,False,21445.73,11029.79,Medium
RISK002874,bank_charges,91183.15,18,Eligible,False,False,0,True,False,16412.97,0.0,Low
RISK002875,motor_vehicle,3431.16,28,Blocked,False,False,1,True,False,960.72,50.47,Low
RISK002876,employee_travel,74024.48,5,Blocked,True,True,0,True,False,3701.22,10000.0,Medium
RISK002877,bank_charges,194317.33,18,Eligible,True,False,0,True,False,34977.12,0.0,Low
RISK002878,works_contract,28024.96,18,Blocked,True,True,101,True,False,5044.49,15301.26,High
RISK002879,sales_revenue,167039.74,18,Not Applicable,True,False,0,True,False,30067.15,0.0,Low
RISK002880,input_services,87430.62,18,Eligible,True,False,0,False,False,15737.51,500.0,Low
RISK002881,employee_travel,15352.4,5,Blocked,True,True,117,False,False,767.62,16394.29,High
RISK002882,bank_charges,53647.01,18,Eligible,True,False,45,True,False,9656.46,2464.29,Medium
RISK002883,exempt_non_gst,167084.16,exempt,Not Applicable,True,False,17,True,False,0.0,850.0,Low
RISK002884,input_services,168990.54,18,Eligible,True,False,91,True,False,30418.3,5915.07,Medium
RISK002885,purchase_goods,13142.18,18,Eligible,True,False,116,True,False,2365.59,5935.32,Medium
RISK002886,purchase_goods,92141.95,18,Eligible,True,False,0,True,False,16585.55,0.0,Low
RISK002887,input_services,100868.19,18,Eligible,False,False,114,True,False,18156.27,6720.73,Medium
RISK002888,purchase_goods,12152.95,18,Eligible,True,False,117,True,False,2187.53,5976.22,Medium
RISK002889,works_contract,53000,18,Blocked,True,True,0,False,True,9540.0,10500.0,Medium
RISK002890,club_membership,185000,18,Blocked,False,False,0,True,True,33300.0,0.0,Low
RISK002891,bank_charges,188622.74,18,Eligible,True,False,8,True,False,33952.09,533.95,Low
RISK002892,purchase_goods,122278.47,18,Eligible,False,False,14,False,False,22010.12,1351.96,Low
RISK002893,bank_charges,37592.99,18,Eligible,True,False,96,True,False,6766.74,5120.35,Medium
RISK002894,exempt_non_gst,158892.05,exempt,Not Applicable,True,False,26,True,False,0.0,1300.0,Low
RISK002895,sales_revenue,86322.5,18,Not Applicable,True,False,0,False,False,15538.05,500.0,Low
RISK002896,works_contract,166080.43,18,Blocked,True,True,74,True,False,29894.48,14790.94,Medium
RISK002897,bank_charges,139975.8,18,Eligible,True,False,103,True,False,25195.64,6429.8,Medium
RISK002898,employee_travel,111288.92,5,Blocked,True,True,45,True,False,5564.45,12373.49,Medium
RISK002899,food_catering,153315.23,5,Blocked,True,True,80,True,False,7665.76,14302.43,Medium
RISK002900,input_services,195492.14,18,Eligible,True,False,0,True,False,35188.59,0.0,Low
RISK002901,sales_revenue,145207.9,18,Not Applicable,True,False,0,True,False,26137.42,0.0,Low
RISK002902,club_membership,132965.57,18,Blocked,True,True,9,True,False,23933.8,10556.23,Medium
RISK002903,sales_revenue,158238.24,18,Not Applicable,True,False,0,True,False,28482.88,0.0,Low
RISK002904,bank_charges,174335.74,18,Eligible,True,False,0,True,False,31380.43,0.0,Low
RISK002905,club_membership,87366.63,18,Blocked,False,False,0,True,False,15725.99,0.0,Low
RISK002906,works_contract,199292.95,18,Blocked,False,False,65,True,False,35872.73,4399.89,Medium
RISK002907,input_services,63924.94,18,Eligible,True,False,103,False,False,11506.49,6234.47,Medium
RISK002908,utilities,81475.49,18,Eligible,True,False,0,True,False,14665.59,0.0,Low
RISK002909,food_catering,185438.89,5,Blocked,False,False,0,True,False,9271.94,0.0,Low
RISK002910,capital_goods,73162.3,18,Eligible,True,False,0,True,False,13169.21,0.0,Low
RISK002911,employee_travel,7285.85,5,Blocked,False,False,42,True,False,364.29,2107.55,Medium
RISK002912,works_contract,62239.92,18,Blocked,True,True,14,False,False,11203.19,11277.35,Medium
RISK002913,capital_goods,199357.89,18,Eligible,True,False,0,True,False,35884.42,0.0,Low
RISK002914,employee_insurance,4309.77,18,Blocked,True,True,0,False,False,775.76,10500.0,Medium
RISK002915,purchase_goods,137504.15,18,Eligible,True,False,52,True,False,24750.75,3234.7,Medium
RISK002916,rent,63367.85,18,Eligible,False,False,0,False,False,11406.21,500.0,Low
RISK002917,purchase_goods,178647.28,18,Eligible,True,False,0,False,False,32156.51,500.0,Low
RISK002918,employee_travel,71790.21,5,Blocked,False,False,0,True,False,3589.51,0.0,Low
RISK002919,works_contract,183835.09,18,Blocked,True,True,0,True,False,33090.32,10000.0,Medium
RISK002920,input_services,181347.87,18,Eligible,True,False,88,True,False,32642.62,5816.6,Medium
RISK002921,employee_insurance,178174.06,18,Blocked,True,True,0,True,False,32071.33,10000.0,Medium
RISK002922,capital_goods,153000,18,Eligible,False,False,60,True,True,27540.0,3814.88,Medium
RISK002923,bank_charges,141805.25,18,Eligible,True,False,0,True,False,25524.94,0.0,Low
RISK002924,sales_revenue,165932.1,18,Not Applicable,True,False,37,False,False,29867.78,2894.98,Medium
RISK002925,utilities,154685.84,18,Eligible,True,False,75,True,False,27843.45,4779.83,Medium
RISK002926,input_services,187568.69,18,Eligible,False,False,0,True,False,33762.36,0.0,Low
RISK002927,sales_revenue,57200.17,18,Not Applicable,True,False,0,True,False,10296.03,0.0,Low
RISK002928,rent,198101.89,18,Eligible,True,False,115,True,False,35658.34,7772.27,Medium
RISK002929,bank_charges,152113.06,18,Eligible,True,False,0,True,False,27380.35,0.0,Low
RISK002930,bank_charges,77890.51,18,Eligible,True,False,0,True,False,14020.29,0.0,Low
RISK002931,purchase_goods,129003.0,18,Eligible,True,False,0,False,False,23220.54,500.0,Low
RISK002932,purchase_goods,15200.7,18,Eligible,True,False,0,True,False,2736.13,0.0,Low
RISK002933,rent,199225.13,18,Eligible,True,False,17,True,False,35860.52,1150.64,Low
RISK002934,employee_insurance,39172.16,18,Blocked,False,False,0,True,False,7050.99,0.0,Low
RISK002935,exempt_non_gst,45393.15,exempt,Not Applicable,True,False,0,True,False,0.0,0.0,Low
RISK002936,input_services,67000,18,Eligible,True,False,0,True,True,12060.0,0.0,Low
RISK002937,food_catering,42897.06,5,Blocked,True,True,0,False,False,2144.85,10500.0,Medium
RISK002938,capital_goods,92146.01,18,Eligible,True,False,81,True,False,16586.28,4712.54,Medium
RISK002939,works_contract,155930.12,18,Blocked,True,True,0,True,False,28067.42,10000.0,Medium
RISK002940,purchase_goods,147577.14,18,Eligible,True,False,0,False,False,26563.89,500.0,Low
RISK002941,employee_insurance,9755.77,18,Blocked,True,True,70,True,False,1756.04,13560.62,Medium
RISK002942,utilities,48973.66,18,Eligible,True,False,12,True,False,8815.26,652.17,Low
RISK002943,sales_revenue,27648.18,18,Not Applicable,False,False,0,True,False,4976.67,0.0,Low
RISK002944,food_catering,67149.56,5,Blocked,False,False,102,False,False,3357.48,5768.89,Medium
RISK002945,exempt_non_gst,113335.93,exempt,Not Applicable,True,False,0,True,False,0.0,0.0,Low
RISK002946,utilities,33913.68,18,Eligible,True,False,31,True,False,6104.46,1643.32,Low
RISK002947,input_services,159569.23,18,Eligible,False,False,0,True,False,28722.46,0.0,Low
RISK002948,capital_goods,52000,18,Eligible,False,False,89,True,True,9360.0,4860.81,Medium
RISK002949,food_catering,23349.62,5,Blocked,False,False,29,True,False,1167.48,1466.7,Low
RISK002950,input_services,38214.5,18,Eligible,False,False,0,True,False,6878.61,0.0,Low
RISK002951,employee_insurance,34597.9,18,Blocked,True,True,101,True,False,6227.62,15360.19,High
RISK002952,food_catering,144696.49,5,Blocked,True,True,56,True,False,7234.82,12999.8,Medium
RISK002953,motor_vehicle,42681.48,28,Blocked,True,True,11,True,False,11950.81,10614.83,Medium
RISK002954,employee_travel,150050.12,5,Blocked,True,True,0,True,False,7502.51,10000.0,Medium
RISK002955,club_membership,103594.42,18,Blocked,False,False,99,True,False,18647.0,5860.38,Medium
RISK002956,club_membership,153234.78,18,Blocked,True,True,9,True,False,27582.26,10572.42,Medium
RISK002957,input_services,101949.8,18,Eligible,True,False,103,True,False,18350.96,6082.13,Medium
RISK002958,utilities,173313.41,18,Eligible,True,False,18,True,False,31196.41,1176.92,Low
RISK002959,input_services,743.22,18,Eligible,True,False,0,True,False,133.78,0.0,Low
RISK002960,exempt_non_gst,195886.78,exempt,Not Applicable,True,False,8,True,False,0.0,400.0,Low
RISK002961,food_catering,197486.9,5,Blocked,True,True,119,True,False,9874.34,16529.47,High
RISK002962,capital_goods,13674.78,18,Eligible,False,False,74,True,False,2461.46,3789.83,Medium
RISK002963,purchase_goods,134788.69,18,Eligible,False,False,17,True,False,24261.96,1053.4,Low
RISK002964,purchase_goods,55761.15,18,Eligible,False,False,0,True,False,10037.01,0.0,Low
RISK002965,food_catering,99856.39,5,Blocked,False,False,0,True,False,4992.82,0.0,Low
RISK002966,works_contract,39195.68,18,Blocked,False,False,65,True,False,7055.22,3476.15,Medium
RISK002967,purchase_goods,82000,18,Eligible,True,False,0,False,True,14760.0,500.0,Low
RISK002968,works_contract,158712.92,18,Blocked,True,True,59,True,False,28568.33,13781.22,Medium
RISK002969,employee_travel,20000,5,Blocked,True,True,0,True,True,1000.0,10000.0,Medium
RISK002970,input_services,198138.34,18,Eligible,True,False,105,True,False,35664.9,7096.76,Medium
RISK002971,food_catering,60058.33,5,Blocked,False,False,0,False,False,3002.92,500.0,Low
RISK002972,club_membership,44024.87,18,Blocked,False,False,0,True,False,7924.48,0.0,Low
RISK002973,club_membership,164325.0,18,Blocked,True,True,0,True,False,29578.5,10000.0,Medium
RISK002974,sales_revenue,174000,18,Not Applicable,False,False,0,True,True,31320.0,0.0,Low
RISK002975,motor_vehicle,111657.42,28,Blocked,True,True,108,False,False,31264.08,17565.13,High
RISK002976,sales_revenue,175464.08,18,Not Applicable,True,False,0,True,False,31583.53,0.0,Low
RISK002977,employee_travel,102672.93,5,Blocked,True,True,0,True,False,5133.65,10000.0,Medium
RISK002978,sales_revenue,156752.9,18,Not Applicable,True,False,0,False,False,28215.52,500.0,Low
RISK002979,rent,137129.13,18,Eligible,True,False,0,True,False,24683.24,0.0,Low
RISK002980,purchase_goods,60809.02,18,Eligible,True,False,0,True,False,10945.62,0.0,Low
RISK002981,motor_vehicle,27370.58,28,Blocked,False,False,0,True,False,7663.76,0.0,Low
RISK002982,rent,157273.18,18,Eligible,True,False,95,True,False,28309.17,6076.27,Medium
RISK002983,works_contract,64452.0,18,Blocked,True,True,0,True,False,11601.36,10000.0,Medium
RISK002984,purchase_goods,106993.29,18,Eligible,True,False,88,True,False,19258.79,5235.78,Medium
RISK002985,motor_vehicle,29930.02,28,Blocked,True,True,0,True,False,8380.41,10000.0,Medium
RISK002986,employee_travel,114393.28,5,Blocked,True,True,0,True,False,5719.66,10000.0,Medium
RISK002987,input_services,144173.0,18,Eligible,False,False,0,True,False,25951.14,0.0,Low
RISK002988,bank_charges,133508.73,18,Eligible,True,False,0,True,False,24031.57,0.0,Low
RISK002989,exempt_non_gst,7429.53,exempt,Not Applicable,True,False,0,True,False,0.0,0.0,Low
RISK002990,employee_insurance,106035.9,18,Blocked,True,True,0,True,False,19086.46,10000.0,Medium
RISK002991,food_catering,155783.22,5,Blocked,True,True,87,True,False,7789.16,14684.19,Medium
RISK002992,food_catering,80574.64,5,Blocked,False,False,35,True,False,4028.73,1819.54,Low
RISK002993,employee_insurance,67432.96,18,Blocked,True,True,56,True,False,12137.93,13135.21,Medium
RISK002994,exempt_non_gst,54535.48,exempt,Not Applicable,True,False,100,True,False,0.0,5000.0,Medium
RISK002995,capital_goods,86466.15,18,Eligible,False,False,0,True,False,15563.91,0.0,Low
RISK002996,purchase_goods,107329.54,18,Eligible,False,False,119,True,False,19319.32,7083.75,Medium
RISK002997,utilities,101855.09,18,Eligible,False,False,0,True,False,18333.92,0.0,Low
RISK002998,sales_revenue,188020.3,18,Not Applicable,True,False,0,True,False,33843.65,0.0,Low
RISK002999,exempt_non_gst,184566.27,exempt,Not Applicable,True,False,36,True,False,0.0,1800.0,Low
RISK003000,works_contract,117906.01,18,Blocked,True,True,0,True,False,21223.08,10000.0,Medium
