transaction_id,date,description_raw,description_clean,amount,gst_rate,cgst_amount,sgst_amount,igst_amount,vendor_name,vendor_gstin,document_type,category,category_key,itc_eligible,itc_blocked_reason,source
TXN000052,2026-01-05,"Sampath, Kakar and Zacharia - printed labels supply","Sampath, Kakar and Zacharia - printed labels supply",43500.93,18,3915.09,3915.09,0.0,"Sampath, Kakar and Zacharia",23YZHZR4398D4ZY,invoice,Purchase of Goods (Raw Material/Trading Stock),purchase_goods,Eligible,,synthetic
TXN001514,2025-09-17,"OFFICE FESTIVAL SWEETS ORDER ORDER - PALAN, RAMESH AND GHOSH","Office festival sweets order order - Palan, Ramesh and Ghosh",14225.71,5,355.64,355.64,0.0,"Palan, Ramesh and Ghosh",32ZGFXK3135M6ZI,receipt,Food & Beverages/Outdoor Catering,food_catering,Blocked,"Sec 17(5)(b)(i) explicitly blocks ITC on food and beverages and outdoor catering, unless used to make an outward taxable supply of the same category or as part of a composite/mixed supply.",synthetic
TXN001236,2026-09-16,Taneja and Sons - vehicle registration fee,Taneja and Sons - vehicle registration fee,6874.01,28,962.36,962.36,0.0,Taneja and Sons,,bank_statement_line,Motor Vehicle Expenses,motor_vehicle,Blocked,"Sec 17(5)(a) blocks ITC on motor vehicles for transport of persons (seating <=13) and related services, unless used for further supply, passenger transport, or driving training.",synthetic
TXN001487,2026-04-14,"Catering pymt - Chhabra, Bora and Thakur","Catering payment - Chhabra, Bora and Thakur",16002.91,5,400.07,400.07,0.0,"Chhabra, Bora and Thakur",36UYLKG9742V6Z7,invoice,Food & Beverages/Outdoor Catering,food_catering,Blocked,"Sec 17(5)(b)(i) explicitly blocks ITC on food and beverages and outdoor catering, unless used to make an outward taxable supply of the same category or as part of a composite/mixed supply.",synthetic
TXN002404,2026-04-14,Mane Ltd - Sales invc,Mane Ltd - Sales Invoice,343605.61,18,30924.51,30924.51,0.0,Mane Ltd,,bank_statement_line,Sales/Outward Supply,sales_revenue,Not Applicable,,synthetic
TXN000301,2026-08-06,"commercial printer installation invoice from Doshi, Tandon and Bansal","commercial printer installation invoice from Doshi, Tandon and Bansal",779635.55,18,70167.2,70167.2,0.0,"Doshi, Tandon and Bansal",07VPULU5260W8ZH,receipt,Capital Goods,capital_goods,Eligible,,synthetic
TXN002021,2024-09-14,EMPLOYEE  GROUP HEALTH INSURANCE PREMIUM PAYMENT - DARA-DEVAN,employee group health insurance premium payment - Dara-Devan,67371.39,18,6063.43,6063.43,0.0,Dara-Devan,32QUTKG4842F9ZM,receipt,Employee Insurance/Reimbursements,employee_insurance,Blocked,Sec 17(5)(b) blocks ITC on health/life insurance for employees unless it is obligatory for the employer under any law for the time being in force.,synthetic
TXN001863,2026-10-07,employee leave travel airfare - chadha group,employee leave travel airfare - Chadha Group,50288.2,5,0.0,0.0,2514.41,Chadha Group,,bank_statement_line,Employee Travel Benefits,employee_travel,Blocked,"Sec 17(5)(b)(iii) blocks ITC on travel benefits extended to employees (e.g. leave/home travel concession), unless obligatory under law.",synthetic
TXN001140,2024-10-23,Mukhopadhyay-Mand  - Bank Charges,Mukhopadhyay-Mand - Bank Charges,4484.81,18,403.63,403.63,0.0,Mukhopadhyay-Mand,36XNKRE6772L1Z7,receipt,Bank Charges/Financial Services,bank_charges,Eligible,,synthetic
TXN000635,2025-09-14,Doshi-Sachar - Shop Rent paymnt,Doshi-Sachar - Shop Rent Payment,39767.53,18,3579.08,3579.08,0.0,Doshi-Sachar,,bank_statement_line,Rent/Lease of Business Premises,rent,Eligible,,synthetic
TXN002539,2025-09-13,"Sale invoice to Hans, Patel and Sha","Sale invoice to Hans, Patel and Sha",278672.65,18,25080.54,25080.54,0.0,"Hans, Patel and Sha",,bank_statement_line,Sales/Outward Supply,sales_revenue,Not Applicable,,synthetic
TXN001196,2025-10-20,POS MACHINE RENTAL FEE - SHANKAR-DHAR,POS machine rental fee - Shankar-Dhar,132.58,18,11.93,11.93,0.0,Shankar-Dhar,,bank_statement_line,Bank Charges/Financial Services,bank_charges,Eligible,,synthetic
TXN000878,2024-05-03,"Bera,  Parmer and Andra - broadband internet bill payment","Bera, Parmer and Andra - broadband internet bill payment",9501.18,18,0.0,0.0,1710.21,"Bera, Parmer and Andra",29HUCUE3596Q8Z9,invoice,Utilities (Business Electricity/Internet),utilities,Eligible,,synthetic
TXN002728,2025-12-06,municipal tax payment payment,municipal tax payment payment,20331.08,exempt,0.0,0.0,0.0,Vora-Subramanian,24QWTXI4928U8ZH,receipt,Exempt/Non-GST Expense,exempt_non_gst,Not Applicable,,synthetic
TXN000701,2025-10-04,Lease rental to Bhatt-Bhasin for godown,Lease rental to Bhatt-Bhasin for godown,53194.03,18,4787.47,4787.47,0.0,Bhatt-Bhasin,32KMUHR0810S9ZL,receipt,Rent/Lease of Business Premises,rent,Eligible,,synthetic
TXN002524,2026-03-17,Payment received from Ramakrishnan-Date for bulk order,Payment received from Ramakrishnan-Date for bulk order,168380.05,18,15154.2,15154.2,0.0,Ramakrishnan-Date,32DJQHI0421H9Z1,receipt,Sales/Outward Supply,sales_revenue,Not Applicable,,synthetic
TXN000750,2026-01-04,Munshi-Sachdev - Shop Rent Payment,Munshi-Sachdev - Shop Rent Payment,45444.15,18,4089.97,4089.97,0.0,Munshi-Sachdev,23ZTDRX6490I3ZV,receipt,Rent/Lease of Business Premises,rent,Eligible,,synthetic
TXN000189,2024-07-18,Kapur-Biswas - printed labels supply,Kapur-Biswas - printed labels supply,87662.04,18,0.0,0.0,15779.17,Kapur-Biswas,24SFNUX6588R3ZS,invoice,Purchase of Goods (Raw Material/Trading Stock),purchase_goods,Eligible,,synthetic
TXN001811,2026-02-27,"home travel concession booking - Kaul, Mannan and Hari","home travel concession booking - Kaul, Mannan and Hari",45523.78,5,1138.1,1138.1,0.0,"Kaul, Mannan and Hari",29FKXSZ9429Z6ZU,receipt,Employee Travel Benefits,employee_travel,Blocked,"Sec 17(5)(b)(iii) blocks ITC on travel benefits extended to employees (e.g. leave/home travel concession), unless obligatory under law.",synthetic
TXN000166,2025-05-22,Nayak-Nagarajan - raw plastic pellets supply,Nayak-Nagarajan - raw plastic pellets supply,85064.84,18,7655.84,7655.84,0.0,Nayak-Nagarajan,33APAVH8435H3ZG,receipt,Purchase of Goods (Raw Material/Trading Stock),purchase_goods,Eligible,,synthetic
TXN001494,2024-07-24,Office festival sweets order order - Kannan-Karpe,Office festival sweets order order - Kannan-Karpe,3058.81,5,76.47,76.47,0.0,Kannan-Karpe,,bank_statement_line,Food & Beverages/Outdoor Catering,food_catering,Blocked,"Sec 17(5)(b)(i) explicitly blocks ITC on food and beverages and outdoor catering, unless used to make an outward taxable supply of the same category or as part of a composite/mixed supply.",synthetic
TXN000387,2025-08-18,nair-raj - capital asset purchase - 3-phase motor,Nair-Raj - Capital Asset Purchase - 3-phase motor,138889.35,18,0.0,0.0,25000.08,Nair-Raj,23ALGHV3318N7Z5,receipt,Capital Goods,capital_goods,Eligible,,synthetic
TXN002108,2026-11-08,employee group health insurance premium payment - dora-jayaraman,employee group health insurance premium payment - Dora-Jayaraman,88369.5,18,0.0,0.0,15906.51,Dora-Jayaraman,09UDCSS3517B8ZR,receipt,Employee Insurance/Reimbursements,employee_insurance,Blocked,Sec 17(5)(b) blocks ITC on health/life insurance for employees unless it is obligatory for the employer under any law for the time being in force.,synthetic
TXN002504,2025-02-01,Payment  received from Mangat-Tiwari for retail sale,Payment received from Mangat-Tiwari for retail sale,373197.53,18,0.0,0.0,67175.56,Mangat-Tiwari,09EDIPO4445X3ZT,invoice,Sales/Outward Supply,sales_revenue,Not Applicable,,synthetic
TXN000983,2024-03-25,broadband internet charges - Kothari-Saha,broadband internet charges - Kothari-Saha,2349.92,18,211.5,211.5,0.0,Kothari-Saha,19YSFDS4818H6ZM,invoice,Utilities (Business Electricity/Internet),utilities,Eligible,,synthetic
TXN000894,2024-08-12,water supply charges - Panchal Ltd,water supply charges - Panchal Ltd,10176.54,18,915.89,915.89,0.0,Panchal Ltd,36KBVTZ7223M2ZU,invoice,Utilities (Business Electricity/Internet),utilities,Eligible,,synthetic
TXN000175,2026-08-10,saini-yohannan - adhesive tape rolls supply,Saini-Yohannan - adhesive tape rolls supply,44125.81,18,3971.32,3971.32,0.0,Saini-Yohannan,19UMXGQ3331B5Z2,invoice,Purchase of Goods (Raw Material/Trading Stock),purchase_goods,Eligible,,synthetic
TXN001033,2026-10-08,RAJA LTD - POS MACHINE RENTAL,Raja Ltd - POS machine rental,4881.19,18,439.31,439.31,0.0,Raja Ltd,23HAQFD1966F6ZH,invoice,Bank Charges/Financial Services,bank_charges,Eligible,,synthetic
TXN002190,2024-03-26,employee group health insurance premium payment - sharma-bose,employee group health insurance premium payment - Sharma-Bose,62343.31,18,5610.9,5610.9,0.0,Sharma-Bose,09NKJZF5758F2ZS,invoice,Employee Insurance/Reimbursements,employee_insurance,Blocked,Sec 17(5)(b) blocks ITC on health/life insurance for employees unless it is obligatory for the employer under any law for the time being in force.,synthetic
TXN002719,2024-12-12,municipal  tax payment payment,municipal tax payment payment,1512.45,exempt,0.0,0.0,0.0,"Konda, Batra and Gulati",27NIGLA0001E3ZH,invoice,Exempt/Non-GST Expense,exempt_non_gst,Not Applicable,,synthetic
TXN002241,2025-04-13,Das  LLC - building repair works contract,Das LLC - building repair works contract,869337.95,18,0.0,0.0,156480.83,Das LLC,23GQRMU8968Y2ZC,invoice,Works Contract/Construction of Immovable Property,works_contract,Blocked,"Sec 17(5)(c)/(d) blocks ITC on works contract services and goods/services for construction of immovable property (other than plant & machinery), even when used for business.",synthetic
TXN002742,2024-09-11,employee PF contribution pymt,employee PF contribution payment,18345.08,exempt,0.0,0.0,0.0,Bakshi-Gola,,bank_statement_line,Exempt/Non-GST Expense,exempt_non_gst,Not Applicable,,synthetic
TXN000006,2024-05-10,"PURCHASE  OF STEEL SHEETS FROM BALA, ISSAC AND SAINI","Purchase of steel sheets from Bala, Issac and Saini",16892.54,18,1520.33,1520.33,0.0,"Bala, Issac and Saini",,bank_statement_line,Purchase of Goods (Raw Material/Trading Stock),purchase_goods,Eligible,,synthetic
TXN002322,2026-06-22,construction pmt - rege-kumar for flooring and fixtures work,Construction payment - Rege-Kumar for flooring and fixtures work,49692.09,18,4472.29,4472.29,0.0,Rege-Kumar,,bank_statement_line,Works Contract/Construction of Immovable Property,works_contract,Blocked,"Sec 17(5)(c)/(d) blocks ITC on works contract services and goods/services for construction of immovable property (other than plant & machinery), even when used for business.",synthetic
TXN000914,2024-04-05,"De, Sundaram and Oza - electricity bill payment","De, Sundaram and Oza - electricity bill payment",2504.49,18,0.0,0.0,450.81,"De, Sundaram and Oza",24NTGZZ3950A5Z8,receipt,Utilities (Business Electricity/Internet),utilities,Eligible,,synthetic
TXN000057,2024-11-12,purchase of raw plastic pellets from karpe plc,Purchase of raw plastic pellets from Karpe PLC,136453.45,18,12280.81,12280.81,0.0,Karpe PLC,29DYHMC8146X9Z0,receipt,Purchase of Goods (Raw Material/Trading Stock),purchase_goods,Eligible,,synthetic
TXN002737,2025-10-02,employee  PF contribution payment,employee PF contribution payment,23207.38,exempt,0.0,0.0,0.0,Karpe-Barman,09XHFTV7804W3Z8,receipt,Exempt/Non-GST Expense,exempt_non_gst,Not Applicable,,synthetic
TXN001070,2025-02-12,"POS MACHINE RENTAL FEE - PARIKH, KAPOOR AND GILL","POS machine rental fee - Parikh, Kapoor and Gill",1570.92,18,141.38,141.38,0.0,"Parikh, Kapoor and Gill",07JDLNT7174L5Z3,receipt,Bank Charges/Financial Services,bank_charges,Eligible,,synthetic
TXN001370,2025-10-11,"Vehicle fuel purchase - Ramesh, Yogi and Chada","Vehicle fuel purchase - Ramesh, Yogi and Chada",7211.16,28,1009.56,1009.56,0.0,"Ramesh, Yogi and Chada",23MLZVJ0893X9ZB,receipt,Motor Vehicle Expenses,motor_vehicle,Blocked,"Sec 17(5)(a) blocks ITC on motor vehicles for transport of persons (seating <=13) and related services, unless used for further supply, passenger transport, or driving training.",synthetic
TXN000974,2024-01-17,"telephone/mobile plan chrgs - Bose, Taneja and Shah","telephone/mobile plan charges - Bose, Taneja and Shah",2316.94,18,0.0,0.0,417.05,"Bose, Taneja and Shah",07OHPZJ2043F6ZU,invoice,Utilities (Business Electricity/Internet),utilities,Eligible,,synthetic
TXN000615,2025-01-26,"Seshadri, Mammen and Dani - Shop Rent pmt","Seshadri, Mammen and Dani - Shop Rent Payment",50596.49,18,4553.69,4553.69,0.0,"Seshadri, Mammen and Dani",33SEPZT7230X4ZT,invoice,Rent/Lease of Business Premises,rent,Eligible,,synthetic
TXN002615,2026-03-22,government license fee pmt,government license fee payment,48311.42,exempt,0.0,0.0,0.0,Das-Dey,07QGOPO4219F7ZG,receipt,Exempt/Non-GST Expense,exempt_non_gst,Not Applicable,,synthetic
TXN001434,2025-08-10,Office festival sweets order order - Roy PLC,Office festival sweets order order - Roy PLC,2890.92,5,72.28,72.28,0.0,Roy PLC,23NSNXO8447Y6ZR,receipt,Food & Beverages/Outdoor Catering,food_catering,Blocked,"Sec 17(5)(b)(i) explicitly blocks ITC on food and beverages and outdoor catering, unless used to make an outward taxable supply of the same category or as part of a composite/mixed supply.",synthetic
TXN001112,2024-01-25,Kara-Luthra - Bank chrgs,Kara-Luthra - Bank Charges,4651.37,18,418.62,418.62,0.0,Kara-Luthra,24CPQSI1581A4ZQ,invoice,Bank Charges/Financial Services,bank_charges,Eligible,,synthetic
TXN000212,2026-07-08,Sura and Sons - Capital Asset Purchase - commercial printer,Sura and Sons - Capital Asset Purchase - commercial printer,61965.71,18,0.0,0.0,11153.83,Sura and Sons,32WWLFQ7357G4ZS,invoice,Capital Goods,capital_goods,Eligible,,synthetic
TXN000951,2026-04-09,Pau-Gera - water supply bill payment,Pau-Gera - water supply bill payment,4765.92,18,428.94,428.94,0.0,Pau-Gera,,bank_statement_line,Utilities (Business Electricity/Internet),utilities,Eligible,,synthetic
TXN001199,2026-07-07,POS  MACHINE RENTAL FEE - BHARDWAJ-AGRAWAL,POS machine rental fee - Bhardwaj-Agrawal,2395.6,18,215.6,215.6,0.0,Bhardwaj-Agrawal,,bank_statement_line,Bank Charges/Financial Services,bank_charges,Eligible,,synthetic
TXN002487,2026-05-05,Payment received from Thakur Inc for bulk order,Payment received from Thakur Inc for bulk order,258872.95,18,23298.56,23298.56,0.0,Thakur Inc,,bank_statement_line,Sales/Outward Supply,sales_revenue,Not Applicable,,synthetic
TXN001690,2024-02-13,club membership renewal - Chada-Rastogi,club membership renewal - Chada-Rastogi,12320.37,18,1108.84,1108.84,0.0,Chada-Rastogi,23BHTRD1781X8ZA,receipt,Club/Health/Fitness Memberships,club_membership,Blocked,"Sec 17(5)(b)(ii) blocks ITC on membership of a club, health, or fitness centre.",synthetic
TXN001723,2024-03-27,"wellness center package - Mody, Nath and Suri","wellness center package - Mody, Nath and Suri",35691.65,18,3212.25,3212.25,0.0,"Mody, Nath and Suri",,bank_statement_line,Club/Health/Fitness Memberships,club_membership,Blocked,"Sec 17(5)(b)(ii) blocks ITC on membership of a club, health, or fitness centre.",synthetic
TXN002450,2025-02-18,"Sur, Mitter and Patel - Sales inv","Sur, Mitter and Patel - Sales Invoice",97604.67,18,0.0,0.0,17568.84,"Sur, Mitter and Patel",19POAMA0373I8ZW,invoice,Sales/Outward Supply,sales_revenue,Not Applicable,,synthetic
TXN000087,2026-07-10,pymt to Koshy PLC for plastic granules,Payment to Koshy PLC for plastic granules,54454.03,18,4900.86,4900.86,0.0,Koshy PLC,36DWBKS4445E6ZE,receipt,Purchase of Goods (Raw Material/Trading Stock),purchase_goods,Eligible,,synthetic
TXN001390,2026-06-10,Sur-Chopra - car repair,Sur-Chopra - car repair,21654.36,28,3031.61,3031.61,0.0,Sur-Chopra,27TMVEC5387O4Z3,invoice,Motor Vehicle Expenses,motor_vehicle,Blocked,"Sec 17(5)(a) blocks ITC on motor vehicles for transport of persons (seating <=13) and related services, unless used for further supply, passenger transport, or driving training.",synthetic
TXN002139,2026-03-14,staff life insurance premium premium payment - Kannan-Sehgal,staff life insurance premium premium payment - Kannan-Sehgal,80775.88,18,7269.83,7269.83,0.0,Kannan-Sehgal,,bank_statement_line,Employee Insurance/Reimbursements,employee_insurance,Blocked,Sec 17(5)(b) blocks ITC on health/life insurance for employees unless it is obligatory for the employer under any law for the time being in force.,synthetic
TXN000408,2024-06-20,payroll processing charges - More-Nori,payroll processing charges - More-Nori,33634.14,18,3027.07,3027.07,0.0,More-Nori,09QXAOP1761S7Z2,invoice,Input Services (Professional/Consulting/IT),input_services,Eligible,,synthetic
TXN000600,2026-02-22,"Professional fees to Sahota, Kothari and Dutta for chartered accountant","Professional fees to Sahota, Kothari and Dutta for chartered accountant",17780.96,18,0.0,0.0,3200.57,"Sahota, Kothari and Dutta",,bank_statement_line,Input Services (Professional/Consulting/IT),input_services,Eligible,,synthetic
TXN000445,2025-04-21,"Professional fees to Divan, Keer and Chauhan for chartered accountant","Professional fees to Divan, Keer and Chauhan for chartered accountant",38794.93,18,3491.55,3491.55,0.0,"Divan, Keer and Chauhan",,bank_statement_line,Input Services (Professional/Consulting/IT),input_services,Eligible,,synthetic
TXN000311,2026-08-29,"purchse of industrial sewing machine - Mani, Karan and Chana","Purchase of industrial sewing machine - Mani, Karan and Chana",739518.21,18,66556.64,66556.64,0.0,"Mani, Karan and Chana",,bank_statement_line,Capital Goods,capital_goods,Eligible,,synthetic
TXN000296,2026-12-26,natarajan-purohit - capital asset purchase - commercial printer,Natarajan-Purohit - Capital Asset Purchase - commercial printer,555900.82,18,50031.07,50031.07,0.0,Natarajan-Purohit,24MBNRI5383G5ZR,invoice,Capital Goods,capital_goods,Eligible,,synthetic
TXN001683,2025-07-31,"gym membership - Doctor, Narain and Thakkar","gym membership - Doctor, Narain and Thakkar",43949.93,18,0.0,0.0,7910.99,"Doctor, Narain and Thakkar",,bank_statement_line,Club/Health/Fitness Memberships,club_membership,Blocked,"Sec 17(5)(b)(ii) blocks ITC on membership of a club, health, or fitness centre.",synthetic
TXN000661,2026-11-17,KATA PLC - SHOP RENT PAYMENT,Kata PLC - Shop Rent Payment,42359.64,18,3812.37,3812.37,0.0,Kata PLC,36WIOHI0005D9ZK,invoice,Rent/Lease of Business Premises,rent,Eligible,,synthetic
TXN000564,2025-02-04,payroll processing chrgs - Dugar-Ghosh,payroll processing charges - Dugar-Ghosh,55420.17,18,4987.81,4987.81,0.0,Dugar-Ghosh,29ATLJQ0114E9ZM,receipt,Input Services (Professional/Consulting/IT),input_services,Eligible,,synthetic
TXN002678,2026-02-16,"Upadhyay, Kunda and Pant - professional tax pymt","Upadhyay, Kunda and Pant - professional tax payment",32976.53,exempt,0.0,0.0,0.0,"Upadhyay, Kunda and Pant",,bank_statement_line,Exempt/Non-GST Expense,exempt_non_gst,Not Applicable,,synthetic
TXN001208,2026-03-28,Vehicle  vehicle insurance premium - Agrawal Ltd,Vehicle vehicle insurance premium - Agrawal Ltd,25930.21,28,0.0,0.0,7260.46,Agrawal Ltd,,bank_statement_line,Motor Vehicle Expenses,motor_vehicle,Blocked,"Sec 17(5)(a) blocks ITC on motor vehicles for transport of persons (seating <=13) and related services, unless used for further supply, passenger transport, or driving training.",synthetic
TXN000786,2024-02-19,Johal PLC - Shop Rent pmt,Johal PLC - Shop Rent Payment,93925.9,18,0.0,0.0,16906.66,Johal PLC,29JFXEZ1720G9ZX,receipt,Rent/Lease of Business Premises,rent,Eligible,,synthetic
TXN002526,2024-01-24,Sale invc to Vaidya PLC,Sale invoice to Vaidya PLC,331947.63,18,29875.28,29875.28,0.0,Vaidya PLC,,bank_statement_line,Sales/Outward Supply,sales_revenue,Not Applicable,,synthetic
TXN002265,2025-11-30,Palla-Bala - warehouse construction contract,Palla-Bala - warehouse construction contract,897489.52,18,80774.05,80774.05,0.0,Palla-Bala,09CNIWP9093C5ZP,invoice,Works Contract/Construction of Immovable Property,works_contract,Blocked,"Sec 17(5)(c)/(d) blocks ITC on works contract services and goods/services for construction of immovable property (other than plant & machinery), even when used for business.",synthetic
TXN001554,2026-09-26,catering pmt - ganesan group,Catering payment - Ganesan Group,2472.22,5,61.8,61.8,0.0,Ganesan Group,,bank_statement_line,Food & Beverages/Outdoor Catering,food_catering,Blocked,"Sec 17(5)(b)(i) explicitly blocks ITC on food and beverages and outdoor catering, unless used to make an outward taxable supply of the same category or as part of a composite/mixed supply.",synthetic
TXN001611,2026-03-01,"Kamdar, Chowdhury and Keer - Membership Fee","Kamdar, Chowdhury and Keer - Membership Fee",6475.7,18,582.82,582.82,0.0,"Kamdar, Chowdhury and Keer",27VILKX1196U1ZX,receipt,Club/Health/Fitness Memberships,club_membership,Blocked,"Sec 17(5)(b)(ii) blocks ITC on membership of a club, health, or fitness centre.",synthetic
TXN002352,2026-11-29,Purohit-Kapur - building repair works contract,Purohit-Kapur - building repair works contract,51250.48,18,0.0,0.0,9225.09,Purohit-Kapur,,bank_statement_line,Works Contract/Construction of Immovable Property,works_contract,Blocked,"Sec 17(5)(c)/(d) blocks ITC on works contract services and goods/services for construction of immovable property (other than plant & machinery), even when used for business.",synthetic
TXN001482,2024-10-23,"Aurora, Biswas and Chana - client meeting refreshments","Aurora, Biswas and Chana - client meeting refreshments",6867.98,5,171.7,171.7,0.0,"Aurora, Biswas and Chana",24HZQIK3646K3ZP,invoice,Food & Beverages/Outdoor Catering,food_catering,Blocked,"Sec 17(5)(b)(i) explicitly blocks ITC on food and beverages and outdoor catering, unless used to make an outward taxable supply of the same category or as part of a composite/mixed supply.",synthetic
TXN000150,2026-03-13,purch of packaging material from Bakshi Inc,Purchase of packaging material from Bakshi Inc,47518.3,18,4276.65,4276.65,0.0,Bakshi Inc,29GPSHY0882T9ZM,receipt,Purchase of Goods (Raw Material/Trading Stock),purchase_goods,Eligible,,synthetic
TXN000007,2025-06-30,Sen PLC - yarn supply,Sen PLC - yarn supply,83207.27,18,0.0,0.0,14977.31,Sen PLC,,bank_statement_line,Purchase of Goods (Raw Material/Trading Stock),purchase_goods,Eligible,,synthetic
TXN001511,2024-05-18,Kapadia-Dave - festival sweets order,Kapadia-Dave - festival sweets order,18458.94,5,0.0,0.0,922.95,Kapadia-Dave,,bank_statement_line,Food & Beverages/Outdoor Catering,food_catering,Blocked,"Sec 17(5)(b)(i) explicitly blocks ITC on food and beverages and outdoor catering, unless used to make an outward taxable supply of the same category or as part of a composite/mixed supply.",synthetic
TXN001205,2024-01-06,payment to barad plc for car servicing,Payment to Barad PLC for car servicing,37228.39,28,0.0,0.0,10423.95,Barad PLC,24XLHUK3613U8Z4,invoice,Motor Vehicle Expenses,motor_vehicle,Blocked,"Sec 17(5)(a) blocks ITC on motor vehicles for transport of persons (seating <=13) and related services, unless used for further supply, passenger transport, or driving training.",synthetic
TXN001210,2025-07-31,Dayal-Chauhan - vehicle insurance premium,Dayal-Chauhan - vehicle insurance premium,1522.92,28,0.0,0.0,426.42,Dayal-Chauhan,09MNZOZ0197T2Z8,invoice,Motor Vehicle Expenses,motor_vehicle,Blocked,"Sec 17(5)(a) blocks ITC on motor vehicles for transport of persons (seating <=13) and related services, unless used for further supply, passenger transport, or driving training.",synthetic
TXN001042,2024-03-28,cheque bounce fee fee - bahl group,cheque bounce fee fee - Bahl Group,1562.69,18,140.64,140.64,0.0,Bahl Group,,bank_statement_line,Bank Charges/Financial Services,bank_charges,Eligible,,synthetic
TXN001364,2026-07-28,Balasubramanian-Som - vehicle insurance premium,Balasubramanian-Som - vehicle insurance premium,3805.6,28,0.0,0.0,1065.57,Balasubramanian-Som,,bank_statement_line,Motor Vehicle Expenses,motor_vehicle,Blocked,"Sec 17(5)(a) blocks ITC on motor vehicles for transport of persons (seating <=13) and related services, unless used for further supply, passenger transport, or driving training.",synthetic
TXN000609,2024-02-21,Yadav-Anand - Shop Rent Payment,Yadav-Anand - Shop Rent Payment,15194.37,18,1367.49,1367.49,0.0,Yadav-Anand,33YVSVO4765N6ZL,invoice,Rent/Lease of Business Premises,rent,Eligible,,synthetic
TXN000482,2025-05-15,"SOFTWARE SUBSCRIPTION CHARGES - DEEP, PURI AND DUBE","software subscription charges - Deep, Puri and Dube",40944.95,18,0.0,0.0,7370.09,"Deep, Puri and Dube",23MRRND0180N9ZW,invoice,Input Services (Professional/Consulting/IT),input_services,Eligible,,synthetic
TXN002226,2024-05-18,"Construction payment - Muni, Sawhney and Kara for shop renovation works","Construction payment - Muni, Sawhney and Kara for shop renovation works",523987.66,18,47158.89,47158.89,0.0,"Muni, Sawhney and Kara",29FZLYO1656Z4Z2,invoice,Works Contract/Construction of Immovable Property,works_contract,Blocked,"Sec 17(5)(c)/(d) blocks ITC on works contract services and goods/services for construction of immovable property (other than plant & machinery), even when used for business.",synthetic
TXN002622,2024-04-07,"AGATE, SONI AND AGRAWAL - EMPLOYEE PF CONTRIBUTION","Agate, Soni and Agrawal - employee PF contribution",13761.01,exempt,0.0,0.0,0.0,"Agate, Soni and Agrawal",,bank_statement_line,Exempt/Non-GST Expense,exempt_non_gst,Not Applicable,,synthetic
TXN000606,2026-05-22,Monthly  rent - Kale PLC,Monthly rent - Kale PLC,72534.75,18,6528.12,6528.12,0.0,Kale PLC,36LCQPB6830G5ZS,invoice,Rent/Lease of Business Premises,rent,Eligible,,synthetic
TXN000410,2026-02-17,Rattan  Inc - payroll processing services invoice,Rattan Inc - payroll processing services invoice,56076.9,18,5046.92,5046.92,0.0,Rattan Inc,,bank_statement_line,Input Services (Professional/Consulting/IT),input_services,Eligible,,synthetic
TXN000297,2026-11-18,NAGY-GULATI - CAPITAL ASSET PURCHASE - 3-PHASE MOTOR,Nagy-Gulati - Capital Asset Purchase - 3-phase motor,233436.77,18,21009.31,21009.31,0.0,Nagy-Gulati,,bank_statement_line,Capital Goods,capital_goods,Eligible,,synthetic
TXN001155,2025-06-18,dasgupta-balasubramanian - bank chrgs,Dasgupta-Balasubramanian - Bank Charges,4307.3,18,387.65,387.65,0.0,Dasgupta-Balasubramanian,29HSDPC2854S8ZI,receipt,Bank Charges/Financial Services,bank_charges,Eligible,,synthetic
TXN001600,2026-11-05,Singhal and Sons - office tea/coffee supplies,Singhal and Sons - office tea/coffee supplies,971.72,5,0.0,0.0,48.59,Singhal and Sons,33EUFSP3052N2ZI,receipt,Food & Beverages/Outdoor Catering,food_catering,Blocked,"Sec 17(5)(b)(i) explicitly blocks ITC on food and beverages and outdoor catering, unless used to make an outward taxable supply of the same category or as part of a composite/mixed supply.",synthetic
TXN002206,2024-03-03,char inc - warehouse construction contract,Char Inc - warehouse construction contract,134465.25,18,12101.87,12101.87,0.0,Char Inc,29RNVCE9943N5ZA,invoice,Works Contract/Construction of Immovable Property,works_contract,Blocked,"Sec 17(5)(c)/(d) blocks ITC on works contract services and goods/services for construction of immovable property (other than plant & machinery), even when used for business.",synthetic
TXN001712,2025-09-25,club  membership renewal - Garde-Bhasin,club membership renewal - Garde-Bhasin,34041.52,18,3063.74,3063.74,0.0,Garde-Bhasin,32DPHNK9049X3Z0,invoice,Club/Health/Fitness Memberships,club_membership,Blocked,"Sec 17(5)(b)(ii) blocks ITC on membership of a club, health, or fitness centre.",synthetic
TXN002343,2025-08-19,"Gour, Sawhney and Deshpande - shop renovation works","Gour, Sawhney and Deshpande - shop renovation works",681374.81,18,61323.74,61323.74,0.0,"Gour, Sawhney and Deshpande",,bank_statement_line,Works Contract/Construction of Immovable Property,works_contract,Blocked,"Sec 17(5)(c)/(d) blocks ITC on works contract services and goods/services for construction of immovable property (other than plant & machinery), even when used for business.",synthetic
TXN000258,2025-10-26,Mohanty PLC - Capital Asset Purchase - commercial printer,Mohanty PLC - Capital Asset Purchase - commercial printer,189874.83,18,17088.74,17088.74,0.0,Mohanty PLC,,bank_statement_line,Capital Goods,capital_goods,Eligible,,synthetic
TXN000811,2025-08-23,"electricity charges - verma, gara and rai","electricity charges - Verma, Gara and Rai",9122.4,18,821.01,821.01,0.0,"Verma, Gara and Rai",32DMZSI6083J9Z1,invoice,Utilities (Business Electricity/Internet),utilities,Eligible,,synthetic
TXN002181,2025-05-23,"NAIDU, MUTTI AND MITRA - STAFF LIFE INSURANCE PREMIUM","Naidu, Mutti and Mitra - staff life insurance premium",66687.79,18,6001.9,6001.9,0.0,"Naidu, Mutti and Mitra",,bank_statement_line,Employee Insurance/Reimbursements,employee_insurance,Blocked,Sec 17(5)(b) blocks ITC on health/life insurance for employees unless it is obligatory for the employer under any law for the time being in force.,synthetic
TXN000415,2025-01-27,"Professional fees to Nair, Chad and Ben for IT support","Professional fees to Nair, Chad and Ben for IT support",2167.12,18,195.04,195.04,0.0,"Nair, Chad and Ben",,bank_statement_line,Input Services (Professional/Consulting/IT),input_services,Eligible,,synthetic
TXN000126,2024-12-13,Boase-Mallick - packaging material supply,Boase-Mallick - packaging material supply,36790.01,18,3311.1,3311.1,0.0,Boase-Mallick,,bank_statement_line,Purchase of Goods (Raw Material/Trading Stock),purchase_goods,Eligible,,synthetic
TXN001298,2026-12-02,sahota-kothari - vehicle registration fee,Sahota-Kothari - vehicle registration fee,5394.66,28,0.0,0.0,1510.5,Sahota-Kothari,23DWUCR9893O1ZK,invoice,Motor Vehicle Expenses,motor_vehicle,Blocked,"Sec 17(5)(a) blocks ITC on motor vehicles for transport of persons (seating <=13) and related services, unless used for further supply, passenger transport, or driving training.",synthetic
TXN002255,2024-08-29,MITTER LTD - SHOP RENOVATION WORKS,Mitter Ltd - shop renovation works,581446.15,18,52330.15,52330.15,0.0,Mitter Ltd,,bank_statement_line,Works Contract/Construction of Immovable Property,works_contract,Blocked,"Sec 17(5)(c)/(d) blocks ITC on works contract services and goods/services for construction of immovable property (other than plant & machinery), even when used for business.",synthetic
TXN002587,2024-06-05,sale invoice to kumer inc,Sale invoice to Kumer Inc,128618.47,18,11575.66,11575.66,0.0,Kumer Inc,29CXIZE7043Y3Z0,receipt,Sales/Outward Supply,sales_revenue,Not Applicable,,synthetic
TXN002757,2026-10-04,"KADAKIA,  SOM AND KAUR - GOVERNMENT LICENSE FEE","Kadakia, Som and Kaur - government license fee",37243.11,exempt,0.0,0.0,0.0,"Kadakia, Som and Kaur",19ODISU4987L6ZP,receipt,Exempt/Non-GST Expense,exempt_non_gst,Not Applicable,,synthetic
TXN001801,2026-05-10,"EMPLOYEE STAFF OUTING TRAVEL BOOKING BOOKING - BHATTACHARYYA, MASTER AND SINHA","Employee staff outing travel booking booking - Bhattacharyya, Master and Sinha",38944.65,5,973.62,973.62,0.0,"Bhattacharyya, Master and Sinha",23OTCSL2330T4ZE,receipt,Employee Travel Benefits,employee_travel,Blocked,"Sec 17(5)(b)(iii) blocks ITC on travel benefits extended to employees (e.g. leave/home travel concession), unless obligatory under law.",synthetic
TXN000338,2025-12-05,Purchase of industrial sewing machine - Sagar-Gill,Purchase of industrial sewing machine - Sagar-Gill,180021.18,18,0.0,0.0,32403.81,Sagar-Gill,,bank_statement_line,Capital Goods,capital_goods,Eligible,,synthetic
TXN001435,2025-06-03,Catering payment - Gopal PLC,Catering payment - Gopal PLC,7212.0,5,180.3,180.3,0.0,Gopal PLC,,bank_statement_line,Food & Beverages/Outdoor Catering,food_catering,Blocked,"Sec 17(5)(b)(i) explicitly blocks ITC on food and beverages and outdoor catering, unless used to make an outward taxable supply of the same category or as part of a composite/mixed supply.",synthetic
TXN002130,2025-06-25,walla llc - employee group health insurance,Walla LLC - employee group health insurance,60258.03,18,5423.23,5423.23,0.0,Walla LLC,27MMQRE5949S1Z4,receipt,Employee Insurance/Reimbursements,employee_insurance,Blocked,Sec 17(5)(b) blocks ITC on health/life insurance for employees unless it is obligatory for the employer under any law for the time being in force.,synthetic
TXN001087,2024-06-05,"account maintenance charge fee - Kar, Gaba and Seth","account maintenance charge fee - Kar, Gaba and Seth",1311.69,18,118.05,118.05,0.0,"Kar, Gaba and Seth",,bank_statement_line,Bank Charges/Financial Services,bank_charges,Eligible,,synthetic
TXN000128,2026-09-08,"Yadav, Narula and Bala - yarn supply","Yadav, Narula and Bala - yarn supply",20850.61,18,1876.56,1876.56,0.0,"Yadav, Narula and Bala",,bank_statement_line,Purchase of Goods (Raw Material/Trading Stock),purchase_goods,Eligible,,synthetic
TXN000050,2026-06-27,paymnt to Dave Ltd for packaging material,Payment to Dave Ltd for packaging material,65378.74,18,5884.09,5884.09,0.0,Dave Ltd,,bank_statement_line,Purchase of Goods (Raw Material/Trading Stock),purchase_goods,Eligible,,synthetic
TXN001765,2024-01-06,GYM  MEMBERSHIP - SHENOY-GANESAN,gym membership - Shenoy-Ganesan,12749.3,18,1147.43,1147.43,0.0,Shenoy-Ganesan,36ZIEFZ4109T1ZF,receipt,Club/Health/Fitness Memberships,club_membership,Blocked,"Sec 17(5)(b)(ii) blocks ITC on membership of a club, health, or fitness centre.",synthetic
TXN002189,2024-02-06,"Vora, Wali and Comar - employee group health insurance","Vora, Wali and Comar - employee group health insurance",78836.58,18,0.0,0.0,14190.58,"Vora, Wali and Comar",09ZCUGB4050K8Z5,invoice,Employee Insurance/Reimbursements,employee_insurance,Blocked,Sec 17(5)(b) blocks ITC on health/life insurance for employees unless it is obligatory for the employer under any law for the time being in force.,synthetic
TXN001574,2026-03-08,office client meeting refreshments order - padmanabhan llc,Office client meeting refreshments order - Padmanabhan LLC,13039.25,5,325.98,325.98,0.0,Padmanabhan LLC,,bank_statement_line,Food & Beverages/Outdoor Catering,food_catering,Blocked,"Sec 17(5)(b)(i) explicitly blocks ITC on food and beverages and outdoor catering, unless used to make an outward taxable supply of the same category or as part of a composite/mixed supply.",synthetic
TXN001553,2024-12-05,"Keer, Krishnamurthy and Buch - staff lunch catering","Keer, Krishnamurthy and Buch - staff lunch catering",17953.46,5,448.83,448.83,0.0,"Keer, Krishnamurthy and Buch",09TLWYE0350I2Z7,receipt,Food & Beverages/Outdoor Catering,food_catering,Blocked,"Sec 17(5)(b)(i) explicitly blocks ITC on food and beverages and outdoor catering, unless used to make an outward taxable supply of the same category or as part of a composite/mixed supply.",synthetic
TXN000602,2026-10-07,Monthly rent - Tara PLC,Monthly rent - Tara PLC,38584.06,18,0.0,0.0,6945.13,Tara PLC,29OFYPC4858Y4ZD,invoice,Rent/Lease of Business Premises,rent,Eligible,,synthetic
TXN001933,2026-03-29,"Employee staff outing travel booking booking - Solanki, Gara and Behl","Employee staff outing travel booking booking - Solanki, Gara and Behl",33252.39,5,0.0,0.0,1662.62,"Solanki, Gara and Behl",,bank_statement_line,Employee Travel Benefits,employee_travel,Blocked,"Sec 17(5)(b)(iii) blocks ITC on travel benefits extended to employees (e.g. leave/home travel concession), unless obligatory under law.",synthetic
TXN000118,2025-06-11,Gola Ltd - steel sheets supply,Gola Ltd - steel sheets supply,37236.64,18,3351.3,3351.3,0.0,Gola Ltd,,bank_statement_line,Purchase of Goods (Raw Material/Trading Stock),purchase_goods,Eligible,,synthetic
TXN002200,2024-01-12,employee group health insurance premium pymt - Brahmbhatt Inc,employee group health insurance premium payment - Brahmbhatt Inc,56745.72,18,5107.11,5107.11,0.0,Brahmbhatt Inc,,bank_statement_line,Employee Insurance/Reimbursements,employee_insurance,Blocked,Sec 17(5)(b) blocks ITC on health/life insurance for employees unless it is obligatory for the employer under any law for the time being in force.,synthetic
TXN000654,2025-07-05,Monthly rent - Wali and Sons,Monthly rent - Wali and Sons,56796.76,18,5111.71,5111.71,0.0,Wali and Sons,32FRIEK1163Q8Z0,receipt,Rent/Lease of Business Premises,rent,Eligible,,synthetic
TXN002098,2024-05-30,"Sampath, Malhotra and Bhagat - employee medical reimbursement","Sampath, Malhotra and Bhagat - employee medical reimbursement",35489.18,18,0.0,0.0,6388.05,"Sampath, Malhotra and Bhagat",,bank_statement_line,Employee Insurance/Reimbursements,employee_insurance,Blocked,Sec 17(5)(b) blocks ITC on health/life insurance for employees unless it is obligatory for the employer under any law for the time being in force.,synthetic
TXN002559,2024-04-05,payment received from dhar plc for retail sale,Payment received from Dhar PLC for retail sale,258265.29,18,23243.88,23243.88,0.0,Dhar PLC,,bank_statement_line,Sales/Outward Supply,sales_revenue,Not Applicable,,synthetic
TXN002184,2024-08-07,staff life insurance premium premium payment - Vasa LLC,staff life insurance premium premium payment - Vasa LLC,41492.75,18,0.0,0.0,7468.69,Vasa LLC,,bank_statement_line,Employee Insurance/Reimbursements,employee_insurance,Blocked,Sec 17(5)(b) blocks ITC on health/life insurance for employees unless it is obligatory for the employer under any law for the time being in force.,synthetic
TXN002477,2026-02-04,"Sidhu, Deep and Memon - Sales Invoice","Sidhu, Deep and Memon - Sales Invoice",178390.91,18,0.0,0.0,32110.36,"Sidhu, Deep and Memon",32XHFTR3319E6ZW,invoice,Sales/Outward Supply,sales_revenue,Not Applicable,,synthetic
TXN000135,2024-12-02,"Yohannan, Hegde and Patla - adhesive tape rolls supply","Yohannan, Hegde and Patla - adhesive tape rolls supply",17705.25,18,0.0,0.0,3186.94,"Yohannan, Hegde and Patla",,bank_statement_line,Purchase of Goods (Raw Material/Trading Stock),purchase_goods,Eligible,,synthetic
TXN000328,2025-04-15,Khalsa Group - Capital Asset purchse - CNC lathe,Khalsa Group - Capital Asset Purchase - CNC lathe,171440.84,18,15429.67,15429.67,0.0,Khalsa Group,07IAOHC4472J3ZK,receipt,Capital Goods,capital_goods,Eligible,,synthetic
TXN000393,2024-01-14,"generator  set installation invoice from Chandran, Munshi and Sane","generator set installation invoice from Chandran, Munshi and Sane",102220.65,18,9199.86,9199.86,0.0,"Chandran, Munshi and Sane",24EHLNT0631G8Z0,invoice,Capital Goods,capital_goods,Eligible,,synthetic
TXN001481,2026-09-17,"office client meeting refreshments order - rana, ravi and iyer","Office client meeting refreshments order - Rana, Ravi and Iyer",11956.1,5,298.9,298.9,0.0,"Rana, Ravi and Iyer",27CYQMW7626V5Z8,invoice,Food & Beverages/Outdoor Catering,food_catering,Blocked,"Sec 17(5)(b)(i) explicitly blocks ITC on food and beverages and outdoor catering, unless used to make an outward taxable supply of the same category or as part of a composite/mixed supply.",synthetic
TXN001088,2026-04-18,Bandi LLC - Bank Charges,Bandi LLC - Bank Charges,4463.64,18,401.73,401.73,0.0,Bandi LLC,,bank_statement_line,Bank Charges/Financial Services,bank_charges,Eligible,,synthetic
TXN002320,2026-10-12,Construction payment - Dhawan Inc for flooring and fixtures work,Construction payment - Dhawan Inc for flooring and fixtures work,623183.73,18,0.0,0.0,112173.07,Dhawan Inc,29EEQUE3195K5ZQ,invoice,Works Contract/Construction of Immovable Property,works_contract,Blocked,"Sec 17(5)(c)/(d) blocks ITC on works contract services and goods/services for construction of immovable property (other than plant & machinery), even when used for business.",synthetic
TXN002092,2025-12-22,"Baria,  Pau and Peri - employee medical reimbursement","Baria, Pau and Peri - employee medical reimbursement",64612.36,18,5815.11,5815.11,0.0,"Baria, Pau and Peri",27GZEJU0194M8Z3,invoice,Employee Insurance/Reimbursements,employee_insurance,Blocked,Sec 17(5)(b) blocks ITC on health/life insurance for employees unless it is obligatory for the employer under any law for the time being in force.,synthetic
TXN002071,2025-05-20,"STAFF LIFE INSURANCE PREMIUM PREMIUM PAYMENT - SANGHA, KOSHY AND KOTA","staff life insurance premium premium payment - Sangha, Koshy and Kota",43454.38,18,3910.89,3910.89,0.0,"Sangha, Koshy and Kota",27WTMFS2908J4ZD,receipt,Employee Insurance/Reimbursements,employee_insurance,Blocked,Sec 17(5)(b) blocks ITC on health/life insurance for employees unless it is obligatory for the employer under any law for the time being in force.,synthetic
TXN002006,2025-06-05,EMPLOYEE MEDICAL REIMBURSEMENT PREMIUM PAYMENT - BABU-BANSAL,employee medical reimbursement premium payment - Babu-Bansal,81127.17,18,0.0,0.0,14602.89,Babu-Bansal,23PQEHR8482T7Z5,invoice,Employee Insurance/Reimbursements,employee_insurance,Blocked,Sec 17(5)(b) blocks ITC on health/life insurance for employees unless it is obligatory for the employer under any law for the time being in force.,synthetic
TXN000571,2025-08-01,"Roy,  Rout and Borah - website maintenance services invoice","Roy, Rout and Borah - website maintenance services invoice",14689.97,18,1322.1,1322.1,0.0,"Roy, Rout and Borah",09TXUOZ0780E8ZL,invoice,Input Services (Professional/Consulting/IT),input_services,Eligible,,synthetic
TXN002160,2024-03-11,"Shere,  Devan and Iyengar - staff life insurance premium","Shere, Devan and Iyengar - staff life insurance premium",88289.25,18,0.0,0.0,15892.06,"Shere, Devan and Iyengar",,bank_statement_line,Employee Insurance/Reimbursements,employee_insurance,Blocked,Sec 17(5)(b) blocks ITC on health/life insurance for employees unless it is obligatory for the employer under any law for the time being in force.,synthetic
TXN001329,2026-04-25,pmt to Naidu PLC for vehicle insurance premium,Payment to Naidu PLC for vehicle insurance premium,24798.99,28,3471.86,3471.86,0.0,Naidu PLC,,bank_statement_line,Motor Vehicle Expenses,motor_vehicle,Blocked,"Sec 17(5)(a) blocks ITC on motor vehicles for transport of persons (seating <=13) and related services, unless used for further supply, passenger transport, or driving training.",synthetic
TXN001026,2024-11-27,POS machine rental fee - Pradhan-Chad,POS machine rental fee - Pradhan-Chad,493.87,18,44.45,44.45,0.0,Pradhan-Chad,23XBGZH8027L1ZK,receipt,Bank Charges/Financial Services,bank_charges,Eligible,,synthetic
TXN001369,2024-01-02,Payment to Barman Inc for vehicle insurance premium,Payment to Barman Inc for vehicle insurance premium,16580.8,28,2321.31,2321.31,0.0,Barman Inc,,bank_statement_line,Motor Vehicle Expenses,motor_vehicle,Blocked,"Sec 17(5)(a) blocks ITC on motor vehicles for transport of persons (seating <=13) and related services, unless used for further supply, passenger transport, or driving training.",synthetic
TXN000740,2024-07-07,Lease rental to Kalla Group for warehouse space,Lease rental to Kalla Group for warehouse space,17407.3,18,1566.65,1566.65,0.0,Kalla Group,,bank_statement_line,Rent/Lease of Business Premises,rent,Eligible,,synthetic
TXN002403,2026-07-14,Chandra-Narasimhan - Sales Invoice,Chandra-Narasimhan - Sales Invoice,493621.33,18,44425.92,44425.92,0.0,Chandra-Narasimhan,33HLNKF4657P4ZI,receipt,Sales/Outward Supply,sales_revenue,Not Applicable,,synthetic
TXN002042,2024-03-07,employee medical reimbursement premium payment - dixit ltd,employee medical reimbursement premium payment - Dixit Ltd,96906.32,18,8721.57,8721.57,0.0,Dixit Ltd,27WIZDP1843P9ZD,invoice,Employee Insurance/Reimbursements,employee_insurance,Blocked,Sec 17(5)(b) blocks ITC on health/life insurance for employees unless it is obligatory for the employer under any law for the time being in force.,synthetic
TXN000009,2025-02-15,"Purchase of packaging material from Sami, Oak and Mall","Purchase of packaging material from Sami, Oak and Mall",9159.81,18,0.0,0.0,1648.77,"Sami, Oak and Mall",29TVZND6915T7ZN,invoice,Purchase of Goods (Raw Material/Trading Stock),purchase_goods,Eligible,,synthetic
TXN002097,2024-11-17,PANDIT-LOKE - STAFF LIFE INSURANCE PREMIUM,Pandit-Loke - staff life insurance premium,99097.67,18,8918.79,8918.79,0.0,Pandit-Loke,33URVSJ4920H3ZR,invoice,Employee Insurance/Reimbursements,employee_insurance,Blocked,Sec 17(5)(b) blocks ITC on health/life insurance for employees unless it is obligatory for the employer under any law for the time being in force.,synthetic
TXN002179,2024-01-19,"staff life insurance premium premium pymt - bose, varkey and hari","staff life insurance premium premium payment - Bose, Varkey and Hari",30394.24,18,2735.48,2735.48,0.0,"Bose, Varkey and Hari",09CFVLD0598L6ZE,receipt,Employee Insurance/Reimbursements,employee_insurance,Blocked,Sec 17(5)(b) blocks ITC on health/life insurance for employees unless it is obligatory for the employer under any law for the time being in force.,synthetic
TXN001948,2025-09-26,Employee home travel concession booking booking - Rastogi-Soni,Employee home travel concession booking booking - Rastogi-Soni,56803.13,5,1420.08,1420.08,0.0,Rastogi-Soni,23MQMJG3444H6ZU,invoice,Employee Travel Benefits,employee_travel,Blocked,"Sec 17(5)(b)(iii) blocks ITC on travel benefits extended to employees (e.g. leave/home travel concession), unless obligatory under law.",synthetic
TXN001668,2026-12-30,bains-majumdar - membership fee,Bains-Majumdar - Membership Fee,34696.99,18,3122.73,3122.73,0.0,Bains-Majumdar,27PWBRO1128Z7ZV,invoice,Club/Health/Fitness Memberships,club_membership,Blocked,"Sec 17(5)(b)(ii) blocks ITC on membership of a club, health, or fitness centre.",synthetic
TXN000848,2026-12-10,oza-shah - electricity bill payment,Oza-Shah - electricity bill payment,3586.37,18,0.0,0.0,645.55,Oza-Shah,19XJVNE5484R3ZN,invoice,Utilities (Business Electricity/Internet),utilities,Eligible,,synthetic
TXN001204,2024-03-16,sood-rajagopal - car repair,Sood-Rajagopal - car repair,4028.98,28,564.05,564.05,0.0,Sood-Rajagopal,36WZCSY1532M4ZQ,invoice,Motor Vehicle Expenses,motor_vehicle,Blocked,"Sec 17(5)(a) blocks ITC on motor vehicles for transport of persons (seating <=13) and related services, unless used for further supply, passenger transport, or driving training.",synthetic
TXN000299,2026-01-14,Bassi-Nadkarni - Capital Asset Purchase - office desktop computers,Bassi-Nadkarni - Capital Asset Purchase - office desktop computers,779471.87,18,0.0,0.0,140304.94,Bassi-Nadkarni,32DVXML6742H3ZQ,receipt,Capital Goods,capital_goods,Eligible,,synthetic
TXN001354,2026-02-12,Vehicle fuel purchase - Bhagat and Sons,Vehicle fuel purchase - Bhagat and Sons,23035.32,28,3224.95,3224.95,0.0,Bhagat and Sons,,bank_statement_line,Motor Vehicle Expenses,motor_vehicle,Blocked,"Sec 17(5)(a) blocks ITC on motor vehicles for transport of persons (seating <=13) and related services, unless used for further supply, passenger transport, or driving training.",synthetic
TXN002415,2024-02-15,RASTOGI INC - SALES INVOICE,Rastogi Inc - Sales Invoice,320072.98,18,28806.57,28806.57,0.0,Rastogi Inc,19NGCUK9886F3ZN,invoice,Sales/Outward Supply,sales_revenue,Not Applicable,,synthetic
TXN000055,2024-08-23,PMT TO DARA-KOTA FOR RAW COTTON,Payment to Dara-Kota for raw cotton,20146.07,18,0.0,0.0,3626.29,Dara-Kota,09EDOZN9828P5ZV,receipt,Purchase of Goods (Raw Material/Trading Stock),purchase_goods,Eligible,,synthetic
TXN000531,2024-04-15,PAYROLL PROCESSING CHARGES - HALDER LLC,payroll processing charges - Halder LLC,55315.07,18,4978.35,4978.35,0.0,Halder LLC,27TDLQJ2825H7ZQ,receipt,Input Services (Professional/Consulting/IT),input_services,Eligible,,synthetic
TXN000873,2026-08-01,Devi-Rajagopal - water supply bill payment,Devi-Rajagopal - water supply bill payment,4390.68,18,395.16,395.16,0.0,Devi-Rajagopal,,bank_statement_line,Utilities (Business Electricity/Internet),utilities,Eligible,,synthetic
TXN000796,2024-11-29,"Monthly rent - Prashad, Sankaran and Grewal","Monthly rent - Prashad, Sankaran and Grewal",34811.42,18,0.0,0.0,6266.06,"Prashad, Sankaran and Grewal",32HBPGQ6066B7ZV,invoice,Rent/Lease of Business Premises,rent,Eligible,,synthetic
TXN001479,2026-08-22,"Catering payment - Acharya, Dugar and Chadha","Catering payment - Acharya, Dugar and Chadha",8911.5,5,222.79,222.79,0.0,"Acharya, Dugar and Chadha",24PAAIS2728H7Z8,receipt,Food & Beverages/Outdoor Catering,food_catering,Blocked,"Sec 17(5)(b)(i) explicitly blocks ITC on food and beverages and outdoor catering, unless used to make an outward taxable supply of the same category or as part of a composite/mixed supply.",synthetic
TXN002337,2026-11-24,Buch-Swamy - shop renovation works,Buch-Swamy - shop renovation works,41956.69,18,0.0,0.0,7552.2,Buch-Swamy,27OHKBD6925Y8Z8,receipt,Works Contract/Construction of Immovable Property,works_contract,Blocked,"Sec 17(5)(c)/(d) blocks ITC on works contract services and goods/services for construction of immovable property (other than plant & machinery), even when used for business.",synthetic
TXN000509,2026-04-22,Khanna-Mitra - auditing svcs services invc,Khanna-Mitra - auditing services services invoice,5352.45,18,0.0,0.0,963.44,Khanna-Mitra,27DDGAV4741Q5Z4,invoice,Input Services (Professional/Consulting/IT),input_services,Eligible,,synthetic
TXN002535,2024-02-20,Keer-Walla  - Sales Invoice,Keer-Walla - Sales Invoice,413403.18,18,37206.29,37206.29,0.0,Keer-Walla,36CAAQU0129Y7ZA,receipt,Sales/Outward Supply,sales_revenue,Not Applicable,,synthetic
TXN002409,2026-02-03,"Sale invoice to Ahluwalia, Narayan and Bassi","Sale invoice to Ahluwalia, Narayan and Bassi",424133.4,18,0.0,0.0,76344.01,"Ahluwalia, Narayan and Bassi",32URGQA6751B2ZZ,invoice,Sales/Outward Supply,sales_revenue,Not Applicable,,synthetic
TXN002567,2026-01-27,"Payment received from Sharma, Sengupta and Sen for export order","Payment received from Sharma, Sengupta and Sen for export order",180827.36,18,16274.46,16274.46,0.0,"Sharma, Sengupta and Sen",,bank_statement_line,Sales/Outward Supply,sales_revenue,Not Applicable,,synthetic
TXN000985,2024-11-28,"Pradhan,  Dar and Thakkar - telephone/mobile plan bill payment","Pradhan, Dar and Thakkar - telephone/mobile plan bill payment",4828.8,18,0.0,0.0,869.18,"Pradhan, Dar and Thakkar",33PYFYA2952T7ZZ,invoice,Utilities (Business Electricity/Internet),utilities,Eligible,,synthetic
TXN001893,2024-03-08,"EMPLOYEE LEAVE TRAVEL AIRFARE - DIXIT, SETHI AND WALI","employee leave travel airfare - Dixit, Sethi and Wali",14077.19,5,351.93,351.93,0.0,"Dixit, Sethi and Wali",19CBPXA1342M4ZD,receipt,Employee Travel Benefits,employee_travel,Blocked,"Sec 17(5)(b)(iii) blocks ITC on travel benefits extended to employees (e.g. leave/home travel concession), unless obligatory under law.",synthetic
TXN002094,2024-11-18,"STAFF LIFE INSURANCE PREMIUM PREMIUM PMT - JAYARAMAN, DEVI AND NATT","staff life insurance premium premium payment - Jayaraman, Devi and Natt",76824.34,18,6914.19,6914.19,0.0,"Jayaraman, Devi and Natt",,bank_statement_line,Employee Insurance/Reimbursements,employee_insurance,Blocked,Sec 17(5)(b) blocks ITC on health/life insurance for employees unless it is obligatory for the employer under any law for the time being in force.,synthetic
TXN001961,2025-03-11,"Employee employee leave travel airfare booking - Gole, Munshi and Anne","Employee employee leave travel airfare booking - Gole, Munshi and Anne",17454.65,5,436.37,436.37,0.0,"Gole, Munshi and Anne",,bank_statement_line,Employee Travel Benefits,employee_travel,Blocked,"Sec 17(5)(b)(iii) blocks ITC on travel benefits extended to employees (e.g. leave/home travel concession), unless obligatory under law.",synthetic
TXN000561,2024-11-20,Professional fees to Gera-Saxena for auditing services,Professional fees to Gera-Saxena for auditing services,17721.91,18,1594.97,1594.97,0.0,Gera-Saxena,27PAQRL9318O5ZA,receipt,Input Services (Professional/Consulting/IT),input_services,Eligible,,synthetic
TXN001005,2024-11-11,"Bhatia, Saran and De - cheque bounce fee","Bhatia, Saran and De - cheque bounce fee",3781.07,18,340.3,340.3,0.0,"Bhatia, Saran and De",07ZZDES0162E6Z9,invoice,Bank Charges/Financial Services,bank_charges,Eligible,,synthetic
TXN000125,2026-04-27,PYMT TO RASTOGI LLC FOR YARN,Payment to Rastogi LLC for yarn,66988.01,18,0.0,0.0,12057.84,Rastogi LLC,33CLONC0557M1ZS,invoice,Purchase of Goods (Raw Material/Trading Stock),purchase_goods,Eligible,,synthetic
TXN002596,2025-12-20,"Payment received from Khalsa, Tailor and Trivedi for finished goods","Payment received from Khalsa, Tailor and Trivedi for finished goods",369753.64,18,0.0,0.0,66555.66,"Khalsa, Tailor and Trivedi",27YDBHM6667Q8ZL,receipt,Sales/Outward Supply,sales_revenue,Not Applicable,,synthetic
TXN001791,2026-11-21,"gym membership - johal, bawa and goyal","gym membership - Johal, Bawa and Goyal",27717.64,18,2494.59,2494.59,0.0,"Johal, Bawa and Goyal",,bank_statement_line,Club/Health/Fitness Memberships,club_membership,Blocked,"Sec 17(5)(b)(ii) blocks ITC on membership of a club, health, or fitness centre.",synthetic
TXN000271,2026-01-18,Cheema-Dyal - Capital Asset Purchase - industrial sewing machine,Cheema-Dyal - Capital Asset Purchase - industrial sewing machine,395119.55,18,35560.76,35560.76,0.0,Cheema-Dyal,32FQTGB7390V7Z1,receipt,Capital Goods,capital_goods,Eligible,,synthetic
TXN001023,2026-05-31,chaudry-dey  - pos machine rental,Chaudry-Dey - POS machine rental,4491.33,18,0.0,0.0,808.44,Chaudry-Dey,33UFWIK3733K8ZA,invoice,Bank Charges/Financial Services,bank_charges,Eligible,,synthetic
TXN000534,2026-11-15,chartered accountant charges - Ratta-Sarraf,chartered accountant charges - Ratta-Sarraf,22528.55,18,0.0,0.0,4055.14,Ratta-Sarraf,24DCRDH1076O8Z1,invoice,Input Services (Professional/Consulting/IT),input_services,Eligible,,synthetic
TXN000269,2026-07-01,"purchse of 3-phase motor - Swamy, Chand and Singhal","Purchase of 3-phase motor - Swamy, Chand and Singhal",696908.26,18,0.0,0.0,125443.49,"Swamy, Chand and Singhal",32YQQBN3536E1ZZ,invoice,Capital Goods,capital_goods,Eligible,,synthetic
TXN001755,2024-09-03,"wellness center package - Suri, Nair and Shankar","wellness center package - Suri, Nair and Shankar",25825.74,18,2324.32,2324.32,0.0,"Suri, Nair and Shankar",07KKZTK0937F9ZJ,invoice,Club/Health/Fitness Memberships,club_membership,Blocked,"Sec 17(5)(b)(ii) blocks ITC on membership of a club, health, or fitness centre.",synthetic
TXN001830,2026-10-15,employee leave travel airfare - Nori Group,employee leave travel airfare - Nori Group,57644.24,5,1441.11,1441.11,0.0,Nori Group,27KSUHZ3175L8ZB,receipt,Employee Travel Benefits,employee_travel,Blocked,"Sec 17(5)(b)(iii) blocks ITC on travel benefits extended to employees (e.g. leave/home travel concession), unless obligatory under law.",synthetic
TXN002445,2026-03-25,paymnt received from lad ltd for export order,Payment received from Lad Ltd for export order,284801.4,18,25632.12,25632.12,0.0,Lad Ltd,19BTWSG9502R4ZG,receipt,Sales/Outward Supply,sales_revenue,Not Applicable,,synthetic
TXN001133,2025-03-30,processing fee fee - Lalla-Rajagopal,processing fee fee - Lalla-Rajagopal,4126.08,18,371.35,371.35,0.0,Lalla-Rajagopal,23YFJZY6781G2Z8,invoice,Bank Charges/Financial Services,bank_charges,Eligible,,synthetic
TXN002569,2024-12-24,"Sale invoice to Rout, Ram and Kaul","Sale invoice to Rout, Ram and Kaul",206842.72,18,18615.85,18615.85,0.0,"Rout, Ram and Kaul",32DAVUH8516E2ZF,invoice,Sales/Outward Supply,sales_revenue,Not Applicable,,synthetic
TXN001340,2024-04-09,pmt to kohli inc for car servicing,Payment to Kohli Inc for car servicing,45031.7,28,0.0,0.0,12608.88,Kohli Inc,,bank_statement_line,Motor Vehicle Expenses,motor_vehicle,Blocked,"Sec 17(5)(a) blocks ITC on motor vehicles for transport of persons (seating <=13) and related services, unless used for further supply, passenger transport, or driving training.",synthetic
TXN002081,2026-08-06,"employee group health insurance premium payment - Chana, Babu and Srinivasan","employee group health insurance premium payment - Chana, Babu and Srinivasan",81162.04,18,0.0,0.0,14609.17,"Chana, Babu and Srinivasan",19SACQP8392P4Z2,invoice,Employee Insurance/Reimbursements,employee_insurance,Blocked,Sec 17(5)(b) blocks ITC on health/life insurance for employees unless it is obligatory for the employer under any law for the time being in force.,synthetic
TXN001444,2024-06-17,Office festival sweets order order - Chander Group,Office festival sweets order order - Chander Group,9213.1,5,0.0,0.0,460.66,Chander Group,27EPHAX8177P4ZW,invoice,Food & Beverages/Outdoor Catering,food_catering,Blocked,"Sec 17(5)(b)(i) explicitly blocks ITC on food and beverages and outdoor catering, unless used to make an outward taxable supply of the same category or as part of a composite/mixed supply.",synthetic
TXN000954,2025-01-13,baral inc - telephone/mobile plan bill pymt,Baral Inc - telephone/mobile plan bill payment,13511.17,18,1216.01,1216.01,0.0,Baral Inc,29UJNZD4207P5ZY,invoice,Utilities (Business Electricity/Internet),utilities,Eligible,,synthetic
TXN001242,2024-02-04,"payment to kashyap, shan and minhas for vehicle registration fee","Payment to Kashyap, Shan and Minhas for vehicle registration fee",10484.97,28,1467.89,1467.89,0.0,"Kashyap, Shan and Minhas",,bank_statement_line,Motor Vehicle Expenses,motor_vehicle,Blocked,"Sec 17(5)(a) blocks ITC on motor vehicles for transport of persons (seating <=13) and related services, unless used for further supply, passenger transport, or driving training.",synthetic
TXN001643,2026-06-05,"club membership renewal - Rama, Suri and Vora","club membership renewal - Rama, Suri and Vora",20082.03,18,1807.38,1807.38,0.0,"Rama, Suri and Vora",19CYEWR1199Q9ZY,receipt,Club/Health/Fitness Memberships,club_membership,Blocked,"Sec 17(5)(b)(ii) blocks ITC on membership of a club, health, or fitness centre.",synthetic
TXN001675,2026-10-13,"Nair, Subramanian and Ghose - Membership Fee","Nair, Subramanian and Ghose - Membership Fee",34479.61,18,3103.16,3103.16,0.0,"Nair, Subramanian and Ghose",19ZWJKL0980N3ZJ,receipt,Club/Health/Fitness Memberships,club_membership,Blocked,"Sec 17(5)(b)(ii) blocks ITC on membership of a club, health, or fitness centre.",synthetic
TXN000119,2024-11-05,Sabharwal-Kothari - adhesive tape rolls supply,Sabharwal-Kothari - adhesive tape rolls supply,21423.8,18,1928.14,1928.14,0.0,Sabharwal-Kothari,36ZYNVB8001U4ZE,invoice,Purchase of Goods (Raw Material/Trading Stock),purchase_goods,Eligible,,synthetic
TXN002044,2025-06-02,staff life insurance premium premium pmt - Bassi Inc,staff life insurance premium premium payment - Bassi Inc,97033.43,18,8733.01,8733.01,0.0,Bassi Inc,29FOIOM5120J3Z8,receipt,Employee Insurance/Reimbursements,employee_insurance,Blocked,Sec 17(5)(b) blocks ITC on health/life insurance for employees unless it is obligatory for the employer under any law for the time being in force.,synthetic
TXN001636,2026-03-02,"club membership renewal - Tank, Dube and Mandal","club membership renewal - Tank, Dube and Mandal",26818.0,18,0.0,0.0,4827.24,"Tank, Dube and Mandal",36WSDBT2927I8ZT,receipt,Club/Health/Fitness Memberships,club_membership,Blocked,"Sec 17(5)(b)(ii) blocks ITC on membership of a club, health, or fitness centre.",synthetic
TXN002100,2026-06-07,SUNDER-THAKER - STAFF LIFE INSURANCE PREMIUM,Sunder-Thaker - staff life insurance premium,99311.62,18,8938.05,8938.05,0.0,Sunder-Thaker,23AZEYA3472E4ZV,receipt,Employee Insurance/Reimbursements,employee_insurance,Blocked,Sec 17(5)(b) blocks ITC on health/life insurance for employees unless it is obligatory for the employer under any law for the time being in force.,synthetic
TXN001090,2026-11-08,Borah LLC - POS machine rental,Borah LLC - POS machine rental,156.96,18,14.12,14.12,0.0,Borah LLC,09MGTXW6601Q9ZR,invoice,Bank Charges/Financial Services,bank_charges,Eligible,,synthetic
TXN001985,2026-10-27,Employee staff outing travel booking booking - Dixit-Acharya,Employee staff outing travel booking booking - Dixit-Acharya,57282.78,5,1432.07,1432.07,0.0,Dixit-Acharya,33QWEQI4607I1ZP,receipt,Employee Travel Benefits,employee_travel,Blocked,"Sec 17(5)(b)(iii) blocks ITC on travel benefits extended to employees (e.g. leave/home travel concession), unless obligatory under law.",synthetic
TXN000705,2024-03-14,Sen-Purohit - Shop Rent pmt,Sen-Purohit - Shop Rent Payment,73782.15,18,6640.4,6640.4,0.0,Sen-Purohit,36HWGTK8208G3Z7,receipt,Rent/Lease of Business Premises,rent,Eligible,,synthetic
TXN001703,2026-12-05,"chada, chowdhury and bhagat - membership fee","Chada, Chowdhury and Bhagat - Membership Fee",11514.51,18,0.0,0.0,2072.61,"Chada, Chowdhury and Bhagat",,bank_statement_line,Club/Health/Fitness Memberships,club_membership,Blocked,"Sec 17(5)(b)(ii) blocks ITC on membership of a club, health, or fitness centre.",synthetic
TXN000829,2025-02-05,"Gole, Bala and Shenoy - telephone/mobile plan bill payment","Gole, Bala and Shenoy - telephone/mobile plan bill payment",4273.32,18,384.6,384.6,0.0,"Gole, Bala and Shenoy",,bank_statement_line,Utilities (Business Electricity/Internet),utilities,Eligible,,synthetic
TXN000429,2026-08-28,Rai PLC - IT support srvcs invoice,Rai PLC - IT support services invoice,13345.02,18,1201.05,1201.05,0.0,Rai PLC,32BNTQN4433W8Z5,receipt,Input Services (Professional/Consulting/IT),input_services,Eligible,,synthetic
TXN001101,2024-06-17,AGGARWAL-SANE - BANK CHARGES,Aggarwal-Sane - Bank Charges,763.15,18,68.69,68.69,0.0,Aggarwal-Sane,,bank_statement_line,Bank Charges/Financial Services,bank_charges,Eligible,,synthetic
TXN000112,2025-09-10,"purch of plastic granules from Divan, Sani and Datta","Purchase of plastic granules from Divan, Sani and Datta",37087.76,18,3337.9,3337.9,0.0,"Divan, Sani and Datta",07OTUDZ2955Y6ZP,receipt,Purchase of Goods (Raw Material/Trading Stock),purchase_goods,Eligible,,synthetic
TXN001716,2026-10-23,"club membership renewal - Madan, Parsa and Chokshi","club membership renewal - Madan, Parsa and Chokshi",22086.41,18,0.0,0.0,3975.55,"Madan, Parsa and Chokshi",19XURZO7877W6ZI,receipt,Club/Health/Fitness Memberships,club_membership,Blocked,"Sec 17(5)(b)(ii) blocks ITC on membership of a club, health, or fitness centre.",synthetic
TXN002306,2025-10-01,CONSTRUCTION PAYMENT - SARIN-SAMI FOR FLOORING AND FIXTURES WORK,Construction payment - Sarin-Sami for flooring and fixtures work,379196.09,18,34127.65,34127.65,0.0,Sarin-Sami,,bank_statement_line,Works Contract/Construction of Immovable Property,works_contract,Blocked,"Sec 17(5)(c)/(d) blocks ITC on works contract services and goods/services for construction of immovable property (other than plant & machinery), even when used for business.",synthetic
TXN002690,2026-07-06,professional tax paymnt paymnt,professional tax payment payment,16138.03,exempt,0.0,0.0,0.0,Biswas LLC,32HPDHV6722J3ZG,receipt,Exempt/Non-GST Expense,exempt_non_gst,Not Applicable,,synthetic
TXN002528,2025-07-08,"PAYMENT RECEIVED FROM DUTTA, BAJAJ AND BALA FOR EXPORT ORDER","Payment received from Dutta, Bajaj and Bala for export order",487323.02,18,43859.07,43859.07,0.0,"Dutta, Bajaj and Bala",29RJVKW5894D2ZB,receipt,Sales/Outward Supply,sales_revenue,Not Applicable,,synthetic
TXN000110,2024-09-29,Dixit  PLC - raw plastic pellets supply,Dixit PLC - raw plastic pellets supply,134185.66,18,0.0,0.0,24153.42,Dixit PLC,27HEDQS9384M7ZF,receipt,Purchase of Goods (Raw Material/Trading Stock),purchase_goods,Eligible,,synthetic
TXN000131,2024-03-16,"Payment to Saraf, Pai and Murthy for adhesive tape rolls","Payment to Saraf, Pai and Murthy for adhesive tape rolls",10839.22,18,0.0,0.0,1951.06,"Saraf, Pai and Murthy",23DHGEL3455R9Z0,receipt,Purchase of Goods (Raw Material/Trading Stock),purchase_goods,Eligible,,synthetic
TXN002330,2025-07-23,"Construction payment - Rajagopalan, More and Patil for building repair works contract","Construction payment - Rajagopalan, More and Patil for building repair works contract",390520.47,18,35146.84,35146.84,0.0,"Rajagopalan, More and Patil",,bank_statement_line,Works Contract/Construction of Immovable Property,works_contract,Blocked,"Sec 17(5)(c)/(d) blocks ITC on works contract services and goods/services for construction of immovable property (other than plant & machinery), even when used for business.",synthetic
TXN001002,2025-02-13,Pradhan-Shanker - Bank Charges,Pradhan-Shanker - Bank Charges,2514.28,18,0.0,0.0,452.57,Pradhan-Shanker,,bank_statement_line,Bank Charges/Financial Services,bank_charges,Eligible,,synthetic
TXN000998,2024-05-08,water supply charges - Wagle and Sons,water supply charges - Wagle and Sons,7068.01,18,636.12,636.12,0.0,Wagle and Sons,24KFAHB8963E8Z8,receipt,Utilities (Business Electricity/Internet),utilities,Eligible,,synthetic
TXN000637,2026-12-26,"Lease rental to Sinha, Bhatia and Devi for office unit","Lease rental to Sinha, Bhatia and Devi for office unit",75570.39,18,6801.34,6801.34,0.0,"Sinha, Bhatia and Devi",24TKPIJ1897K9Z8,receipt,Rent/Lease of Business Premises,rent,Eligible,,synthetic
TXN002485,2026-11-30,paymnt received from Badami LLC for finished goods,Payment received from Badami LLC for finished goods,174779.67,18,15730.17,15730.17,0.0,Badami LLC,33OYRGY1064O2ZF,invoice,Sales/Outward Supply,sales_revenue,Not Applicable,,synthetic
TXN001727,2024-10-29,gym membership - Bhatia-Kurian,gym membership - Bhatia-Kurian,25185.3,18,2266.68,2266.68,0.0,Bhatia-Kurian,,bank_statement_line,Club/Health/Fitness Memberships,club_membership,Blocked,"Sec 17(5)(b)(ii) blocks ITC on membership of a club, health, or fitness centre.",synthetic
TXN002057,2025-12-06,"staff life insurance premium premium payment - Sundaram, Bhagat and Sarin","staff life insurance premium premium payment - Sundaram, Bhagat and Sarin",64361.75,18,5792.56,5792.56,0.0,"Sundaram, Bhagat and Sarin",,bank_statement_line,Employee Insurance/Reimbursements,employee_insurance,Blocked,Sec 17(5)(b) blocks ITC on health/life insurance for employees unless it is obligatory for the employer under any law for the time being in force.,synthetic
TXN001145,2024-01-11,processing fee fee - Kakar-Ray,processing fee fee - Kakar-Ray,1491.47,18,134.23,134.23,0.0,Kakar-Ray,09VEXJF1812O7ZP,invoice,Bank Charges/Financial Services,bank_charges,Eligible,,synthetic
TXN002253,2026-12-21,Puri-Savant  - building repair works contract,Puri-Savant - building repair works contract,610373.62,18,54933.62,54933.62,0.0,Puri-Savant,,bank_statement_line,Works Contract/Construction of Immovable Property,works_contract,Blocked,"Sec 17(5)(c)/(d) blocks ITC on works contract services and goods/services for construction of immovable property (other than plant & machinery), even when used for business.",synthetic
TXN002659,2025-01-26,"Natt, Krishna and Kota - government license fee","Natt, Krishna and Kota - government license fee",19063.73,exempt,0.0,0.0,0.0,"Natt, Krishna and Kota",33GSZDF4303T1ZB,invoice,Exempt/Non-GST Expense,exempt_non_gst,Not Applicable,,synthetic
TXN000158,2025-01-02,Shan and Sons - plastic granules supply,Shan and Sons - plastic granules supply,12144.12,18,1092.97,1092.97,0.0,Shan and Sons,,bank_statement_line,Purchase of Goods (Raw Material/Trading Stock),purchase_goods,Eligible,,synthetic
TXN001786,2026-01-10,gym membership - Tara-Ahluwalia,gym membership - Tara-Ahluwalia,49832.74,18,4484.94,4484.94,0.0,Tara-Ahluwalia,07ZZAQJ0734T1ZH,invoice,Club/Health/Fitness Memberships,club_membership,Blocked,"Sec 17(5)(b)(ii) blocks ITC on membership of a club, health, or fitness centre.",synthetic
TXN000033,2026-12-04,payment to batta inc for printed labels,Payment to Batta Inc for printed labels,117503.98,18,10575.36,10575.36,0.0,Batta Inc,24BQAKM4384E7ZL,receipt,Purchase of Goods (Raw Material/Trading Stock),purchase_goods,Eligible,,synthetic
TXN000688,2025-06-23,"Lease rental to Kamdar, Kota and Bumb for warehouse space","Lease rental to Kamdar, Kota and Bumb for warehouse space",16329.88,18,1469.69,1469.69,0.0,"Kamdar, Kota and Bumb",,bank_statement_line,Rent/Lease of Business Premises,rent,Eligible,,synthetic
TXN000516,2026-09-26,"payroll  processing charges - saha, grover and chada","payroll processing charges - Saha, Grover and Chada",19509.4,18,0.0,0.0,3511.69,"Saha, Grover and Chada",29HJCEU2428U3ZH,invoice,Input Services (Professional/Consulting/IT),input_services,Eligible,,synthetic
TXN001877,2025-06-07,"home  travel concession booking - Datta, Trivedi and Chauhan","home travel concession booking - Datta, Trivedi and Chauhan",51483.77,5,1287.1,1287.1,0.0,"Datta, Trivedi and Chauhan",07EBOOW8210G5Z5,receipt,Employee Travel Benefits,employee_travel,Blocked,"Sec 17(5)(b)(iii) blocks ITC on travel benefits extended to employees (e.g. leave/home travel concession), unless obligatory under law.",synthetic
TXN002581,2024-10-19,PAYMENT  RECEIVED FROM BAJAJ-OAK FOR BULK ORDER,Payment received from Bajaj-Oak for bulk order,498312.31,18,44848.11,44848.11,0.0,Bajaj-Oak,,bank_statement_line,Sales/Outward Supply,sales_revenue,Not Applicable,,synthetic
TXN001591,2025-09-17,Office festival sweets order order - Grewal Inc,Office festival sweets order order - Grewal Inc,8640.2,5,216.0,216.0,0.0,Grewal Inc,,bank_statement_line,Food & Beverages/Outdoor Catering,food_catering,Blocked,"Sec 17(5)(b)(i) explicitly blocks ITC on food and beverages and outdoor catering, unless used to make an outward taxable supply of the same category or as part of a composite/mixed supply.",synthetic
TXN001273,2024-01-06,"vehicle car servicing - sem, chakrabarti and tara","Vehicle car servicing - Sem, Chakrabarti and Tara",42986.59,28,0.0,0.0,12036.25,"Sem, Chakrabarti and Tara",,bank_statement_line,Motor Vehicle Expenses,motor_vehicle,Blocked,"Sec 17(5)(a) blocks ITC on motor vehicles for transport of persons (seating <=13) and related services, unless used for further supply, passenger transport, or driving training.",synthetic
TXN002054,2025-05-15,Khalsa Ltd - employee group health insurance,Khalsa Ltd - employee group health insurance,71147.13,18,6403.24,6403.24,0.0,Khalsa Ltd,24NLGQT8368Y9ZJ,receipt,Employee Insurance/Reimbursements,employee_insurance,Blocked,Sec 17(5)(b) blocks ITC on health/life insurance for employees unless it is obligatory for the employer under any law for the time being in force.,synthetic
TXN001384,2025-06-11,"Payment to Patla, Mutti and Sangha for vehicle insurance premium","Payment to Patla, Mutti and Sangha for vehicle insurance premium",23958.36,28,3354.17,3354.17,0.0,"Patla, Mutti and Sangha",09LGGCV8683N3Z1,invoice,Motor Vehicle Expenses,motor_vehicle,Blocked,"Sec 17(5)(a) blocks ITC on motor vehicles for transport of persons (seating <=13) and related services, unless used for further supply, passenger transport, or driving training.",synthetic
TXN001084,2026-11-09,POS machine rental fee - Sachdev Group,POS machine rental fee - Sachdev Group,4579.31,18,412.14,412.14,0.0,Sachdev Group,,bank_statement_line,Bank Charges/Financial Services,bank_charges,Eligible,,synthetic
TXN000342,2026-02-20,PURCHASE OF 3-PHASE MOTOR - MERCHANT-NIGAM,Purchase of 3-phase motor - Merchant-Nigam,390198.24,18,0.0,0.0,70235.68,Merchant-Nigam,29YPJAQ2145E4ZL,receipt,Capital Goods,capital_goods,Eligible,,synthetic
TXN000907,2024-05-18,Varma-Mall - telephone/mobile plan bill pymt,Varma-Mall - telephone/mobile plan bill payment,5003.72,18,450.33,450.33,0.0,Varma-Mall,,bank_statement_line,Utilities (Business Electricity/Internet),utilities,Eligible,,synthetic
TXN002364,2025-03-23,construction  pymt - sankar and sons for shop renovation works,Construction payment - Sankar and Sons for shop renovation works,532546.17,18,47929.15,47929.15,0.0,Sankar and Sons,19EGDWN5856F1Z0,invoice,Works Contract/Construction of Immovable Property,works_contract,Blocked,"Sec 17(5)(c)/(d) blocks ITC on works contract services and goods/services for construction of immovable property (other than plant & machinery), even when used for business.",synthetic
TXN001305,2026-08-24,"Payment to Gokhale, Thakur and Naidu for car repair","Payment to Gokhale, Thakur and Naidu for car repair",39012.45,28,5461.74,5461.74,0.0,"Gokhale, Thakur and Naidu",27ZZKOB2974R3ZA,invoice,Motor Vehicle Expenses,motor_vehicle,Blocked,"Sec 17(5)(a) blocks ITC on motor vehicles for transport of persons (seating <=13) and related services, unless used for further supply, passenger transport, or driving training.",synthetic
TXN002467,2024-11-23,Sunder-Varghese - Sales Invoice,Sunder-Varghese - Sales Invoice,1993.85,18,179.44,179.44,0.0,Sunder-Varghese,,bank_statement_line,Sales/Outward Supply,sales_revenue,Not Applicable,,synthetic
TXN002395,2025-02-20,Construction payment - Sathe LLC for building repair works contract,Construction payment - Sathe LLC for building repair works contract,565255.99,18,0.0,0.0,101746.08,Sathe LLC,,bank_statement_line,Works Contract/Construction of Immovable Property,works_contract,Blocked,"Sec 17(5)(c)/(d) blocks ITC on works contract services and goods/services for construction of immovable property (other than plant & machinery), even when used for business.",synthetic
TXN002062,2024-06-08,employee medical reimbursement premium pmt - Nayak and Sons,employee medical reimbursement premium payment - Nayak and Sons,87702.99,18,7893.27,7893.27,0.0,Nayak and Sons,27OWOEP6248G7ZN,invoice,Employee Insurance/Reimbursements,employee_insurance,Blocked,Sec 17(5)(b) blocks ITC on health/life insurance for employees unless it is obligatory for the employer under any law for the time being in force.,synthetic
TXN000984,2024-11-27,"Nagarajan, Madan and Brahmbhatt - electricity bill payment","Nagarajan, Madan and Brahmbhatt - electricity bill payment",541.84,18,0.0,0.0,97.53,"Nagarajan, Madan and Brahmbhatt",24SPYLL3562Y2ZB,invoice,Utilities (Business Electricity/Internet),utilities,Eligible,,synthetic
TXN001485,2026-06-16,Raval-Agrawal - office tea/coffee supplies,Raval-Agrawal - office tea/coffee supplies,10460.39,5,261.51,261.51,0.0,Raval-Agrawal,24SKDAP3046A1ZG,receipt,Food & Beverages/Outdoor Catering,food_catering,Blocked,"Sec 17(5)(b)(i) explicitly blocks ITC on food and beverages and outdoor catering, unless used to make an outward taxable supply of the same category or as part of a composite/mixed supply.",synthetic
TXN002314,2025-09-25,"Dey, Keer and Choudhury - flooring and fixtures work","Dey, Keer and Choudhury - flooring and fixtures work",294393.62,18,26495.42,26495.42,0.0,"Dey, Keer and Choudhury",,bank_statement_line,Works Contract/Construction of Immovable Property,works_contract,Blocked,"Sec 17(5)(c)/(d) blocks ITC on works contract services and goods/services for construction of immovable property (other than plant & machinery), even when used for business.",synthetic
TXN001021,2024-09-21,BALASUBRAMANIAN GROUP - CHEQUE BOUNCE FEE,Balasubramanian Group - cheque bounce fee,4838.32,18,0.0,0.0,870.9,Balasubramanian Group,,bank_statement_line,Bank Charges/Financial Services,bank_charges,Eligible,,synthetic
TXN000345,2026-12-30,"Purchase  of office desktop computers - Ranganathan, Pau and Chana","Purchase of office desktop computers - Ranganathan, Pau and Chana",247498.0,18,22274.82,22274.82,0.0,"Ranganathan, Pau and Chana",36FQTPE3387I6ZG,invoice,Capital Goods,capital_goods,Eligible,,synthetic
TXN000611,2026-01-26,Monthly rent - Pau-Rau,Monthly rent - Pau-Rau,72792.33,18,6551.31,6551.31,0.0,Pau-Rau,32VWYZQ4487Z2ZC,invoice,Rent/Lease of Business Premises,rent,Eligible,,synthetic
TXN002080,2024-10-04,Merchant-Khare - staff life insurance premium,Merchant-Khare - staff life insurance premium,9504.42,18,855.4,855.4,0.0,Merchant-Khare,09XEVYF6097L4ZX,receipt,Employee Insurance/Reimbursements,employee_insurance,Blocked,Sec 17(5)(b) blocks ITC on health/life insurance for employees unless it is obligatory for the employer under any law for the time being in force.,synthetic
TXN001641,2026-04-27,SUNDER AND SONS - MEMBERSHIP FEE,Sunder and Sons - Membership Fee,31437.88,18,2829.41,2829.41,0.0,Sunder and Sons,07CASLY2089F8ZE,receipt,Club/Health/Fitness Memberships,club_membership,Blocked,"Sec 17(5)(b)(ii) blocks ITC on membership of a club, health, or fitness centre.",synthetic
TXN001539,2025-07-13,OFFICE FESTIVAL SWEETS ORDER ORDER - DARA-PANCHAL,Office festival sweets order order - Dara-Panchal,19333.9,5,483.35,483.35,0.0,Dara-Panchal,,bank_statement_line,Food & Beverages/Outdoor Catering,food_catering,Blocked,"Sec 17(5)(b)(i) explicitly blocks ITC on food and beverages and outdoor catering, unless used to make an outward taxable supply of the same category or as part of a composite/mixed supply.",synthetic
TXN000956,2025-07-17,"Thaker,  Sagar and Sampath - water supply bill payment","Thaker, Sagar and Sampath - water supply bill payment",6809.21,18,612.83,612.83,0.0,"Thaker, Sagar and Sampath",32DVJVS0703W6Z0,invoice,Utilities (Business Electricity/Internet),utilities,Eligible,,synthetic
TXN002489,2026-02-05,KARAN INC - SALES INVOICE,Karan Inc - Sales Invoice,185884.18,18,16729.58,16729.58,0.0,Karan Inc,19BXZNY9659O7ZU,receipt,Sales/Outward Supply,sales_revenue,Not Applicable,,synthetic
TXN000586,2025-05-09,"payroll processing chrgs - lanka, kade and saha","payroll processing charges - Lanka, Kade and Saha",16539.19,18,1488.53,1488.53,0.0,"Lanka, Kade and Saha",29DALRZ1899L3ZZ,receipt,Input Services (Professional/Consulting/IT),input_services,Eligible,,synthetic
TXN000485,2026-04-03,Professional  fees to Patla-Khanna for IT support,Professional fees to Patla-Khanna for IT support,38239.41,18,3441.55,3441.55,0.0,Patla-Khanna,36VAMQM3633A6ZL,receipt,Input Services (Professional/Consulting/IT),input_services,Eligible,,synthetic
TXN001499,2024-08-29,"Office client meeting refreshments order - Gokhale, Soni and Murthy","Office client meeting refreshments order - Gokhale, Soni and Murthy",19234.3,5,480.86,480.86,0.0,"Gokhale, Soni and Murthy",29OTJOE9139O5ZL,invoice,Food & Beverages/Outdoor Catering,food_catering,Blocked,"Sec 17(5)(b)(i) explicitly blocks ITC on food and beverages and outdoor catering, unless used to make an outward taxable supply of the same category or as part of a composite/mixed supply.",synthetic
TXN000076,2025-12-16,Kala-Rattan - steel sheets supply,Kala-Rattan - steel sheets supply,37875.48,18,3408.8,3408.8,0.0,Kala-Rattan,36YSNDC1458C4Z2,receipt,Purchase of Goods (Raw Material/Trading Stock),purchase_goods,Eligible,,synthetic
TXN001646,2026-09-10,Swamy  Inc - Membership Fee,Swamy Inc - Membership Fee,13673.64,18,1230.63,1230.63,0.0,Swamy Inc,23OVLCT4622U6ZX,receipt,Club/Health/Fitness Memberships,club_membership,Blocked,"Sec 17(5)(b)(ii) blocks ITC on membership of a club, health, or fitness centre.",synthetic
TXN002222,2025-04-03,"Deshpande, Tandon and Patel - building repair works contract","Deshpande, Tandon and Patel - building repair works contract",496779.44,18,44710.15,44710.15,0.0,"Deshpande, Tandon and Patel",,bank_statement_line,Works Contract/Construction of Immovable Property,works_contract,Blocked,"Sec 17(5)(c)/(d) blocks ITC on works contract services and goods/services for construction of immovable property (other than plant & machinery), even when used for business.",synthetic
TXN000668,2024-07-24,Monthly rent - Thaman Group,Monthly rent - Thaman Group,91626.24,18,8246.36,8246.36,0.0,Thaman Group,27UIXAW9035Q3ZK,receipt,Rent/Lease of Business Premises,rent,Eligible,,synthetic
TXN002573,2024-06-11,"BAKSHI, MORE AND DASGUPTA - SALES INVOICE","Bakshi, More and Dasgupta - Sales Invoice",376238.48,18,0.0,0.0,67722.93,"Bakshi, More and Dasgupta",36AGIZA8392N9ZB,receipt,Sales/Outward Supply,sales_revenue,Not Applicable,,synthetic
TXN002708,2025-06-06,"Korpal, Gokhale and Hayre - professional tax payment","Korpal, Gokhale and Hayre - professional tax payment",3736.86,exempt,0.0,0.0,0.0,"Korpal, Gokhale and Hayre",09VGWPE0769K5ZL,receipt,Exempt/Non-GST Expense,exempt_non_gst,Not Applicable,,synthetic
TXN001463,2026-06-21,"Padmanabhan, Rao and Devi - client meeting refreshments","Padmanabhan, Rao and Devi - client meeting refreshments",17165.39,5,429.13,429.13,0.0,"Padmanabhan, Rao and Devi",07OYOIP7287L4ZT,receipt,Food & Beverages/Outdoor Catering,food_catering,Blocked,"Sec 17(5)(b)(i) explicitly blocks ITC on food and beverages and outdoor catering, unless used to make an outward taxable supply of the same category or as part of a composite/mixed supply.",synthetic
TXN002171,2025-03-09,Soni-Dar - employee group health insurance,Soni-Dar - employee group health insurance,87504.26,18,7875.39,7875.39,0.0,Soni-Dar,19QWPVK7600B5ZW,receipt,Employee Insurance/Reimbursements,employee_insurance,Blocked,Sec 17(5)(b) blocks ITC on health/life insurance for employees unless it is obligatory for the employer under any law for the time being in force.,synthetic
TXN000582,2024-09-05,"legal consultation charges - Mitter, Walla and Chander","legal consultation charges - Mitter, Walla and Chander",35307.7,18,3177.7,3177.7,0.0,"Mitter, Walla and Chander",09VASJZ0092Q9Z0,invoice,Input Services (Professional/Consulting/IT),input_services,Eligible,,synthetic
TXN000979,2024-05-18,broadband internet chrgs - Arora and Sons,broadband internet charges - Arora and Sons,1935.13,18,0.0,0.0,348.32,Arora and Sons,,bank_statement_line,Utilities (Business Electricity/Internet),utilities,Eligible,,synthetic
TXN002756,2026-09-25,professional tax payment pymt,professional tax payment payment,26752.57,exempt,0.0,0.0,0.0,Karan Ltd,,bank_statement_line,Exempt/Non-GST Expense,exempt_non_gst,Not Applicable,,synthetic
TXN002344,2025-07-23,Construction payment - Rattan and Sons for shop renovation works,Construction payment - Rattan and Sons for shop renovation works,111798.21,18,0.0,0.0,20123.68,Rattan and Sons,,bank_statement_line,Works Contract/Construction of Immovable Property,works_contract,Blocked,"Sec 17(5)(c)/(d) blocks ITC on works contract services and goods/services for construction of immovable property (other than plant & machinery), even when used for business.",synthetic
TXN001642,2025-10-15,Balay PLC - Membership Fee,Balay PLC - Membership Fee,11026.54,18,992.39,992.39,0.0,Balay PLC,33QFSMW5470M7ZE,invoice,Club/Health/Fitness Memberships,club_membership,Blocked,"Sec 17(5)(b)(ii) blocks ITC on membership of a club, health, or fitness centre.",synthetic
TXN002259,2026-08-12,"CONSTRUCTION PAYMENT - SWAMINATHAN, ZACHARIA AND SINGHAL FOR WAREHOUSE CONSTRUCTION CONTRACT","Construction payment - Swaminathan, Zacharia and Singhal for warehouse construction contract",212305.16,18,19107.47,19107.47,0.0,"Swaminathan, Zacharia and Singhal",24BVJEL6286V9ZP,invoice,Works Contract/Construction of Immovable Property,works_contract,Blocked,"Sec 17(5)(c)/(d) blocks ITC on works contract services and goods/services for construction of immovable property (other than plant & machinery), even when used for business.",synthetic
TXN001607,2025-10-09,"club  membership renewal - Muni, Naidu and Dutt","club membership renewal - Muni, Naidu and Dutt",24893.66,18,2240.43,2240.43,0.0,"Muni, Naidu and Dutt",19RMYFZ6064M2ZM,invoice,Club/Health/Fitness Memberships,club_membership,Blocked,"Sec 17(5)(b)(ii) blocks ITC on membership of a club, health, or fitness centre.",synthetic
TXN000994,2025-01-06,water supply charges - Rout Inc,water supply charges - Rout Inc,2567.63,18,0.0,0.0,462.17,Rout Inc,32JHLCX0822Y2ZR,receipt,Utilities (Business Electricity/Internet),utilities,Eligible,,synthetic
TXN001531,2025-11-06,Varughese PLC - festival sweets order,Varughese PLC - festival sweets order,9310.27,5,0.0,0.0,465.51,Varughese PLC,19XGYIO7865E4ZN,receipt,Food & Beverages/Outdoor Catering,food_catering,Blocked,"Sec 17(5)(b)(i) explicitly blocks ITC on food and beverages and outdoor catering, unless used to make an outward taxable supply of the same category or as part of a composite/mixed supply.",synthetic
TXN001834,2024-07-24,employee employee leave travel airfare booking - chadha-taneja,Employee employee leave travel airfare booking - Chadha-Taneja,38203.38,5,955.09,955.09,0.0,Chadha-Taneja,,bank_statement_line,Employee Travel Benefits,employee_travel,Blocked,"Sec 17(5)(b)(iii) blocks ITC on travel benefits extended to employees (e.g. leave/home travel concession), unless obligatory under law.",synthetic
TXN001063,2025-04-28,Divan PLC - loan processing fee,Divan PLC - loan processing fee,241.17,18,21.7,21.7,0.0,Divan PLC,29IIPWD9718D1ZV,invoice,Bank Charges/Financial Services,bank_charges,Eligible,,synthetic
TXN002533,2025-05-22,Dash Group - Sales Invoice,Dash Group - Sales Invoice,395315.42,18,35578.39,35578.39,0.0,Dash Group,24QFWIL6611K1Z8,receipt,Sales/Outward Supply,sales_revenue,Not Applicable,,synthetic
TXN002026,2025-05-14,"Gala, Sarna and Kohli - employee group health insurance","Gala, Sarna and Kohli - employee group health insurance",43929.76,18,3953.68,3953.68,0.0,"Gala, Sarna and Kohli",29DHPSA4216S9Z1,invoice,Employee Insurance/Reimbursements,employee_insurance,Blocked,Sec 17(5)(b) blocks ITC on health/life insurance for employees unless it is obligatory for the employer under any law for the time being in force.,synthetic
TXN002350,2026-06-04,issac-chad - warehouse construction contract,Issac-Chad - warehouse construction contract,613695.66,18,55232.61,55232.61,0.0,Issac-Chad,24XVDZF2217S6Z4,receipt,Works Contract/Construction of Immovable Property,works_contract,Blocked,"Sec 17(5)(c)/(d) blocks ITC on works contract services and goods/services for construction of immovable property (other than plant & machinery), even when used for business.",synthetic
TXN000488,2024-08-08,singh-hari - it support srvcs invoice,Singh-Hari - IT support services invoice,56954.17,18,0.0,0.0,10251.75,Singh-Hari,29KOUSI7859M3ZH,receipt,Input Services (Professional/Consulting/IT),input_services,Eligible,,synthetic
TXN001428,2025-04-14,"Catering pmt - Dyal, Desai and Vala","Catering payment - Dyal, Desai and Vala",15674.49,5,391.86,391.86,0.0,"Dyal, Desai and Vala",,bank_statement_line,Food & Beverages/Outdoor Catering,food_catering,Blocked,"Sec 17(5)(b)(i) explicitly blocks ITC on food and beverages and outdoor catering, unless used to make an outward taxable supply of the same category or as part of a composite/mixed supply.",synthetic
TXN000538,2026-04-04,Professional fees to Sani PLC for payroll processing,Professional fees to Sani PLC for payroll processing,30420.41,18,0.0,0.0,5475.67,Sani PLC,29DEIJO2689O5ZI,receipt,Input Services (Professional/Consulting/IT),input_services,Eligible,,synthetic
TXN001193,2025-03-17,"RAJ, WAGLE AND MISRA - BANK CHARGES","Raj, Wagle and Misra - Bank Charges",4660.51,18,419.44,419.44,0.0,"Raj, Wagle and Misra",07XJZXY6196X9ZP,invoice,Bank Charges/Financial Services,bank_charges,Eligible,,synthetic
TXN001842,2026-02-03,employee leave travel airfare - Viswanathan-Mukherjee,employee leave travel airfare - Viswanathan-Mukherjee,60188.67,5,1504.71,1504.71,0.0,Viswanathan-Mukherjee,32ZUDFL4490H5Z2,invoice,Employee Travel Benefits,employee_travel,Blocked,"Sec 17(5)(b)(iii) blocks ITC on travel benefits extended to employees (e.g. leave/home travel concession), unless obligatory under law.",synthetic
TXN002786,2026-10-01,professional tax payment payment,professional tax payment payment,8242.86,exempt,0.0,0.0,0.0,Mukherjee Group,07OSZCZ3720Z4Z4,receipt,Exempt/Non-GST Expense,exempt_non_gst,Not Applicable,,synthetic
TXN002695,2026-01-26,Tandon  and Sons - government license fee,Tandon and Sons - government license fee,1037.94,exempt,0.0,0.0,0.0,Tandon and Sons,36EQJRO7142C9ZR,receipt,Exempt/Non-GST Expense,exempt_non_gst,Not Applicable,,synthetic
TXN002318,2026-11-18,construction payment - munshi llc for building repair works contract,Construction payment - Munshi LLC for building repair works contract,830755.69,18,0.0,0.0,149536.02,Munshi LLC,19RJJYQ9222B8ZB,invoice,Works Contract/Construction of Immovable Property,works_contract,Blocked,"Sec 17(5)(c)/(d) blocks ITC on works contract services and goods/services for construction of immovable property (other than plant & machinery), even when used for business.",synthetic
TXN002360,2025-02-22,CONSTRUCTION PAYMENT - SETTY-TALWAR FOR SHOP RENOVATION WORKS,Construction payment - Setty-Talwar for shop renovation works,465785.9,18,41920.73,41920.73,0.0,Setty-Talwar,,bank_statement_line,Works Contract/Construction of Immovable Property,works_contract,Blocked,"Sec 17(5)(c)/(d) blocks ITC on works contract services and goods/services for construction of immovable property (other than plant & machinery), even when used for business.",synthetic
TXN000209,2026-05-04,packing machine installation invoice from Seshadri-Kohli,packing machine installation invoice from Seshadri-Kohli,574075.13,18,0.0,0.0,103333.52,Seshadri-Kohli,,bank_statement_line,Capital Goods,capital_goods,Eligible,,synthetic
TXN002570,2024-05-02,Nori-Zachariah - Sales inv,Nori-Zachariah - Sales Invoice,216002.44,18,19440.22,19440.22,0.0,Nori-Zachariah,,bank_statement_line,Sales/Outward Supply,sales_revenue,Not Applicable,,synthetic
TXN001981,2025-09-01,STAFF  OUTING TRAVEL BOOKING - CHERIAN GROUP,staff outing travel booking - Cherian Group,32644.41,5,816.11,816.11,0.0,Cherian Group,32LNKFR1978O1ZT,receipt,Employee Travel Benefits,employee_travel,Blocked,"Sec 17(5)(b)(iii) blocks ITC on travel benefits extended to employees (e.g. leave/home travel concession), unless obligatory under law.",synthetic
TXN000565,2026-12-17,Professional fees to Trivedi-Kapur for software subscription,Professional fees to Trivedi-Kapur for software subscription,10563.29,18,0.0,0.0,1901.39,Trivedi-Kapur,29PQRFV8345C6ZL,invoice,Input Services (Professional/Consulting/IT),input_services,Eligible,,synthetic
TXN002271,2024-06-09,Contractor-Nazareth - flooring and fixtures work,Contractor-Nazareth - flooring and fixtures work,883166.49,18,79484.99,79484.99,0.0,Contractor-Nazareth,32YLHGK5528A8ZY,receipt,Works Contract/Construction of Immovable Property,works_contract,Blocked,"Sec 17(5)(c)/(d) blocks ITC on works contract services and goods/services for construction of immovable property (other than plant & machinery), even when used for business.",synthetic
TXN000376,2025-10-03,purch of generator set - Date Ltd,Purchase of generator set - Date Ltd,704759.47,18,63428.35,63428.35,0.0,Date Ltd,36LGIZM9234I5Z7,receipt,Capital Goods,capital_goods,Eligible,,synthetic
TXN002136,2025-11-20,"staff life insurance premium premium payment - Sathe, Nigam and Chowdhury","staff life insurance premium premium payment - Sathe, Nigam and Chowdhury",6710.24,18,603.92,603.92,0.0,"Sathe, Nigam and Chowdhury",,bank_statement_line,Employee Insurance/Reimbursements,employee_insurance,Blocked,Sec 17(5)(b) blocks ITC on health/life insurance for employees unless it is obligatory for the employer under any law for the time being in force.,synthetic
TXN000831,2025-06-15,"Biswas, Rege and Tata - electricity bill payment","Biswas, Rege and Tata - electricity bill payment",8508.02,18,765.72,765.72,0.0,"Biswas, Rege and Tata",,bank_statement_line,Utilities (Business Electricity/Internet),utilities,Eligible,,synthetic
TXN002796,2025-05-13,government license fee payment,government license fee payment,5989.84,exempt,0.0,0.0,0.0,Krish-Gola,07GADAL3088Z8Z1,receipt,Exempt/Non-GST Expense,exempt_non_gst,Not Applicable,,synthetic
TXN001180,2026-12-22,Banik-Gupta - account maintenance charge,Banik-Gupta - account maintenance charge,3027.45,18,272.47,272.47,0.0,Banik-Gupta,24UPKAJ1684A6ZQ,receipt,Bank Charges/Financial Services,bank_charges,Eligible,,synthetic
TXN002276,2024-07-04,"Construction payment - Bains, Nadig and Purohit for building repair works contract","Construction payment - Bains, Nadig and Purohit for building repair works contract",594988.49,18,0.0,0.0,107097.93,"Bains, Nadig and Purohit",,bank_statement_line,Works Contract/Construction of Immovable Property,works_contract,Blocked,"Sec 17(5)(c)/(d) blocks ITC on works contract services and goods/services for construction of immovable property (other than plant & machinery), even when used for business.",synthetic
TXN000667,2024-08-12,viswanathan-tak - shop rent pymt,Viswanathan-Tak - Shop Rent Payment,20900.27,18,1881.03,1881.03,0.0,Viswanathan-Tak,27PFTHQ8415E3ZX,invoice,Rent/Lease of Business Premises,rent,Eligible,,synthetic
TXN000322,2025-02-19,purch  of packing machine - Sharaf-Kumer,Purchase of packing machine - Sharaf-Kumer,567011.51,18,51031.04,51031.04,0.0,Sharaf-Kumer,27XVCPV0815T4ZE,invoice,Capital Goods,capital_goods,Eligible,,synthetic
TXN000479,2025-10-13,PROFESSIONAL FEES TO DUBEY INC FOR CHARTERED ACCOUNTANT,Professional fees to Dubey Inc for chartered accountant,14111.31,18,0.0,0.0,2540.04,Dubey Inc,33NWPUC3522D1ZK,invoice,Input Services (Professional/Consulting/IT),input_services,Eligible,,synthetic
TXN000953,2026-12-05,"TELEPHONE/MOBILE  PLAN CHARGES - BIR, ATWAL AND LALA","telephone/mobile plan charges - Bir, Atwal and Lala",12141.34,18,1092.72,1092.72,0.0,"Bir, Atwal and Lala",23VOXAP1918Y6Z3,receipt,Utilities (Business Electricity/Internet),utilities,Eligible,,synthetic
TXN002772,2024-05-15,Narasimhan PLC - employee PF contribution,Narasimhan PLC - employee PF contribution,59241.44,exempt,0.0,0.0,0.0,Narasimhan PLC,24TYXQR3868W6ZP,invoice,Exempt/Non-GST Expense,exempt_non_gst,Not Applicable,,synthetic
TXN001570,2024-03-09,"Catering payment - Karan, Chakraborty and Sathe","Catering payment - Karan, Chakraborty and Sathe",17341.98,5,433.55,433.55,0.0,"Karan, Chakraborty and Sathe",36LCSZY2217T7Z2,receipt,Food & Beverages/Outdoor Catering,food_catering,Blocked,"Sec 17(5)(b)(i) explicitly blocks ITC on food and beverages and outdoor catering, unless used to make an outward taxable supply of the same category or as part of a composite/mixed supply.",synthetic
TXN000056,2026-08-23,BHATT LLC - PACKAGING MATERIAL SUPPLY,Bhatt LLC - packaging material supply,129091.02,18,0.0,0.0,23236.38,Bhatt LLC,36JUANL6658L2ZO,receipt,Purchase of Goods (Raw Material/Trading Stock),purchase_goods,Eligible,,synthetic
TXN000589,2026-11-07,"Professional fees to Ravi, Mishra and Setty for website maintenance","Professional fees to Ravi, Mishra and Setty for website maintenance",21493.39,18,1934.4,1934.4,0.0,"Ravi, Mishra and Setty",19MFEYG6122D4Z9,receipt,Input Services (Professional/Consulting/IT),input_services,Eligible,,synthetic
TXN001521,2026-10-07,"Catering payment - Oza, Pau and Gour","Catering payment - Oza, Pau and Gour",9056.87,5,226.42,226.42,0.0,"Oza, Pau and Gour",07WKMXI7982S6Z6,invoice,Food & Beverages/Outdoor Catering,food_catering,Blocked,"Sec 17(5)(b)(i) explicitly blocks ITC on food and beverages and outdoor catering, unless used to make an outward taxable supply of the same category or as part of a composite/mixed supply.",synthetic
TXN001900,2024-02-15,Employee staff outing travel booking booking - Bera-Acharya,Employee staff outing travel booking booking - Bera-Acharya,30404.05,5,760.1,760.1,0.0,Bera-Acharya,23MFXZJ6280D3ZH,invoice,Employee Travel Benefits,employee_travel,Blocked,"Sec 17(5)(b)(iii) blocks ITC on travel benefits extended to employees (e.g. leave/home travel concession), unless obligatory under law.",synthetic
TXN001200,2024-01-14,Mahal-Kadakia - loan processing fee,Mahal-Kadakia - loan processing fee,1699.37,18,152.94,152.94,0.0,Mahal-Kadakia,,bank_statement_line,Bank Charges/Financial Services,bank_charges,Eligible,,synthetic
TXN001332,2026-05-05,"Vehicle vehicle registration fee - Kannan, Gour and Verma","Vehicle vehicle registration fee - Kannan, Gour and Verma",15687.94,28,2196.31,2196.31,0.0,"Kannan, Gour and Verma",27YPZKJ9816N3Z2,receipt,Motor Vehicle Expenses,motor_vehicle,Blocked,"Sec 17(5)(a) blocks ITC on motor vehicles for transport of persons (seating <=13) and related services, unless used for further supply, passenger transport, or driving training.",synthetic
TXN001853,2026-06-12,home travel concession booking - dixit-dugar,home travel concession booking - Dixit-Dugar,7255.25,5,181.38,181.38,0.0,Dixit-Dugar,,bank_statement_line,Employee Travel Benefits,employee_travel,Blocked,"Sec 17(5)(b)(iii) blocks ITC on travel benefits extended to employees (e.g. leave/home travel concession), unless obligatory under law.",synthetic
TXN002084,2026-03-03,Ravi and Sons - employee medical reimbursement,Ravi and Sons - employee medical reimbursement,63615.25,18,5725.37,5725.37,0.0,Ravi and Sons,27MSECR6568V7ZG,invoice,Employee Insurance/Reimbursements,employee_insurance,Blocked,Sec 17(5)(b) blocks ITC on health/life insurance for employees unless it is obligatory for the employer under any law for the time being in force.,synthetic
TXN001797,2026-05-23,"wellness center package - Mane, Goel and Shah","wellness center package - Mane, Goel and Shah",24556.98,18,2210.13,2210.13,0.0,"Mane, Goel and Shah",27SWXPH8574I2Z1,receipt,Club/Health/Fitness Memberships,club_membership,Blocked,"Sec 17(5)(b)(ii) blocks ITC on membership of a club, health, or fitness centre.",synthetic
TXN002224,2025-08-13,tak-d’alia - warehouse construction contract,Tak-D’Alia - warehouse construction contract,110957.68,18,0.0,0.0,19972.38,Tak-D’Alia,07RBAIJ7084S5Z7,invoice,Works Contract/Construction of Immovable Property,works_contract,Blocked,"Sec 17(5)(c)/(d) blocks ITC on works contract services and goods/services for construction of immovable property (other than plant & machinery), even when used for business.",synthetic
TXN000186,2025-08-01,mall-sama - yarn supply,Mall-Sama - yarn supply,144989.58,18,0.0,0.0,26098.12,Mall-Sama,,bank_statement_line,Purchase of Goods (Raw Material/Trading Stock),purchase_goods,Eligible,,synthetic
TXN001650,2024-11-27,"wellness center package - Bobal, Modi and Brahmbhatt","wellness center package - Bobal, Modi and Brahmbhatt",22699.25,18,0.0,0.0,4085.86,"Bobal, Modi and Brahmbhatt",33SQBRH6346A1Z1,invoice,Club/Health/Fitness Memberships,club_membership,Blocked,"Sec 17(5)(b)(ii) blocks ITC on membership of a club, health, or fitness centre.",synthetic
TXN000066,2026-06-12,pmt to roy-sibal for printed labels,Payment to Roy-Sibal for printed labels,141825.95,18,0.0,0.0,25528.67,Roy-Sibal,19IATEJ7588C7ZC,receipt,Purchase of Goods (Raw Material/Trading Stock),purchase_goods,Eligible,,synthetic
TXN000276,2024-06-29,purchse of industrial sewing machine - Varkey-Agarwal,Purchase of industrial sewing machine - Varkey-Agarwal,97690.9,18,8792.18,8792.18,0.0,Varkey-Agarwal,,bank_statement_line,Capital Goods,capital_goods,Eligible,,synthetic
TXN000630,2024-06-11,Lease rental to Kari-Behl for shop premises,Lease rental to Kari-Behl for shop premises,44868.04,18,4038.12,4038.12,0.0,Kari-Behl,,bank_statement_line,Rent/Lease of Business Premises,rent,Eligible,,synthetic
TXN001771,2026-11-27,gym membership - Seshadri-Bakshi,gym membership - Seshadri-Bakshi,21714.66,18,1954.32,1954.32,0.0,Seshadri-Bakshi,27EFMVR8733Z5ZV,receipt,Club/Health/Fitness Memberships,club_membership,Blocked,"Sec 17(5)(b)(ii) blocks ITC on membership of a club, health, or fitness centre.",synthetic
TXN000124,2024-11-11,purchse of packaging material from Bajwa Ltd,Purchase of packaging material from Bajwa Ltd,117640.45,18,10587.64,10587.64,0.0,Bajwa Ltd,24OJEPJ7220I3ZY,invoice,Purchase of Goods (Raw Material/Trading Stock),purchase_goods,Eligible,,synthetic
TXN002641,2026-02-22,"Dave, Bhattacharyya and Datta - staff salary pymt","Dave, Bhattacharyya and Datta - staff salary payment",40423.28,exempt,0.0,0.0,0.0,"Dave, Bhattacharyya and Datta",,bank_statement_line,Exempt/Non-GST Expense,exempt_non_gst,Not Applicable,,synthetic
TXN001940,2024-08-15,employee leave travel airfare - Gill-Lal,employee leave travel airfare - Gill-Lal,55236.3,5,0.0,0.0,2761.82,Gill-Lal,,bank_statement_line,Employee Travel Benefits,employee_travel,Blocked,"Sec 17(5)(b)(iii) blocks ITC on travel benefits extended to employees (e.g. leave/home travel concession), unless obligatory under law.",synthetic
TXN002405,2025-07-11,"PAYMENT RECEIVED FROM DARA, RAMESH AND PRAKASH FOR WHOLESALE SUPPLY","Payment received from Dara, Ramesh and Prakash for wholesale supply",237784.32,18,21400.59,21400.59,0.0,"Dara, Ramesh and Prakash",32OQYKY2278N2Z6,receipt,Sales/Outward Supply,sales_revenue,Not Applicable,,synthetic
TXN001563,2025-09-07,Catering pymt - Balakrishnan Inc,Catering payment - Balakrishnan Inc,12374.44,5,309.36,309.36,0.0,Balakrishnan Inc,,bank_statement_line,Food & Beverages/Outdoor Catering,food_catering,Blocked,"Sec 17(5)(b)(i) explicitly blocks ITC on food and beverages and outdoor catering, unless used to make an outward taxable supply of the same category or as part of a composite/mixed supply.",synthetic
TXN001958,2025-12-24,staff outing travel booking - Kumer Ltd,staff outing travel booking - Kumer Ltd,19076.38,5,0.0,0.0,953.82,Kumer Ltd,33OKHGD0191C5ZV,invoice,Employee Travel Benefits,employee_travel,Blocked,"Sec 17(5)(b)(iii) blocks ITC on travel benefits extended to employees (e.g. leave/home travel concession), unless obligatory under law.",synthetic
TXN000298,2025-12-29,"Purchase of CNC lathe - Khare, Rajagopal and Kaur","Purchase of CNC lathe - Khare, Rajagopal and Kaur",647122.21,18,58241.0,58241.0,0.0,"Khare, Rajagopal and Kaur",29IXOBA9030M3Z2,invoice,Capital Goods,capital_goods,Eligible,,synthetic
TXN002035,2026-04-16,"Barad, Gole and Tata - staff life insurance premium","Barad, Gole and Tata - staff life insurance premium",58711.39,18,5284.02,5284.02,0.0,"Barad, Gole and Tata",,bank_statement_line,Employee Insurance/Reimbursements,employee_insurance,Blocked,Sec 17(5)(b) blocks ITC on health/life insurance for employees unless it is obligatory for the employer under any law for the time being in force.,synthetic
TXN000440,2024-12-10,professional fees to randhawa llc for chartered accountant,Professional fees to Randhawa LLC for chartered accountant,28390.49,18,2555.14,2555.14,0.0,Randhawa LLC,36RSLMH1861D9ZZ,invoice,Input Services (Professional/Consulting/IT),input_services,Eligible,,synthetic
TXN001573,2026-03-20,Office staff lunch catering order - Acharya PLC,Office staff lunch catering order - Acharya PLC,5160.64,5,129.01,129.01,0.0,Acharya PLC,,bank_statement_line,Food & Beverages/Outdoor Catering,food_catering,Blocked,"Sec 17(5)(b)(i) explicitly blocks ITC on food and beverages and outdoor catering, unless used to make an outward taxable supply of the same category or as part of a composite/mixed supply.",synthetic
TXN001941,2026-09-12,"Employee home travel concession booking booking - Keer, Sundaram and Golla","Employee home travel concession booking booking - Keer, Sundaram and Golla",51438.01,5,1285.95,1285.95,0.0,"Keer, Sundaram and Golla",32FURND5319O4Z1,invoice,Employee Travel Benefits,employee_travel,Blocked,"Sec 17(5)(b)(iii) blocks ITC on travel benefits extended to employees (e.g. leave/home travel concession), unless obligatory under law.",synthetic
TXN001849,2026-04-23,"employee leave travel airfare - muni, bajaj and muni","employee leave travel airfare - Muni, Bajaj and Muni",37728.33,5,943.21,943.21,0.0,"Muni, Bajaj and Muni",,bank_statement_line,Employee Travel Benefits,employee_travel,Blocked,"Sec 17(5)(b)(iii) blocks ITC on travel benefits extended to employees (e.g. leave/home travel concession), unless obligatory under law.",synthetic
TXN001983,2026-07-31,staff outing travel booking - bobal plc,staff outing travel booking - Bobal PLC,27826.28,5,0.0,0.0,1391.31,Bobal PLC,23TBWRO2993Q3Z2,receipt,Employee Travel Benefits,employee_travel,Blocked,"Sec 17(5)(b)(iii) blocks ITC on travel benefits extended to employees (e.g. leave/home travel concession), unless obligatory under law.",synthetic
TXN000960,2025-02-12,Dugal PLC - telephone/mobile plan bill pymt,Dugal PLC - telephone/mobile plan bill payment,12012.2,18,1081.1,1081.1,0.0,Dugal PLC,,bank_statement_line,Utilities (Business Electricity/Internet),utilities,Eligible,,synthetic
TXN002412,2024-07-06,Sale invoice to Naidu-Bhakta,Sale invoice to Naidu-Bhakta,146643.7,18,13197.93,13197.93,0.0,Naidu-Bhakta,,bank_statement_line,Sales/Outward Supply,sales_revenue,Not Applicable,,synthetic
TXN002793,2026-06-07,baral-chand - professional tax payment,Baral-Chand - professional tax payment,35739.32,exempt,0.0,0.0,0.0,Baral-Chand,,bank_statement_line,Exempt/Non-GST Expense,exempt_non_gst,Not Applicable,,synthetic
TXN001663,2025-08-18,Sethi-Sem - Membership Fee,Sethi-Sem - Membership Fee,29032.87,18,2612.96,2612.96,0.0,Sethi-Sem,,bank_statement_line,Club/Health/Fitness Memberships,club_membership,Blocked,"Sec 17(5)(b)(ii) blocks ITC on membership of a club, health, or fitness centre.",synthetic
TXN000224,2024-05-08,industrial sewing machine installation invoice from Krishnamurthy-Kashyap,industrial sewing machine installation invoice from Krishnamurthy-Kashyap,649101.24,18,58419.11,58419.11,0.0,Krishnamurthy-Kashyap,36DEOOW1790Y8ZO,invoice,Capital Goods,capital_goods,Eligible,,synthetic
TXN002547,2026-03-14,"PAYMENT RECEIVED FROM SAMPATH, SARRAF AND SURI FOR RETAIL SALE","Payment received from Sampath, Sarraf and Suri for retail sale",28695.73,18,2582.61,2582.61,0.0,"Sampath, Sarraf and Suri",23WIAIZ3786M1ZO,receipt,Sales/Outward Supply,sales_revenue,Not Applicable,,synthetic
TXN001507,2026-12-28,"Office festival sweets order order - Tailor, Ahuja and Basak","Office festival sweets order order - Tailor, Ahuja and Basak",2502.95,5,62.58,62.58,0.0,"Tailor, Ahuja and Basak",,bank_statement_line,Food & Beverages/Outdoor Catering,food_catering,Blocked,"Sec 17(5)(b)(i) explicitly blocks ITC on food and beverages and outdoor catering, unless used to make an outward taxable supply of the same category or as part of a composite/mixed supply.",synthetic
TXN002578,2024-03-29,Sale inv to Korpal Ltd,Sale invoice to Korpal Ltd,180047.12,18,16204.24,16204.24,0.0,Korpal Ltd,09TYRZO8669A5Z5,receipt,Sales/Outward Supply,sales_revenue,Not Applicable,,synthetic
TXN002225,2025-05-24,Mander-Shan - warehouse construction contract,Mander-Shan - warehouse construction contract,235865.77,18,21227.92,21227.92,0.0,Mander-Shan,36MGTXW4977J4ZG,invoice,Works Contract/Construction of Immovable Property,works_contract,Blocked,"Sec 17(5)(c)/(d) blocks ITC on works contract services and goods/services for construction of immovable property (other than plant & machinery), even when used for business.",synthetic
TXN000226,2026-06-19,Wason Ltd - Capital Asset Purchase - CNC lathe,Wason Ltd - Capital Asset Purchase - CNC lathe,396045.87,18,35644.13,35644.13,0.0,Wason Ltd,,bank_statement_line,Capital Goods,capital_goods,Eligible,,synthetic
TXN000495,2024-06-02,professional fees to dyal llc for auditing services,Professional fees to Dyal LLC for auditing services,55948.61,18,5035.38,5035.38,0.0,Dyal LLC,33PSDBO7673V9Z6,invoice,Input Services (Professional/Consulting/IT),input_services,Eligible,,synthetic
TXN000746,2025-07-27,LEASE RENTAL TO WALLA-PARMER FOR WAREHOUSE SPACE,Lease rental to Walla-Parmer for warehouse space,8024.91,18,722.24,722.24,0.0,Walla-Parmer,27YYHJO1021N6ZE,invoice,Rent/Lease of Business Premises,rent,Eligible,,synthetic
TXN002531,2025-03-07,"sale invoice to bhasin, pradhan and lad","Sale invoice to Bhasin, Pradhan and Lad",106380.08,18,9574.2,9574.2,0.0,"Bhasin, Pradhan and Lad",24AEQYP0357Q2ZT,invoice,Sales/Outward Supply,sales_revenue,Not Applicable,,synthetic
TXN002671,2026-02-21,"Roy, Kaul and Anne - staff salary payment","Roy, Kaul and Anne - staff salary payment",38148.97,exempt,0.0,0.0,0.0,"Roy, Kaul and Anne",27QEICT8518X5ZQ,invoice,Exempt/Non-GST Expense,exempt_non_gst,Not Applicable,,synthetic
TXN000310,2025-06-25,"Purchase of office desktop computers - Banik, Biswas and Keer","Purchase of office desktop computers - Banik, Biswas and Keer",45810.61,18,0.0,0.0,8245.91,"Banik, Biswas and Keer",32YEMZU2462X6ZD,invoice,Capital Goods,capital_goods,Eligible,,synthetic
TXN001746,2025-02-04,club membership renewal - Bal LLC,club membership renewal - Bal LLC,16424.37,18,1478.19,1478.19,0.0,Bal LLC,,bank_statement_line,Club/Health/Fitness Memberships,club_membership,Blocked,"Sec 17(5)(b)(ii) blocks ITC on membership of a club, health, or fitness centre.",synthetic
TXN000648,2025-05-16,lease rental to mannan inc for shop premises,Lease rental to Mannan Inc for shop premises,30813.42,18,2773.21,2773.21,0.0,Mannan Inc,,bank_statement_line,Rent/Lease of Business Premises,rent,Eligible,,synthetic
TXN001228,2026-10-06,Salvi-Chaudhuri - car repair,Salvi-Chaudhuri - car repair,3937.28,28,551.22,551.22,0.0,Salvi-Chaudhuri,29ASKHG6179X3ZI,invoice,Motor Vehicle Expenses,motor_vehicle,Blocked,"Sec 17(5)(a) blocks ITC on motor vehicles for transport of persons (seating <=13) and related services, unless used for further supply, passenger transport, or driving training.",synthetic
TXN000773,2024-09-12,"Krishnan, Pandya and Loke - Shop Rent pymt","Krishnan, Pandya and Loke - Shop Rent Payment",32539.69,18,2928.57,2928.57,0.0,"Krishnan, Pandya and Loke",33APTEZ3501S5Z5,invoice,Rent/Lease of Business Premises,rent,Eligible,,synthetic
TXN001322,2024-10-06,pmt to Sen-Goel for fuel purchase,Payment to Sen-Goel for fuel purchase,14639.91,28,0.0,0.0,4099.17,Sen-Goel,,bank_statement_line,Motor Vehicle Expenses,motor_vehicle,Blocked,"Sec 17(5)(a) blocks ITC on motor vehicles for transport of persons (seating <=13) and related services, unless used for further supply, passenger transport, or driving training.",synthetic
TXN001598,2026-04-13,Catering payment - Buch-Dhingra,Catering payment - Buch-Dhingra,17609.78,5,440.25,440.25,0.0,Buch-Dhingra,,bank_statement_line,Food & Beverages/Outdoor Catering,food_catering,Blocked,"Sec 17(5)(b)(i) explicitly blocks ITC on food and beverages and outdoor catering, unless used to make an outward taxable supply of the same category or as part of a composite/mixed supply.",synthetic
TXN000940,2025-05-08,electricity charges - Murty-Dey,electricity charges - Murty-Dey,2053.72,18,184.84,184.84,0.0,Murty-Dey,,bank_statement_line,Utilities (Business Electricity/Internet),utilities,Eligible,,synthetic
TXN001299,2024-06-12,PYMT TO RAO-OZA FOR CAR SERVICING,Payment to Rao-Oza for car servicing,42628.68,28,5968.02,5968.02,0.0,Rao-Oza,23YBYFL8338G2ZP,invoice,Motor Vehicle Expenses,motor_vehicle,Blocked,"Sec 17(5)(a) blocks ITC on motor vehicles for transport of persons (seating <=13) and related services, unless used for further supply, passenger transport, or driving training.",synthetic
TXN002752,2024-11-14,"Lal, Anand and Mistry - municipal tax payment","Lal, Anand and Mistry - municipal tax payment",11657.51,exempt,0.0,0.0,0.0,"Lal, Anand and Mistry",27RVFLH8373A1ZE,receipt,Exempt/Non-GST Expense,exempt_non_gst,Not Applicable,,synthetic
TXN002779,2026-05-17,government license fee payment,government license fee payment,17322.24,exempt,0.0,0.0,0.0,"Viswanathan, Boase and Sha",33LZHFS0646B7ZS,receipt,Exempt/Non-GST Expense,exempt_non_gst,Not Applicable,,synthetic
TXN002193,2025-08-28,"Patil, Dewan and Sathe - employee group health insurance","Patil, Dewan and Sathe - employee group health insurance",89306.52,18,0.0,0.0,16075.17,"Patil, Dewan and Sathe",32UFDLR9302V4Z9,invoice,Employee Insurance/Reimbursements,employee_insurance,Blocked,Sec 17(5)(b) blocks ITC on health/life insurance for employees unless it is obligatory for the employer under any law for the time being in force.,synthetic
TXN002627,2026-09-18,PANDIT GROUP - STAFF SALARY PAYMENT,Pandit Group - staff salary payment,49312.7,exempt,0.0,0.0,0.0,Pandit Group,32NSGQG7497K3ZL,invoice,Exempt/Non-GST Expense,exempt_non_gst,Not Applicable,,synthetic
TXN001956,2025-08-30,"Employee home travel concession booking booking - Pandya, Sankaran and Mahajan","Employee home travel concession booking booking - Pandya, Sankaran and Mahajan",4169.18,5,104.23,104.23,0.0,"Pandya, Sankaran and Mahajan",07FSVJU7482Y2ZV,receipt,Employee Travel Benefits,employee_travel,Blocked,"Sec 17(5)(b)(iii) blocks ITC on travel benefits extended to employees (e.g. leave/home travel concession), unless obligatory under law.",synthetic
TXN002438,2025-03-01,"Bumb, Thakur and Babu - Sales invc","Bumb, Thakur and Babu - Sales Invoice",173749.77,18,0.0,0.0,31274.96,"Bumb, Thakur and Babu",33XHMJI9529H4ZS,receipt,Sales/Outward Supply,sales_revenue,Not Applicable,,synthetic
TXN002384,2026-08-30,Dada-Munshi - building repair works contract,Dada-Munshi - building repair works contract,773656.9,18,0.0,0.0,139258.24,Dada-Munshi,07ALFAR2055A2Z1,receipt,Works Contract/Construction of Immovable Property,works_contract,Blocked,"Sec 17(5)(c)/(d) blocks ITC on works contract services and goods/services for construction of immovable property (other than plant & machinery), even when used for business.",synthetic
TXN002413,2024-11-18,"pymt received from Bobal, Raj and Chanda for finished goods","Payment received from Bobal, Raj and Chanda for finished goods",433537.62,18,0.0,0.0,78036.77,"Bobal, Raj and Chanda",23IUGUJ1710G4Z7,receipt,Sales/Outward Supply,sales_revenue,Not Applicable,,synthetic
TXN002494,2024-06-06,paymnt received from Choudhry-Cherian for retail sale,Payment received from Choudhry-Cherian for retail sale,85566.64,18,7701.0,7701.0,0.0,Choudhry-Cherian,07IRDEA3738H1ZZ,invoice,Sales/Outward Supply,sales_revenue,Not Applicable,,synthetic
TXN001488,2025-04-09,OAK-DADA - FESTIVAL SWEETS ORDER,Oak-Dada - festival sweets order,10772.77,5,269.32,269.32,0.0,Oak-Dada,07FICFA2048F8ZT,invoice,Food & Beverages/Outdoor Catering,food_catering,Blocked,"Sec 17(5)(b)(i) explicitly blocks ITC on food and beverages and outdoor catering, unless used to make an outward taxable supply of the same category or as part of a composite/mixed supply.",synthetic
TXN001601,2026-09-08,Krishna Group - Membership Fee,Krishna Group - Membership Fee,45320.19,18,0.0,0.0,8157.63,Krishna Group,,bank_statement_line,Club/Health/Fitness Memberships,club_membership,Blocked,"Sec 17(5)(b)(ii) blocks ITC on membership of a club, health, or fitness centre.",synthetic
TXN002676,2026-06-26,Arora PLC - professional tax paymnt,Arora PLC - professional tax payment,10913.76,exempt,0.0,0.0,0.0,Arora PLC,19ERXVW1693S1Z3,invoice,Exempt/Non-GST Expense,exempt_non_gst,Not Applicable,,synthetic
TXN002204,2025-06-24,Construction  pymt - Kulkarni Inc for warehouse construction contract,Construction payment - Kulkarni Inc for warehouse construction contract,265477.68,18,0.0,0.0,47785.98,Kulkarni Inc,33HUIJH4299O2Z4,invoice,Works Contract/Construction of Immovable Property,works_contract,Blocked,"Sec 17(5)(c)/(d) blocks ITC on works contract services and goods/services for construction of immovable property (other than plant & machinery), even when used for business.",synthetic
TXN000713,2024-09-29,Dubey-Majumdar - Shop Rent Payment,Dubey-Majumdar - Shop Rent Payment,50643.58,18,4557.92,4557.92,0.0,Dubey-Majumdar,,bank_statement_line,Rent/Lease of Business Premises,rent,Eligible,,synthetic
TXN000458,2026-12-22,Professional fees to Barman-Sengupta for website maintenance,Professional fees to Barman-Sengupta for website maintenance,59967.26,18,0.0,0.0,10794.11,Barman-Sengupta,09JBJIC4678E1ZH,receipt,Input Services (Professional/Consulting/IT),input_services,Eligible,,synthetic
TXN001920,2025-10-11,employee leave travel airfare - subramanian ltd,employee leave travel airfare - Subramanian Ltd,20419.71,5,510.5,510.5,0.0,Subramanian Ltd,,bank_statement_line,Employee Travel Benefits,employee_travel,Blocked,"Sec 17(5)(b)(iii) blocks ITC on travel benefits extended to employees (e.g. leave/home travel concession), unless obligatory under law.",synthetic
TXN000378,2025-11-04,"bhatt,  soni and sen - capital asset purchase - industrial sewing machine","Bhatt, Soni and Sen - Capital Asset Purchase - industrial sewing machine",697175.03,18,62745.75,62745.75,0.0,"Bhatt, Soni and Sen",36VORFZ0719H8ZG,invoice,Capital Goods,capital_goods,Eligible,,synthetic
TXN002600,2025-11-07,Payment received from Reddy Ltd for retail sale,Payment received from Reddy Ltd for retail sale,56890.69,18,0.0,0.0,10240.32,Reddy Ltd,,bank_statement_line,Sales/Outward Supply,sales_revenue,Not Applicable,,synthetic
TXN001644,2026-07-31,"Kunda, Bawa and Peri - Membership Fee","Kunda, Bawa and Peri - Membership Fee",46272.44,18,4164.52,4164.52,0.0,"Kunda, Bawa and Peri",33NXZVZ4012V4ZK,receipt,Club/Health/Fitness Memberships,club_membership,Blocked,"Sec 17(5)(b)(ii) blocks ITC on membership of a club, health, or fitness centre.",synthetic
TXN001411,2025-06-18,Baral  Ltd - client meeting refreshments,Baral Ltd - client meeting refreshments,13985.03,5,349.62,349.62,0.0,Baral Ltd,,bank_statement_line,Food & Beverages/Outdoor Catering,food_catering,Blocked,"Sec 17(5)(b)(i) explicitly blocks ITC on food and beverages and outdoor catering, unless used to make an outward taxable supply of the same category or as part of a composite/mixed supply.",synthetic
TXN000266,2026-01-07,Purchase of CNC lathe - Baria-Gill,Purchase of CNC lathe - Baria-Gill,436442.37,18,39279.82,39279.82,0.0,Baria-Gill,24OZVKQ8325M9ZQ,receipt,Capital Goods,capital_goods,Eligible,,synthetic
TXN001845,2024-02-03,staff outing travel booking - Ram-Vig,staff outing travel booking - Ram-Vig,31106.47,5,777.66,777.66,0.0,Ram-Vig,33WGFCN8798R6ZU,receipt,Employee Travel Benefits,employee_travel,Blocked,"Sec 17(5)(b)(iii) blocks ITC on travel benefits extended to employees (e.g. leave/home travel concession), unless obligatory under law.",synthetic
TXN002112,2026-01-25,employee group health insurance premium payment - Gulati-Bhatnagar,employee group health insurance premium payment - Gulati-Bhatnagar,58145.51,18,0.0,0.0,10466.19,Gulati-Bhatnagar,23GODTR8228B9ZO,receipt,Employee Insurance/Reimbursements,employee_insurance,Blocked,Sec 17(5)(b) blocks ITC on health/life insurance for employees unless it is obligatory for the employer under any law for the time being in force.,synthetic
TXN000556,2025-08-23,Grewal Group - website maintenance srvcs inv,Grewal Group - website maintenance services invoice,31220.2,18,2809.82,2809.82,0.0,Grewal Group,,bank_statement_line,Input Services (Professional/Consulting/IT),input_services,Eligible,,synthetic
TXN000759,2026-06-29,"SURESH, GOUR AND BHARGAVA - SHOP RENT PAYMENT","Suresh, Gour and Bhargava - Shop Rent Payment",47259.31,18,4253.34,4253.34,0.0,"Suresh, Gour and Bhargava",07MGKTR1332V8ZO,invoice,Rent/Lease of Business Premises,rent,Eligible,,synthetic
TXN001147,2026-02-04,Varma and Sons - Bank chgs,Varma and Sons - Bank Charges,3873.4,18,0.0,0.0,697.21,Varma and Sons,33VSLQV4163G8ZQ,invoice,Bank Charges/Financial Services,bank_charges,Eligible,,synthetic
TXN001549,2024-02-18,"LOKE, RANA AND MADAN - CLIENT MEETING REFRESHMENTS","Loke, Rana and Madan - client meeting refreshments",11232.75,5,280.82,280.82,0.0,"Loke, Rana and Madan",09CHMDW1613J6ZU,invoice,Food & Beverages/Outdoor Catering,food_catering,Blocked,"Sec 17(5)(b)(i) explicitly blocks ITC on food and beverages and outdoor catering, unless used to make an outward taxable supply of the same category or as part of a composite/mixed supply.",synthetic
TXN002016,2024-06-22,"bedi, mohanty and chatterjee - staff life insurance premium","Bedi, Mohanty and Chatterjee - staff life insurance premium",20531.46,18,1847.83,1847.83,0.0,"Bedi, Mohanty and Chatterjee",,bank_statement_line,Employee Insurance/Reimbursements,employee_insurance,Blocked,Sec 17(5)(b) blocks ITC on health/life insurance for employees unless it is obligatory for the employer under any law for the time being in force.,synthetic
TXN000653,2025-01-31,Khatri and Sons - Shop Rent paymnt,Khatri and Sons - Shop Rent Payment,97905.07,18,0.0,0.0,17622.91,Khatri and Sons,27IZMEB4394U9ZL,receipt,Rent/Lease of Business Premises,rent,Eligible,,synthetic
TXN002525,2026-08-17,"zachariah,  mander and kala - sales invoice","Zachariah, Mander and Kala - Sales Invoice",383202.7,18,34488.25,34488.25,0.0,"Zachariah, Mander and Kala",,bank_statement_line,Sales/Outward Supply,sales_revenue,Not Applicable,,synthetic
TXN002086,2025-01-30,"Bobal, Rajan and Natarajan - staff life insurance premium","Bobal, Rajan and Natarajan - staff life insurance premium",52362.44,18,0.0,0.0,9425.24,"Bobal, Rajan and Natarajan",19PRBWA5066R6ZX,invoice,Employee Insurance/Reimbursements,employee_insurance,Blocked,Sec 17(5)(b) blocks ITC on health/life insurance for employees unless it is obligatory for the employer under any law for the time being in force.,synthetic
TXN001379,2025-02-05,"paymnt to Sur, Narayanan and Parikh for fuel purchase","Payment to Sur, Narayanan and Parikh for fuel purchase",18123.54,28,0.0,0.0,5074.59,"Sur, Narayanan and Parikh",24UJSPN4180G5ZL,receipt,Motor Vehicle Expenses,motor_vehicle,Blocked,"Sec 17(5)(a) blocks ITC on motor vehicles for transport of persons (seating <=13) and related services, unless used for further supply, passenger transport, or driving training.",synthetic
TXN002289,2024-05-22,Mittal  PLC - building repair works contract,Mittal PLC - building repair works contract,978972.57,18,88107.53,88107.53,0.0,Mittal PLC,09VLDVW2286E6Z8,invoice,Works Contract/Construction of Immovable Property,works_contract,Blocked,"Sec 17(5)(c)/(d) blocks ITC on works contract services and goods/services for construction of immovable property (other than plant & machinery), even when used for business.",synthetic
TXN001431,2025-03-02,"Ravi, Bahl and Mander - office tea/coffee supplies","Ravi, Bahl and Mander - office tea/coffee supplies",11273.9,5,281.85,281.85,0.0,"Ravi, Bahl and Mander",07IJAVA0745T6ZF,receipt,Food & Beverages/Outdoor Catering,food_catering,Blocked,"Sec 17(5)(b)(i) explicitly blocks ITC on food and beverages and outdoor catering, unless used to make an outward taxable supply of the same category or as part of a composite/mixed supply.",synthetic
TXN001694,2026-09-03,kibe inc - membership fee,Kibe Inc - Membership Fee,15747.06,18,0.0,0.0,2834.47,Kibe Inc,09IDMJH7554S5Z5,receipt,Club/Health/Fitness Memberships,club_membership,Blocked,"Sec 17(5)(b)(ii) blocks ITC on membership of a club, health, or fitness centre.",synthetic
TXN001832,2025-03-27,staff outing travel booking - Dada LLC,staff outing travel booking - Dada LLC,53607.77,5,1340.19,1340.19,0.0,Dada LLC,33ZVRUV0558X2ZB,invoice,Employee Travel Benefits,employee_travel,Blocked,"Sec 17(5)(b)(iii) blocks ITC on travel benefits extended to employees (e.g. leave/home travel concession), unless obligatory under law.",synthetic
TXN001634,2024-03-22,"wellness center package - Khare, Nagi and Bhatnagar","wellness center package - Khare, Nagi and Bhatnagar",49782.35,18,4480.41,4480.41,0.0,"Khare, Nagi and Bhatnagar",33BJODR0671I9ZA,invoice,Club/Health/Fitness Memberships,club_membership,Blocked,"Sec 17(5)(b)(ii) blocks ITC on membership of a club, health, or fitness centre.",synthetic
TXN001912,2025-04-25,home travel concession booking - Devan Ltd,home travel concession booking - Devan Ltd,45740.45,5,1143.51,1143.51,0.0,Devan Ltd,33YDPTH1563N1ZI,invoice,Employee Travel Benefits,employee_travel,Blocked,"Sec 17(5)(b)(iii) blocks ITC on travel benefits extended to employees (e.g. leave/home travel concession), unless obligatory under law.",synthetic
TXN000528,2025-10-12,PROFESSIONAL  FEES TO BASSI AND SONS FOR AUDITING SRVCS,Professional fees to Bassi and Sons for auditing services,47640.1,18,0.0,0.0,8575.22,Bassi and Sons,,bank_statement_line,Input Services (Professional/Consulting/IT),input_services,Eligible,,synthetic
TXN000100,2026-03-19,"Mistry, Chawla and Desai - raw plastic pellets supply","Mistry, Chawla and Desai - raw plastic pellets supply",43524.51,18,3917.2,3917.2,0.0,"Mistry, Chawla and Desai",,bank_statement_line,Purchase of Goods (Raw Material/Trading Stock),purchase_goods,Eligible,,synthetic
TXN001225,2024-11-22,Sawhney-Rai - vehicle registration fee,Sawhney-Rai - vehicle registration fee,9709.14,28,1359.28,1359.28,0.0,Sawhney-Rai,24GEKUZ3862O8ZP,invoice,Motor Vehicle Expenses,motor_vehicle,Blocked,"Sec 17(5)(a) blocks ITC on motor vehicles for transport of persons (seating <=13) and related services, unless used for further supply, passenger transport, or driving training.",synthetic
TXN002787,2024-03-03,MUNICIPAL TAX PAYMNT PAYMENT,municipal tax payment payment,16083.44,exempt,0.0,0.0,0.0,"Soman, Dutt and Mukherjee",,bank_statement_line,Exempt/Non-GST Expense,exempt_non_gst,Not Applicable,,synthetic
TXN001099,2026-10-12,Ramaswamy  PLC - Bank chgs,Ramaswamy PLC - Bank Charges,4002.72,18,360.25,360.25,0.0,Ramaswamy PLC,29EUREC2857P2ZY,receipt,Bank Charges/Financial Services,bank_charges,Eligible,,synthetic
TXN001502,2025-01-22,"Office office tea/coffee supplies order - Iyengar, Keer and Khurana","Office office tea/coffee supplies order - Iyengar, Keer and Khurana",1872.33,5,46.81,46.81,0.0,"Iyengar, Keer and Khurana",09OUSDW7397E9ZP,receipt,Food & Beverages/Outdoor Catering,food_catering,Blocked,"Sec 17(5)(b)(i) explicitly blocks ITC on food and beverages and outdoor catering, unless used to make an outward taxable supply of the same category or as part of a composite/mixed supply.",synthetic
TXN000988,2024-10-02,water supply chgs - Mandal-Mukhopadhyay,water supply charges - Mandal-Mukhopadhyay,1024.58,18,0.0,0.0,184.42,Mandal-Mukhopadhyay,07RPEFK0634E3ZY,receipt,Utilities (Business Electricity/Internet),utilities,Eligible,,synthetic
TXN001103,2024-08-17,"Srinivasan, Iyengar and Chatterjee - account maintenance charge","Srinivasan, Iyengar and Chatterjee - account maintenance charge",1162.01,18,104.58,104.58,0.0,"Srinivasan, Iyengar and Chatterjee",29QPHOZ6236S9ZW,receipt,Bank Charges/Financial Services,bank_charges,Eligible,,synthetic
TXN000909,2026-04-21,Agate-Chander - electricity bill paymnt,Agate-Chander - electricity bill payment,12536.9,18,0.0,0.0,2256.64,Agate-Chander,32NMFBM4146X5ZG,receipt,Utilities (Business Electricity/Internet),utilities,Eligible,,synthetic
TXN002625,2024-11-19,PROFESSIONAL TAX PYMT PAYMENT,professional tax payment payment,7576.21,exempt,0.0,0.0,0.0,Brahmbhatt PLC,19LEVFE1475I6ZQ,receipt,Exempt/Non-GST Expense,exempt_non_gst,Not Applicable,,synthetic
TXN001623,2024-10-22,"gym membership - hans, bail and purohit","gym membership - Hans, Bail and Purohit",25649.2,18,2308.43,2308.43,0.0,"Hans, Bail and Purohit",27ISKNU0863P6ZE,receipt,Club/Health/Fitness Memberships,club_membership,Blocked,"Sec 17(5)(b)(ii) blocks ITC on membership of a club, health, or fitness centre.",synthetic
TXN002074,2025-03-08,Baria Group - staff life insurance premium,Baria Group - staff life insurance premium,60305.96,18,5427.53,5427.53,0.0,Baria Group,27IBVYN4158D9ZI,receipt,Employee Insurance/Reimbursements,employee_insurance,Blocked,Sec 17(5)(b) blocks ITC on health/life insurance for employees unless it is obligatory for the employer under any law for the time being in force.,synthetic
TXN000231,2026-02-07,purchse of 3-phase motor - mittal inc,Purchase of 3-phase motor - Mittal Inc,25548.98,18,2299.41,2299.41,0.0,Mittal Inc,,bank_statement_line,Capital Goods,capital_goods,Eligible,,synthetic
TXN000059,2024-02-22,"pmt to bhargava, karnik and bir for raw cotton","Payment to Bhargava, Karnik and Bir for raw cotton",10757.22,18,0.0,0.0,1936.3,"Bhargava, Karnik and Bir",32FWIDX0811I3ZH,invoice,Purchase of Goods (Raw Material/Trading Stock),purchase_goods,Eligible,,synthetic
TXN002683,2024-09-02,professional tax payment payment,professional tax payment payment,31436.06,exempt,0.0,0.0,0.0,"Parmar, Mukhopadhyay and Dhingra",,bank_statement_line,Exempt/Non-GST Expense,exempt_non_gst,Not Applicable,,synthetic
TXN001102,2025-03-02,Menon Ltd - Bank Charges,Menon Ltd - Bank Charges,2398.58,18,215.87,215.87,0.0,Menon Ltd,,bank_statement_line,Bank Charges/Financial Services,bank_charges,Eligible,,synthetic
TXN002270,2024-09-10,"construction payment - muni, chad and bhatti for flooring and fixtures work","Construction payment - Muni, Chad and Bhatti for flooring and fixtures work",296795.16,18,0.0,0.0,53423.13,"Muni, Chad and Bhatti",33QYTTM6503B2ZV,receipt,Works Contract/Construction of Immovable Property,works_contract,Blocked,"Sec 17(5)(c)/(d) blocks ITC on works contract services and goods/services for construction of immovable property (other than plant & machinery), even when used for business.",synthetic
TXN000080,2025-11-11,"payment to sur, dubey and gupta for yarn","Payment to Sur, Dubey and Gupta for yarn",52047.97,18,0.0,0.0,9368.63,"Sur, Dubey and Gupta",,bank_statement_line,Purchase of Goods (Raw Material/Trading Stock),purchase_goods,Eligible,,synthetic
TXN000679,2025-07-11,monthly rent - mittal-apte,Monthly rent - Mittal-Apte,49801.8,18,4482.16,4482.16,0.0,Mittal-Apte,,bank_statement_line,Rent/Lease of Business Premises,rent,Eligible,,synthetic
TXN001566,2026-06-28,"Office staff lunch catering order - Saxena, Deshmukh and Zacharia","Office staff lunch catering order - Saxena, Deshmukh and Zacharia",701.99,5,17.55,17.55,0.0,"Saxena, Deshmukh and Zacharia",23ABMYW6395Z4ZC,receipt,Food & Beverages/Outdoor Catering,food_catering,Blocked,"Sec 17(5)(b)(i) explicitly blocks ITC on food and beverages and outdoor catering, unless used to make an outward taxable supply of the same category or as part of a composite/mixed supply.",synthetic
TXN000964,2025-06-08,broadband internet charges - d’alia-setty,broadband internet charges - D’Alia-Setty,11017.62,18,991.59,991.59,0.0,D’Alia-Setty,24BJOPF1429Z6Z2,receipt,Utilities (Business Electricity/Internet),utilities,Eligible,,synthetic
TXN000724,2025-11-08,LEASE RENTAL TO MITAL-MAHARAJ FOR SHOP PREMISES,Lease rental to Mital-Maharaj for shop premises,78109.83,18,7029.89,7029.89,0.0,Mital-Maharaj,24BOGCB7739C3Z3,invoice,Rent/Lease of Business Premises,rent,Eligible,,synthetic
TXN000230,2026-09-04,Karan-Patel - Capital Asset purch - packing machine,Karan-Patel - Capital Asset Purchase - packing machine,427194.5,18,38447.5,38447.5,0.0,Karan-Patel,36LYMTJ8985N3ZQ,invoice,Capital Goods,capital_goods,Eligible,,synthetic
TXN002233,2025-07-06,CHAUDRY-GANGULY - FLOORING AND FIXTURES WORK,Chaudry-Ganguly - flooring and fixtures work,145755.11,18,13117.96,13117.96,0.0,Chaudry-Ganguly,19ZJDMU3846E5Z1,invoice,Works Contract/Construction of Immovable Property,works_contract,Blocked,"Sec 17(5)(c)/(d) blocks ITC on works contract services and goods/services for construction of immovable property (other than plant & machinery), even when used for business.",synthetic
TXN001509,2025-11-22,MAHARAJ-SWAMINATHAN - STAFF LUNCH CATERING,Maharaj-Swaminathan - staff lunch catering,19865.94,5,496.65,496.65,0.0,Maharaj-Swaminathan,23JRJID5416G5Z6,receipt,Food & Beverages/Outdoor Catering,food_catering,Blocked,"Sec 17(5)(b)(i) explicitly blocks ITC on food and beverages and outdoor catering, unless used to make an outward taxable supply of the same category or as part of a composite/mixed supply.",synthetic
TXN002340,2026-08-18,"Lal, Toor and Bhatti - building repair works contract","Lal, Toor and Bhatti - building repair works contract",646134.99,18,0.0,0.0,116304.3,"Lal, Toor and Bhatti",07LKIOR1821S7ZP,invoice,Works Contract/Construction of Immovable Property,works_contract,Blocked,"Sec 17(5)(c)/(d) blocks ITC on works contract services and goods/services for construction of immovable property (other than plant & machinery), even when used for business.",synthetic
TXN001281,2024-04-04,"Patla, Sethi and Comar - fuel purch","Patla, Sethi and Comar - fuel purchase",7421.99,28,1039.08,1039.08,0.0,"Patla, Sethi and Comar",,bank_statement_line,Motor Vehicle Expenses,motor_vehicle,Blocked,"Sec 17(5)(a) blocks ITC on motor vehicles for transport of persons (seating <=13) and related services, unless used for further supply, passenger transport, or driving training.",synthetic
TXN000349,2024-01-29,Kaur Group - Capital Asset purch - industrial sewing machine,Kaur Group - Capital Asset Purchase - industrial sewing machine,180212.93,18,0.0,0.0,32438.33,Kaur Group,24ADTHP3876Q2ZG,invoice,Capital Goods,capital_goods,Eligible,,synthetic
TXN001077,2024-10-08,"Brahmbhatt, Khanna and Palan - cheque bounce fee","Brahmbhatt, Khanna and Palan - cheque bounce fee",4128.23,18,0.0,0.0,743.08,"Brahmbhatt, Khanna and Palan",32JNYTV0145X9ZE,receipt,Bank Charges/Financial Services,bank_charges,Eligible,,synthetic
TXN001189,2024-02-03,Lad-Menon - loan processing fee,Lad-Menon - loan processing fee,3783.36,18,340.5,340.5,0.0,Lad-Menon,33VXIJF7276O6ZR,receipt,Bank Charges/Financial Services,bank_charges,Eligible,,synthetic
TXN002710,2024-04-28,professional tax payment paymnt,professional tax payment payment,30656.66,exempt,0.0,0.0,0.0,Bail Ltd,09GGOJP5772L5ZK,invoice,Exempt/Non-GST Expense,exempt_non_gst,Not Applicable,,synthetic
TXN002502,2025-08-08,Sarna Group - Sales Invoice,Sarna Group - Sales Invoice,117434.24,18,10569.08,10569.08,0.0,Sarna Group,32IJQMK5862X8ZY,invoice,Sales/Outward Supply,sales_revenue,Not Applicable,,synthetic
TXN002496,2026-06-17,ganesh ltd - sales invc,Ganesh Ltd - Sales Invoice,278715.43,18,0.0,0.0,50168.78,Ganesh Ltd,,bank_statement_line,Sales/Outward Supply,sales_revenue,Not Applicable,,synthetic
TXN002331,2026-12-24,"Dara, Warrior and Khalsa - warehouse construction contract","Dara, Warrior and Khalsa - warehouse construction contract",845358.46,18,76082.26,76082.26,0.0,"Dara, Warrior and Khalsa",09NALIC5361A4ZF,invoice,Works Contract/Construction of Immovable Property,works_contract,Blocked,"Sec 17(5)(c)/(d) blocks ITC on works contract services and goods/services for construction of immovable property (other than plant & machinery), even when used for business.",synthetic
TXN000153,2024-11-14,"PURCHASE OF RAW COTTON FROM HAYER, RAJAGOPALAN AND TALWAR","Purchase of raw cotton from Hayer, Rajagopalan and Talwar",138425.6,18,0.0,0.0,24916.61,"Hayer, Rajagopalan and Talwar",36HSTLK6510C9ZN,receipt,Purchase of Goods (Raw Material/Trading Stock),purchase_goods,Eligible,,synthetic
TXN000132,2026-03-29,VAIDYA-D’ALIA - PACKAGING MATERIAL SUPPLY,Vaidya-D’Alia - packaging material supply,99871.74,18,8988.45,8988.45,0.0,Vaidya-D’Alia,,bank_statement_line,Purchase of Goods (Raw Material/Trading Stock),purchase_goods,Eligible,,synthetic
TXN001051,2026-02-10,Lata PLC - account maintenance charge,Lata PLC - account maintenance charge,2330.19,18,209.72,209.72,0.0,Lata PLC,24ZKWQO2616W3ZZ,invoice,Bank Charges/Financial Services,bank_charges,Eligible,,synthetic
TXN000969,2024-03-06,"Lad, Ganesan and Prabhu - broadband internet bill pmt","Lad, Ganesan and Prabhu - broadband internet bill payment",14448.69,18,1300.38,1300.38,0.0,"Lad, Ganesan and Prabhu",27CCFSE8966I8ZV,receipt,Utilities (Business Electricity/Internet),utilities,Eligible,,synthetic
TXN002446,2026-07-29,Saraf PLC - Sales invc,Saraf PLC - Sales Invoice,237623.66,18,21386.13,21386.13,0.0,Saraf PLC,09BLQML5601D1ZD,invoice,Sales/Outward Supply,sales_revenue,Not Applicable,,synthetic
TXN001316,2024-12-22,"Kapur, Ramachandran and Khanna - vehicle insurance premium","Kapur, Ramachandran and Khanna - vehicle insurance premium",735.99,28,103.04,103.04,0.0,"Kapur, Ramachandran and Khanna",23SISIY3153J1ZY,invoice,Motor Vehicle Expenses,motor_vehicle,Blocked,"Sec 17(5)(a) blocks ITC on motor vehicles for transport of persons (seating <=13) and related services, unless used for further supply, passenger transport, or driving training.",synthetic
TXN002114,2024-10-17,"Nayak, Sabharwal and Oza - employee group health insurance","Nayak, Sabharwal and Oza - employee group health insurance",22026.02,18,1982.34,1982.34,0.0,"Nayak, Sabharwal and Oza",,bank_statement_line,Employee Insurance/Reimbursements,employee_insurance,Blocked,Sec 17(5)(b) blocks ITC on health/life insurance for employees unless it is obligatory for the employer under any law for the time being in force.,synthetic
TXN000192,2024-02-06,Khare and Sons - printed labels supply,Khare and Sons - printed labels supply,24186.05,18,0.0,0.0,4353.49,Khare and Sons,33PQKZJ0130K9ZM,invoice,Purchase of Goods (Raw Material/Trading Stock),purchase_goods,Eligible,,synthetic
TXN000840,2024-06-22,broadband internet charges - Cherian-Anne,broadband internet charges - Cherian-Anne,3279.24,18,0.0,0.0,590.26,Cherian-Anne,,bank_statement_line,Utilities (Business Electricity/Internet),utilities,Eligible,,synthetic
TXN000360,2025-08-11,office desktop computers installation invoice from Prabhakar and Sons,office desktop computers installation invoice from Prabhakar and Sons,633976.69,18,0.0,0.0,114115.8,Prabhakar and Sons,,bank_statement_line,Capital Goods,capital_goods,Eligible,,synthetic
TXN002274,2025-06-14,"Sami, Varma and Sama - shop renovation works","Sami, Varma and Sama - shop renovation works",557701.38,18,50193.12,50193.12,0.0,"Sami, Varma and Sama",,bank_statement_line,Works Contract/Construction of Immovable Property,works_contract,Blocked,"Sec 17(5)(c)/(d) blocks ITC on works contract services and goods/services for construction of immovable property (other than plant & machinery), even when used for business.",synthetic
TXN002656,2024-07-07,Narayan LLC - staff salary payment,Narayan LLC - staff salary payment,12472.68,exempt,0.0,0.0,0.0,Narayan LLC,07YSBTV9171D9ZK,receipt,Exempt/Non-GST Expense,exempt_non_gst,Not Applicable,,synthetic
TXN000527,2025-09-21,Professional fees to Bansal-Memon for legal consultation,Professional fees to Bansal-Memon for legal consultation,12538.05,18,1128.42,1128.42,0.0,Bansal-Memon,24ZXKVS7032J5ZQ,invoice,Input Services (Professional/Consulting/IT),input_services,Eligible,,synthetic
TXN001796,2024-10-30,club membership renewal - Gokhale-Edwin,club membership renewal - Gokhale-Edwin,35985.89,18,3238.73,3238.73,0.0,Gokhale-Edwin,,bank_statement_line,Club/Health/Fitness Memberships,club_membership,Blocked,"Sec 17(5)(b)(ii) blocks ITC on membership of a club, health, or fitness centre.",synthetic
TXN002421,2025-08-19,sale invoice to vala-iyengar,Sale invoice to Vala-Iyengar,311988.56,18,28078.97,28078.97,0.0,Vala-Iyengar,,bank_statement_line,Sales/Outward Supply,sales_revenue,Not Applicable,,synthetic
TXN001052,2025-09-02,"loan processing fee fee - Bhalla, Kanda and Rama","loan processing fee fee - Bhalla, Kanda and Rama",1801.81,18,0.0,0.0,324.33,"Bhalla, Kanda and Rama",24LINOY3224U1Z2,invoice,Bank Charges/Financial Services,bank_charges,Eligible,,synthetic
TXN000863,2024-12-14,electricity  charges - Pau LLC,electricity charges - Pau LLC,13029.78,18,1172.68,1172.68,0.0,Pau LLC,29LHBLR8359O8Z6,invoice,Utilities (Business Electricity/Internet),utilities,Eligible,,synthetic
TXN002697,2025-08-19,government license fee payment,government license fee payment,21024.72,exempt,0.0,0.0,0.0,Shukla PLC,07EOLCP1009S4ZL,receipt,Exempt/Non-GST Expense,exempt_non_gst,Not Applicable,,synthetic
TXN001206,2024-02-07,Prakash Inc - fuel purch,Prakash Inc - fuel purchase,16287.19,28,2280.2,2280.2,0.0,Prakash Inc,,bank_statement_line,Motor Vehicle Expenses,motor_vehicle,Blocked,"Sec 17(5)(a) blocks ITC on motor vehicles for transport of persons (seating <=13) and related services, unless used for further supply, passenger transport, or driving training.",synthetic
TXN001207,2026-02-22,Wali-Halder - vehicle registration fee,Wali-Halder - vehicle registration fee,4531.03,28,634.35,634.35,0.0,Wali-Halder,,bank_statement_line,Motor Vehicle Expenses,motor_vehicle,Blocked,"Sec 17(5)(a) blocks ITC on motor vehicles for transport of persons (seating <=13) and related services, unless used for further supply, passenger transport, or driving training.",synthetic
TXN002087,2024-01-10,"employee medical reimbursement premium paymnt - Bali, Minhas and Sandhu","employee medical reimbursement premium payment - Bali, Minhas and Sandhu",22710.58,18,2043.95,2043.95,0.0,"Bali, Minhas and Sandhu",32KMMDT8278I5ZA,receipt,Employee Insurance/Reimbursements,employee_insurance,Blocked,Sec 17(5)(b) blocks ITC on health/life insurance for employees unless it is obligatory for the employer under any law for the time being in force.,synthetic
TXN000817,2024-09-02,telephone/mobile plan chrgs - Krishnamurthy-Koshy,telephone/mobile plan charges - Krishnamurthy-Koshy,2358.77,18,212.29,212.29,0.0,Krishnamurthy-Koshy,,bank_statement_line,Utilities (Business Electricity/Internet),utilities,Eligible,,synthetic
TXN000036,2024-07-24,Sidhu-Wadhwa - raw plastic pellets supply,Sidhu-Wadhwa - raw plastic pellets supply,105576.81,18,9501.92,9501.92,0.0,Sidhu-Wadhwa,07DFDNT1247Y9ZS,receipt,Purchase of Goods (Raw Material/Trading Stock),purchase_goods,Eligible,,synthetic
TXN002673,2024-09-22,government license fee paymnt,government license fee payment,41268.05,exempt,0.0,0.0,0.0,Chaudhuri-Nori,09PFJTQ7154V6ZF,invoice,Exempt/Non-GST Expense,exempt_non_gst,Not Applicable,,synthetic
TXN000462,2024-08-04,Professional fees to Thaman Ltd for chartered accountant,Professional fees to Thaman Ltd for chartered accountant,11055.55,18,0.0,0.0,1990.0,Thaman Ltd,,bank_statement_line,Input Services (Professional/Consulting/IT),input_services,Eligible,,synthetic
TXN001191,2024-10-03,account maintenance charge fee - Bobal Group,account maintenance charge fee - Bobal Group,2085.01,18,0.0,0.0,375.3,Bobal Group,07LJUPQ5203J8ZL,invoice,Bank Charges/Financial Services,bank_charges,Eligible,,synthetic
TXN001827,2026-08-21,"employee leave travel airfare - Mutti, Wason and Bahl","employee leave travel airfare - Mutti, Wason and Bahl",37019.92,5,925.5,925.5,0.0,"Mutti, Wason and Bahl",29UAZHB8376R4ZN,invoice,Employee Travel Benefits,employee_travel,Blocked,"Sec 17(5)(b)(iii) blocks ITC on travel benefits extended to employees (e.g. leave/home travel concession), unless obligatory under law.",synthetic
TXN000164,2026-03-19,"Khare,  Maharaj and Sarraf - raw plastic pellets supply","Khare, Maharaj and Sarraf - raw plastic pellets supply",88124.75,18,0.0,0.0,15862.45,"Khare, Maharaj and Sarraf",27ZFQVC8819B3Z1,invoice,Purchase of Goods (Raw Material/Trading Stock),purchase_goods,Eligible,,synthetic
TXN002209,2025-05-02,Construction paymnt - Mall PLC for flooring and fixtures work,Construction payment - Mall PLC for flooring and fixtures work,106818.46,18,0.0,0.0,19227.32,Mall PLC,,bank_statement_line,Works Contract/Construction of Immovable Property,works_contract,Blocked,"Sec 17(5)(c)/(d) blocks ITC on works contract services and goods/services for construction of immovable property (other than plant & machinery), even when used for business.",synthetic
TXN001201,2026-05-08,Vehicle vehicle insurance premium - Dutt Group,Vehicle vehicle insurance premium - Dutt Group,35685.65,28,4995.99,4995.99,0.0,Dutt Group,07MQWCB4114L1ZO,invoice,Motor Vehicle Expenses,motor_vehicle,Blocked,"Sec 17(5)(a) blocks ITC on motor vehicles for transport of persons (seating <=13) and related services, unless used for further supply, passenger transport, or driving training.",synthetic
TXN001270,2026-05-12,PAYMENT TO TRIPATHI AND SONS FOR VEHICLE REGISTRATION FEE,Payment to Tripathi and Sons for vehicle registration fee,36397.3,28,0.0,0.0,10191.24,Tripathi and Sons,,bank_statement_line,Motor Vehicle Expenses,motor_vehicle,Blocked,"Sec 17(5)(a) blocks ITC on motor vehicles for transport of persons (seating <=13) and related services, unless used for further supply, passenger transport, or driving training.",synthetic
TXN000180,2024-10-21,PYMT TO WALLA INC FOR YARN,Payment to Walla Inc for yarn,113877.42,18,0.0,0.0,20497.94,Walla Inc,32UUWWW2654F5ZZ,invoice,Purchase of Goods (Raw Material/Trading Stock),purchase_goods,Eligible,,synthetic
TXN002696,2025-06-06,staff salary payment paymnt,staff salary payment payment,42889.97,exempt,0.0,0.0,0.0,Kapoor Ltd,36DCYQE1872E1Z0,invoice,Exempt/Non-GST Expense,exempt_non_gst,Not Applicable,,synthetic
TXN001652,2025-07-27,Kashyap PLC - Membership Fee,Kashyap PLC - Membership Fee,20044.22,18,1803.98,1803.98,0.0,Kashyap PLC,24LQIXU0501G4Z3,invoice,Club/Health/Fitness Memberships,club_membership,Blocked,"Sec 17(5)(b)(ii) blocks ITC on membership of a club, health, or fitness centre.",synthetic
TXN002709,2026-05-01,staff salary paymnt payment,staff salary payment payment,47547.97,exempt,0.0,0.0,0.0,Goda LLC,,bank_statement_line,Exempt/Non-GST Expense,exempt_non_gst,Not Applicable,,synthetic
TXN002584,2024-06-02,PAYMENT  RECEIVED FROM KURIAN-CHAND FOR FINISHED GOODS,Payment received from Kurian-Chand for finished goods,36876.46,18,3318.88,3318.88,0.0,Kurian-Chand,,bank_statement_line,Sales/Outward Supply,sales_revenue,Not Applicable,,synthetic
TXN001739,2024-04-04,"GYM MEMBERSHIP - DANI, GOUR AND NADKARNI","gym membership - Dani, Gour and Nadkarni",8581.07,18,0.0,0.0,1544.59,"Dani, Gour and Nadkarni",09AEPDV4599V7Z4,receipt,Club/Health/Fitness Memberships,club_membership,Blocked,"Sec 17(5)(b)(ii) blocks ITC on membership of a club, health, or fitness centre.",synthetic
TXN001989,2025-06-07,employee leave travel airfare - sarin-raval,employee leave travel airfare - Sarin-Raval,12389.02,5,309.73,309.73,0.0,Sarin-Raval,,bank_statement_line,Employee Travel Benefits,employee_travel,Blocked,"Sec 17(5)(b)(iii) blocks ITC on travel benefits extended to employees (e.g. leave/home travel concession), unless obligatory under law.",synthetic
TXN001490,2026-05-28,"Office festival sweets order order - Savant, Purohit and Sule","Office festival sweets order order - Savant, Purohit and Sule",16522.37,5,413.06,413.06,0.0,"Savant, Purohit and Sule",33YRGSV9771Q9ZY,receipt,Food & Beverages/Outdoor Catering,food_catering,Blocked,"Sec 17(5)(b)(i) explicitly blocks ITC on food and beverages and outdoor catering, unless used to make an outward taxable supply of the same category or as part of a composite/mixed supply.",synthetic
TXN000733,2024-09-22,"monthly rent - sachar, saha and wagle","Monthly rent - Sachar, Saha and Wagle",14155.36,18,1273.98,1273.98,0.0,"Sachar, Saha and Wagle",32HGYUK0316V7ZH,receipt,Rent/Lease of Business Premises,rent,Eligible,,synthetic
TXN001415,2024-05-05,"Catering paymnt - Brahmbhatt, Varughese and Krishnamurthy","Catering payment - Brahmbhatt, Varughese and Krishnamurthy",5553.38,5,138.84,138.84,0.0,"Brahmbhatt, Varughese and Krishnamurthy",,bank_statement_line,Food & Beverages/Outdoor Catering,food_catering,Blocked,"Sec 17(5)(b)(i) explicitly blocks ITC on food and beverages and outdoor catering, unless used to make an outward taxable supply of the same category or as part of a composite/mixed supply.",synthetic
TXN000693,2026-10-02,"SATHE, DADA AND JHA - SHOP RENT PAYMENT","Sathe, Dada and Jha - Shop Rent Payment",53736.23,18,4836.26,4836.26,0.0,"Sathe, Dada and Jha",27OOBJW1607S5ZB,invoice,Rent/Lease of Business Premises,rent,Eligible,,synthetic
TXN002527,2024-06-20,Verma-Oak  - Sales Invoice,Verma-Oak - Sales Invoice,305230.09,18,27470.71,27470.71,0.0,Verma-Oak,29SWFTC3501H7ZY,receipt,Sales/Outward Supply,sales_revenue,Not Applicable,,synthetic
TXN001968,2024-07-05,"home travel concession booking - Dara, Dar and Chadha","home travel concession booking - Dara, Dar and Chadha",47185.57,5,1179.64,1179.64,0.0,"Dara, Dar and Chadha",09PUQUF9676T9ZA,receipt,Employee Travel Benefits,employee_travel,Blocked,"Sec 17(5)(b)(iii) blocks ITC on travel benefits extended to employees (e.g. leave/home travel concession), unless obligatory under law.",synthetic
TXN000035,2026-01-25,Bhatt-Rajan - raw plastic pellets supply,Bhatt-Rajan - raw plastic pellets supply,83590.76,18,7523.17,7523.17,0.0,Bhatt-Rajan,29GKOGM7402M4ZT,invoice,Purchase of Goods (Raw Material/Trading Stock),purchase_goods,Eligible,,synthetic
TXN001038,2024-03-27,TARA-SABHARWAL  - ACCOUNT MAINTENANCE CHARGE,Tara-Sabharwal - account maintenance charge,2026.87,18,182.42,182.42,0.0,Tara-Sabharwal,32DROYD2099Y7ZN,invoice,Bank Charges/Financial Services,bank_charges,Eligible,,synthetic
TXN001586,2024-12-06,Gopal and Sons - staff lunch catering,Gopal and Sons - staff lunch catering,19133.57,5,478.34,478.34,0.0,Gopal and Sons,,bank_statement_line,Food & Beverages/Outdoor Catering,food_catering,Blocked,"Sec 17(5)(b)(i) explicitly blocks ITC on food and beverages and outdoor catering, unless used to make an outward taxable supply of the same category or as part of a composite/mixed supply.",synthetic
TXN001003,2025-03-31,"PROCESSING FEE FEE - CHAD, CHANDRAN AND TIWARI","processing fee fee - Chad, Chandran and Tiwari",822.06,18,73.98,73.98,0.0,"Chad, Chandran and Tiwari",,bank_statement_line,Bank Charges/Financial Services,bank_charges,Eligible,,synthetic
TXN001809,2024-10-11,Employee employee leave travel airfare booking - Taneja PLC,Employee employee leave travel airfare booking - Taneja PLC,76781.47,5,1919.54,1919.54,0.0,Taneja PLC,,bank_statement_line,Employee Travel Benefits,employee_travel,Blocked,"Sec 17(5)(b)(iii) blocks ITC on travel benefits extended to employees (e.g. leave/home travel concession), unless obligatory under law.",synthetic
TXN000457,2026-08-27,"CHANA, TRIPATHI AND RAJAGOPALAN - IT SUPPORT SVCS INVC","Chana, Tripathi and Rajagopalan - IT support services invoice",29626.47,18,0.0,0.0,5332.76,"Chana, Tripathi and Rajagopalan",27GYRUB2735Y5Z5,invoice,Input Services (Professional/Consulting/IT),input_services,Eligible,,synthetic
TXN000422,2026-07-18,Professional fees to Sur-Vyas for software subscription,Professional fees to Sur-Vyas for software subscription,6975.4,18,627.78,627.78,0.0,Sur-Vyas,,bank_statement_line,Input Services (Professional/Consulting/IT),input_services,Eligible,,synthetic
TXN001812,2025-06-07,Employee staff outing travel booking booking - Dani Inc,Employee staff outing travel booking booking - Dani Inc,53954.6,5,0.0,0.0,2697.73,Dani Inc,23NOAXI8137U7ZQ,receipt,Employee Travel Benefits,employee_travel,Blocked,"Sec 17(5)(b)(iii) blocks ITC on travel benefits extended to employees (e.g. leave/home travel concession), unless obligatory under law.",synthetic
TXN001310,2024-08-24,Vehicle vehicle registration fee - Bera Ltd,Vehicle vehicle registration fee - Bera Ltd,31626.0,28,4427.64,4427.64,0.0,Bera Ltd,29QRYFK7496A4Z3,invoice,Motor Vehicle Expenses,motor_vehicle,Blocked,"Sec 17(5)(a) blocks ITC on motor vehicles for transport of persons (seating <=13) and related services, unless used for further supply, passenger transport, or driving training.",synthetic
TXN001323,2026-07-13,"pmt to Borde, Grover and Ghose for vehicle insurance premium","Payment to Borde, Grover and Ghose for vehicle insurance premium",26956.49,28,3773.91,3773.91,0.0,"Borde, Grover and Ghose",09HTVLU1271T2ZF,receipt,Motor Vehicle Expenses,motor_vehicle,Blocked,"Sec 17(5)(a) blocks ITC on motor vehicles for transport of persons (seating <=13) and related services, unless used for further supply, passenger transport, or driving training.",synthetic
TXN002106,2026-11-27,Chopra and Sons - staff life insurance premium,Chopra and Sons - staff life insurance premium,56011.09,18,5041.0,5041.0,0.0,Chopra and Sons,07HVIAV1703W4ZV,invoice,Employee Insurance/Reimbursements,employee_insurance,Blocked,Sec 17(5)(b) blocks ITC on health/life insurance for employees unless it is obligatory for the employer under any law for the time being in force.,synthetic
TXN001859,2025-05-21,Employee  employee leave travel airfare booking - Nigam-Zachariah,Employee employee leave travel airfare booking - Nigam-Zachariah,44312.08,5,1107.8,1107.8,0.0,Nigam-Zachariah,,bank_statement_line,Employee Travel Benefits,employee_travel,Blocked,"Sec 17(5)(b)(iii) blocks ITC on travel benefits extended to employees (e.g. leave/home travel concession), unless obligatory under law.",synthetic
TXN001187,2024-11-15,Pant and Sons - Bank Charges,Pant and Sons - Bank Charges,1703.34,18,153.3,153.3,0.0,Pant and Sons,27CATVY1182T1ZF,receipt,Bank Charges/Financial Services,bank_charges,Eligible,,synthetic
TXN001045,2024-05-07,POS machine rental fee - Madan-Gole,POS machine rental fee - Madan-Gole,3066.58,18,0.0,0.0,551.98,Madan-Gole,32RCESC5084A3ZA,receipt,Bank Charges/Financial Services,bank_charges,Eligible,,synthetic
TXN000325,2026-01-11,industrial  sewing machine installation invoice from Mistry-Samra,industrial sewing machine installation invoice from Mistry-Samra,203798.43,18,18341.86,18341.86,0.0,Mistry-Samra,,bank_statement_line,Capital Goods,capital_goods,Eligible,,synthetic
TXN002118,2024-06-22,Karan-Sule - staff life insurance premium,Karan-Sule - staff life insurance premium,48657.35,18,4379.16,4379.16,0.0,Karan-Sule,27SCRBA2278F7ZB,invoice,Employee Insurance/Reimbursements,employee_insurance,Blocked,Sec 17(5)(b) blocks ITC on health/life insurance for employees unless it is obligatory for the employer under any law for the time being in force.,synthetic
TXN002251,2025-02-06,"Badami, Balay and Sani - building repair works contract","Badami, Balay and Sani - building repair works contract",648662.88,18,58379.66,58379.66,0.0,"Badami, Balay and Sani",27GYVOU1463R3ZS,receipt,Works Contract/Construction of Immovable Property,works_contract,Blocked,"Sec 17(5)(c)/(d) blocks ITC on works contract services and goods/services for construction of immovable property (other than plant & machinery), even when used for business.",synthetic
TXN001294,2024-06-30,Payment to Sant PLC for vehicle insurance premium,Payment to Sant PLC for vehicle insurance premium,4524.54,28,633.43,633.43,0.0,Sant PLC,19FXKMU9272S9ZQ,receipt,Motor Vehicle Expenses,motor_vehicle,Blocked,"Sec 17(5)(a) blocks ITC on motor vehicles for transport of persons (seating <=13) and related services, unless used for further supply, passenger transport, or driving training.",synthetic
TXN000370,2024-07-24,Purchase of office desktop computers - Divan-Agate,Purchase of office desktop computers - Divan-Agate,342109.83,18,0.0,0.0,61579.77,Divan-Agate,,bank_statement_line,Capital Goods,capital_goods,Eligible,,synthetic
TXN001840,2024-03-22,STAFF OUTING TRAVEL BOOKING - SUBRAMANIAN PLC,staff outing travel booking - Subramanian PLC,21134.62,5,528.37,528.37,0.0,Subramanian PLC,,bank_statement_line,Employee Travel Benefits,employee_travel,Blocked,"Sec 17(5)(b)(iii) blocks ITC on travel benefits extended to employees (e.g. leave/home travel concession), unless obligatory under law.",synthetic
TXN000719,2026-07-05,Kaur-Zacharia - Shop Rent Payment,Kaur-Zacharia - Shop Rent Payment,41339.35,18,3720.54,3720.54,0.0,Kaur-Zacharia,,bank_statement_line,Rent/Lease of Business Premises,rent,Eligible,,synthetic
TXN001604,2026-03-11,wellness center package - Bandi and Sons,wellness center package - Bandi and Sons,16865.93,18,1517.93,1517.93,0.0,Bandi and Sons,23KXELK7362O6ZG,invoice,Club/Health/Fitness Memberships,club_membership,Blocked,"Sec 17(5)(b)(ii) blocks ITC on membership of a club, health, or fitness centre.",synthetic
TXN002049,2024-10-03,BALAKRISHNAN GROUP - EMPLOYEE MEDICAL REIMBURSEMENT,Balakrishnan Group - employee medical reimbursement,87763.81,18,7898.74,7898.74,0.0,Balakrishnan Group,,bank_statement_line,Employee Insurance/Reimbursements,employee_insurance,Blocked,Sec 17(5)(b) blocks ITC on health/life insurance for employees unless it is obligatory for the employer under any law for the time being in force.,synthetic
TXN002319,2025-05-03,"Ramakrishnan, Keer and Sampath - flooring and fixtures work","Ramakrishnan, Keer and Sampath - flooring and fixtures work",246946.91,18,22225.22,22225.22,0.0,"Ramakrishnan, Keer and Sampath",,bank_statement_line,Works Contract/Construction of Immovable Property,works_contract,Blocked,"Sec 17(5)(c)/(d) blocks ITC on works contract services and goods/services for construction of immovable property (other than plant & machinery), even when used for business.",synthetic
TXN002240,2025-11-06,construction pmt - din-sha for flooring and fixtures work,Construction payment - Din-Sha for flooring and fixtures work,49127.49,18,4421.48,4421.48,0.0,Din-Sha,29CNEXU3160V2ZX,receipt,Works Contract/Construction of Immovable Property,works_contract,Blocked,"Sec 17(5)(c)/(d) blocks ITC on works contract services and goods/services for construction of immovable property (other than plant & machinery), even when used for business.",synthetic
TXN000478,2025-04-07,auditing svcs charges - Handa-Kara,auditing services charges - Handa-Kara,10678.54,18,0.0,0.0,1922.14,Handa-Kara,09JZGHN6430K5ZJ,receipt,Input Services (Professional/Consulting/IT),input_services,Eligible,,synthetic
TXN001172,2024-01-23,"LOAN PROCESSING FEE FEE - CHOKSHI, SUBRAMANIAM AND BHATT","loan processing fee fee - Chokshi, Subramaniam and Bhatt",3787.34,18,340.86,340.86,0.0,"Chokshi, Subramaniam and Bhatt",24RWCJN6004W3ZH,invoice,Bank Charges/Financial Services,bank_charges,Eligible,,synthetic
TXN001862,2026-06-22,home travel concession booking - Cherian Group,home travel concession booking - Cherian Group,70729.62,5,1768.24,1768.24,0.0,Cherian Group,,bank_statement_line,Employee Travel Benefits,employee_travel,Blocked,"Sec 17(5)(b)(iii) blocks ITC on travel benefits extended to employees (e.g. leave/home travel concession), unless obligatory under law.",synthetic
TXN002232,2025-03-08,Dhar Group - flooring and fixtures work,Dhar Group - flooring and fixtures work,594379.82,18,53494.18,53494.18,0.0,Dhar Group,27PMSVG0469A4Z5,invoice,Works Contract/Construction of Immovable Property,works_contract,Blocked,"Sec 17(5)(c)/(d) blocks ITC on works contract services and goods/services for construction of immovable property (other than plant & machinery), even when used for business.",synthetic
TXN000639,2024-07-05,"Monthly rent - Puri, Murthy and Ghose","Monthly rent - Puri, Murthy and Ghose",37901.87,18,3411.17,3411.17,0.0,"Puri, Murthy and Ghose",,bank_statement_line,Rent/Lease of Business Premises,rent,Eligible,,synthetic
TXN002642,2026-07-03,kari-virk - staff salary paymnt,Kari-Virk - staff salary payment,54950.53,exempt,0.0,0.0,0.0,Kari-Virk,07UELNT3066O3Z1,receipt,Exempt/Non-GST Expense,exempt_non_gst,Not Applicable,,synthetic
TXN000972,2024-12-22,electricity chgs - Magar-Viswanathan,electricity charges - Magar-Viswanathan,14862.04,18,1337.59,1337.59,0.0,Magar-Viswanathan,,bank_statement_line,Utilities (Business Electricity/Internet),utilities,Eligible,,synthetic
TXN000659,2026-12-23,Lease rental to Iyengar-Mani for office unit,Lease rental to Iyengar-Mani for office unit,38161.47,18,3434.53,3434.53,0.0,Iyengar-Mani,,bank_statement_line,Rent/Lease of Business Premises,rent,Eligible,,synthetic
TXN002186,2026-01-18,GABA-CHAUDRY - EMPLOYEE MEDICAL REIMBURSEMENT,Gaba-Chaudry - employee medical reimbursement,60908.18,18,5481.73,5481.73,0.0,Gaba-Chaudry,,bank_statement_line,Employee Insurance/Reimbursements,employee_insurance,Blocked,Sec 17(5)(b) blocks ITC on health/life insurance for employees unless it is obligatory for the employer under any law for the time being in force.,synthetic
TXN001937,2026-03-31,Employee home travel concession booking booking - Mand LLC,Employee home travel concession booking booking - Mand LLC,8842.17,5,221.06,221.06,0.0,Mand LLC,29OEOXG0098Q5ZB,invoice,Employee Travel Benefits,employee_travel,Blocked,"Sec 17(5)(b)(iii) blocks ITC on travel benefits extended to employees (e.g. leave/home travel concession), unless obligatory under law.",synthetic
TXN000999,2026-03-26,swamy-bhasin  - water supply bill paymnt,Swamy-Bhasin - water supply bill payment,2703.75,18,0.0,0.0,486.67,Swamy-Bhasin,33BEMWF4625Z2ZN,invoice,Utilities (Business Electricity/Internet),utilities,Eligible,,synthetic
TXN000250,2025-12-31,purchase of industrial sewing machine - dugar inc,Purchase of industrial sewing machine - Dugar Inc,428706.58,18,0.0,0.0,77167.18,Dugar Inc,19QCYKF7415F1ZC,invoice,Capital Goods,capital_goods,Eligible,,synthetic
TXN001404,2025-05-31,Office festival sweets order order - Dhingra Ltd,Office festival sweets order order - Dhingra Ltd,13607.47,5,340.19,340.19,0.0,Dhingra Ltd,,bank_statement_line,Food & Beverages/Outdoor Catering,food_catering,Blocked,"Sec 17(5)(b)(i) explicitly blocks ITC on food and beverages and outdoor catering, unless used to make an outward taxable supply of the same category or as part of a composite/mixed supply.",synthetic
TXN002210,2025-03-12,CONSTRUCTION PAYMENT - PANDEY-DYAL FOR FLOORING AND FIXTURES WORK,Construction payment - Pandey-Dyal for flooring and fixtures work,500294.08,18,45026.46,45026.46,0.0,Pandey-Dyal,07TGYTH7003J2ZG,receipt,Works Contract/Construction of Immovable Property,works_contract,Blocked,"Sec 17(5)(c)/(d) blocks ITC on works contract services and goods/services for construction of immovable property (other than plant & machinery), even when used for business.",synthetic
TXN000675,2025-04-08,"Monthly rent - Chandran, Goyal and Dey","Monthly rent - Chandran, Goyal and Dey",23341.32,18,2100.72,2100.72,0.0,"Chandran, Goyal and Dey",,bank_statement_line,Rent/Lease of Business Premises,rent,Eligible,,synthetic
TXN000616,2024-12-15,Lease rental to Chatterjee Group for warehouse space,Lease rental to Chatterjee Group for warehouse space,33664.63,18,3029.82,3029.82,0.0,Chatterjee Group,07VHFZG4033Y9Z2,receipt,Rent/Lease of Business Premises,rent,Eligible,,synthetic
TXN002329,2026-02-08,"CONSTRUCTION PYMT - BHAGAT, KHATRI AND KULKARNI FOR FLOORING AND FIXTURES WORK","Construction payment - Bhagat, Khatri and Kulkarni for flooring and fixtures work",171883.52,18,15469.51,15469.51,0.0,"Bhagat, Khatri and Kulkarni",36MWAIP7362T5ZH,invoice,Works Contract/Construction of Immovable Property,works_contract,Blocked,"Sec 17(5)(c)/(d) blocks ITC on works contract services and goods/services for construction of immovable property (other than plant & machinery), even when used for business.",synthetic
TXN000491,2025-05-20,"Sahota, Edwin and Iyengar - legal consultation services inv","Sahota, Edwin and Iyengar - legal consultation services invoice",6365.19,18,572.87,572.87,0.0,"Sahota, Edwin and Iyengar",36HQGIM5632I6Z0,receipt,Input Services (Professional/Consulting/IT),input_services,Eligible,,synthetic
TXN002056,2026-08-05,employee group health insurance premium payment - Borah Group,employee group health insurance premium payment - Borah Group,93178.27,18,8386.05,8386.05,0.0,Borah Group,,bank_statement_line,Employee Insurance/Reimbursements,employee_insurance,Blocked,Sec 17(5)(b) blocks ITC on health/life insurance for employees unless it is obligatory for the employer under any law for the time being in force.,synthetic
TXN001689,2024-10-30,Bawa-Rastogi  - Membership Fee,Bawa-Rastogi - Membership Fee,21636.78,18,1947.31,1947.31,0.0,Bawa-Rastogi,,bank_statement_line,Club/Health/Fitness Memberships,club_membership,Blocked,"Sec 17(5)(b)(ii) blocks ITC on membership of a club, health, or fitness centre.",synthetic
TXN002614,2026-01-15,staff salary payment payment,staff salary payment payment,32257.56,exempt,0.0,0.0,0.0,"Boase, Mital and Chakraborty",36TNDBF6191G9ZO,invoice,Exempt/Non-GST Expense,exempt_non_gst,Not Applicable,,synthetic
TXN001943,2025-12-23,home travel concession booking - Dube Group,home travel concession booking - Dube Group,46626.23,5,1165.65,1165.65,0.0,Dube Group,09EHZHR1034U4ZN,receipt,Employee Travel Benefits,employee_travel,Blocked,"Sec 17(5)(b)(iii) blocks ITC on travel benefits extended to employees (e.g. leave/home travel concession), unless obligatory under law.",synthetic
TXN002004,2025-05-31,employee medical reimbursement premium payment - Zachariah Ltd,employee medical reimbursement premium payment - Zachariah Ltd,80707.01,18,7263.63,7263.63,0.0,Zachariah Ltd,23TYIVS4637O4Z5,receipt,Employee Insurance/Reimbursements,employee_insurance,Blocked,Sec 17(5)(b) blocks ITC on health/life insurance for employees unless it is obligatory for the employer under any law for the time being in force.,synthetic
TXN001027,2024-02-14,"Lad, Borde and Bains - POS machine rental","Lad, Borde and Bains - POS machine rental",2269.86,18,204.28,204.28,0.0,"Lad, Borde and Bains",07FNDUA0351G1ZO,invoice,Bank Charges/Financial Services,bank_charges,Eligible,,synthetic
TXN000505,2025-12-14,"Professional fees to Dewan, Singh and Sen for website maintenance","Professional fees to Dewan, Singh and Sen for website maintenance",53693.94,18,4832.45,4832.45,0.0,"Dewan, Singh and Sen",,bank_statement_line,Input Services (Professional/Consulting/IT),input_services,Eligible,,synthetic
TXN001718,2025-07-28,gym membership - Kashyap-Rai,gym membership - Kashyap-Rai,13346.69,18,1201.2,1201.2,0.0,Kashyap-Rai,19JPKIF0131B9ZY,invoice,Club/Health/Fitness Memberships,club_membership,Blocked,"Sec 17(5)(b)(ii) blocks ITC on membership of a club, health, or fitness centre.",synthetic
TXN001113,2025-08-03,"Bhatia, Dora and Chatterjee - Bank chrgs","Bhatia, Dora and Chatterjee - Bank Charges",1906.56,18,171.59,171.59,0.0,"Bhatia, Dora and Chatterjee",,bank_statement_line,Bank Charges/Financial Services,bank_charges,Eligible,,synthetic
TXN000500,2024-10-20,"Professional fees to Prakash, Keer and Raju for legal consultation","Professional fees to Prakash, Keer and Raju for legal consultation",29261.41,18,2633.53,2633.53,0.0,"Prakash, Keer and Raju",33VEOYE2388V4ZE,receipt,Input Services (Professional/Consulting/IT),input_services,Eligible,,synthetic
TXN000809,2026-07-26,broadband  internet chgs - Manne Group,broadband internet charges - Manne Group,14898.82,18,1340.89,1340.89,0.0,Manne Group,,bank_statement_line,Utilities (Business Electricity/Internet),utilities,Eligible,,synthetic
TXN001343,2024-03-14,"mandal, bakshi and varughese - vehicle registration fee","Mandal, Bakshi and Varughese - vehicle registration fee",11253.45,28,1575.48,1575.48,0.0,"Mandal, Bakshi and Varughese",24NFQAX5321O9ZQ,receipt,Motor Vehicle Expenses,motor_vehicle,Blocked,"Sec 17(5)(a) blocks ITC on motor vehicles for transport of persons (seating <=13) and related services, unless used for further supply, passenger transport, or driving training.",synthetic
TXN001699,2024-01-15,"wellness center package - bajwa, mody and gara","wellness center package - Bajwa, Mody and Gara",36438.12,18,0.0,0.0,6558.86,"Bajwa, Mody and Gara",,bank_statement_line,Club/Health/Fitness Memberships,club_membership,Blocked,"Sec 17(5)(b)(ii) blocks ITC on membership of a club, health, or fitness centre.",synthetic
TXN001231,2026-09-19,"Dalal, Mandal and Comar - car servicing","Dalal, Mandal and Comar - car servicing",40340.09,28,5647.61,5647.61,0.0,"Dalal, Mandal and Comar",09WUYSH4345D9ZN,receipt,Motor Vehicle Expenses,motor_vehicle,Blocked,"Sec 17(5)(a) blocks ITC on motor vehicles for transport of persons (seating <=13) and related services, unless used for further supply, passenger transport, or driving training.",synthetic
TXN000513,2026-04-14,"chartered accountant chrgs - Babu, Varma and Khurana","chartered accountant charges - Babu, Varma and Khurana",47623.32,18,4286.1,4286.1,0.0,"Babu, Varma and Khurana",29YAJHK1779W2ZV,receipt,Input Services (Professional/Consulting/IT),input_services,Eligible,,synthetic
TXN001542,2024-04-22,"catering payment - uppal, sura and sekhon","Catering payment - Uppal, Sura and Sekhon",2582.43,5,64.56,64.56,0.0,"Uppal, Sura and Sekhon",36RXSGD8040B5ZJ,invoice,Food & Beverages/Outdoor Catering,food_catering,Blocked,"Sec 17(5)(b)(i) explicitly blocks ITC on food and beverages and outdoor catering, unless used to make an outward taxable supply of the same category or as part of a composite/mixed supply.",synthetic
TXN001910,2025-04-11,Employee home travel concession booking booking - Babu and Sons,Employee home travel concession booking booking - Babu and Sons,77628.17,5,1940.7,1940.7,0.0,Babu and Sons,36OFOFR5342H8Z2,invoice,Employee Travel Benefits,employee_travel,Blocked,"Sec 17(5)(b)(iii) blocks ITC on travel benefits extended to employees (e.g. leave/home travel concession), unless obligatory under law.",synthetic
TXN000941,2026-05-21,Malhotra Ltd - broadband internet bill payment,Malhotra Ltd - broadband internet bill payment,8313.57,18,748.22,748.22,0.0,Malhotra Ltd,,bank_statement_line,Utilities (Business Electricity/Internet),utilities,Eligible,,synthetic
TXN001599,2026-03-07,Office office tea/coffee supplies order - Lata Group,Office office tea/coffee supplies order - Lata Group,1947.61,5,48.69,48.69,0.0,Lata Group,32UFSTM9427V2ZF,receipt,Food & Beverages/Outdoor Catering,food_catering,Blocked,"Sec 17(5)(b)(i) explicitly blocks ITC on food and beverages and outdoor catering, unless used to make an outward taxable supply of the same category or as part of a composite/mixed supply.",synthetic
TXN002036,2025-01-23,"staff life insurance premium premium payment - Chakrabarti, Mitra and Pall","staff life insurance premium premium payment - Chakrabarti, Mitra and Pall",96004.26,18,0.0,0.0,17280.77,"Chakrabarti, Mitra and Pall",29VRRSO8895R5ZS,receipt,Employee Insurance/Reimbursements,employee_insurance,Blocked,Sec 17(5)(b) blocks ITC on health/life insurance for employees unless it is obligatory for the employer under any law for the time being in force.,synthetic
TXN001058,2025-06-20,Chana Inc - processing fee,Chana Inc - processing fee,2777.77,18,250.0,250.0,0.0,Chana Inc,,bank_statement_line,Bank Charges/Financial Services,bank_charges,Eligible,,synthetic
TXN000012,2024-04-13,purch of adhesive tape rolls from Parmer LLC,Purchase of adhesive tape rolls from Parmer LLC,66748.05,18,0.0,0.0,12014.65,Parmer LLC,,bank_statement_line,Purchase of Goods (Raw Material/Trading Stock),purchase_goods,Eligible,,synthetic
TXN000514,2026-11-23,"WEBSITE MAINTENANCE CHRGS - DHAWAN, MANNE AND SANGHVI","website maintenance charges - Dhawan, Manne and Sanghvi",29140.23,18,0.0,0.0,5245.24,"Dhawan, Manne and Sanghvi",19ERCQY2261W3Z6,invoice,Input Services (Professional/Consulting/IT),input_services,Eligible,,synthetic
TXN000747,2025-07-07,Lal-Parsa - Shop Rent pymt,Lal-Parsa - Shop Rent Payment,93571.57,18,0.0,0.0,16842.88,Lal-Parsa,29XTRAY4002S9ZR,invoice,Rent/Lease of Business Premises,rent,Eligible,,synthetic
TXN002107,2025-09-13,employee medical reimbursement premium payment - Choudhury-Divan,employee medical reimbursement premium payment - Choudhury-Divan,99966.05,18,8996.94,8996.94,0.0,Choudhury-Divan,,bank_statement_line,Employee Insurance/Reimbursements,employee_insurance,Blocked,Sec 17(5)(b) blocks ITC on health/life insurance for employees unless it is obligatory for the employer under any law for the time being in force.,synthetic
TXN001040,2024-11-10,RAJAGOPAL-DEVAN - BANK CHRGS,Rajagopal-Devan - Bank Charges,4265.75,18,383.92,383.92,0.0,Rajagopal-Devan,29VCWCV7326D6Z8,invoice,Bank Charges/Financial Services,bank_charges,Eligible,,synthetic
TXN001348,2025-06-06,"Walla, Amble and Bhatti - vehicle insurance premium","Walla, Amble and Bhatti - vehicle insurance premium",19520.31,28,2732.84,2732.84,0.0,"Walla, Amble and Bhatti",,bank_statement_line,Motor Vehicle Expenses,motor_vehicle,Blocked,"Sec 17(5)(a) blocks ITC on motor vehicles for transport of persons (seating <=13) and related services, unless used for further supply, passenger transport, or driving training.",synthetic
TXN001132,2024-07-02,WASON-PADMANABHAN - BANK CHARGES,Wason-Padmanabhan - Bank Charges,4913.59,18,0.0,0.0,884.45,Wason-Padmanabhan,,bank_statement_line,Bank Charges/Financial Services,bank_charges,Eligible,,synthetic
TXN000695,2024-07-01,Monthly  rent - Bhakta-Setty,Monthly rent - Bhakta-Setty,77410.9,18,6966.98,6966.98,0.0,Bhakta-Setty,32BKEFZ7980P2ZV,invoice,Rent/Lease of Business Premises,rent,Eligible,,synthetic
TXN001349,2025-09-06,Vehicle car servicing - Kala Ltd,Vehicle car servicing - Kala Ltd,8648.02,28,1210.72,1210.72,0.0,Kala Ltd,,bank_statement_line,Motor Vehicle Expenses,motor_vehicle,Blocked,"Sec 17(5)(a) blocks ITC on motor vehicles for transport of persons (seating <=13) and related services, unless used for further supply, passenger transport, or driving training.",synthetic
TXN001321,2025-12-25,"Vehicle  vehicle registration fee - Pillai, Hegde and Hari","Vehicle vehicle registration fee - Pillai, Hegde and Hari",3558.81,28,498.24,498.24,0.0,"Pillai, Hegde and Hari",33SQLJE3767C9ZX,invoice,Motor Vehicle Expenses,motor_vehicle,Blocked,"Sec 17(5)(a) blocks ITC on motor vehicles for transport of persons (seating <=13) and related services, unless used for further supply, passenger transport, or driving training.",synthetic
TXN000846,2024-09-23,Sagar-Chada  - broadband internet bill pmt,Sagar-Chada - broadband internet bill payment,4199.64,18,377.97,377.97,0.0,Sagar-Chada,,bank_statement_line,Utilities (Business Electricity/Internet),utilities,Eligible,,synthetic
TXN000636,2024-08-14,"Jani, Roy and Thaker - Shop Rent Payment","Jani, Roy and Thaker - Shop Rent Payment",65432.39,18,5888.91,5888.91,0.0,"Jani, Roy and Thaker",27THTZJ5391M4ZN,receipt,Rent/Lease of Business Premises,rent,Eligible,,synthetic
TXN001627,2024-12-25,GYM MEMBERSHIP - GROVER PLC,gym membership - Grover PLC,29136.61,18,2622.3,2622.3,0.0,Grover PLC,,bank_statement_line,Club/Health/Fitness Memberships,club_membership,Blocked,"Sec 17(5)(b)(ii) blocks ITC on membership of a club, health, or fitness centre.",synthetic
TXN002755,2025-11-14,professional tax payment payment,professional tax payment payment,8738.88,exempt,0.0,0.0,0.0,"Vala, Dixit and Rao",,bank_statement_line,Exempt/Non-GST Expense,exempt_non_gst,Not Applicable,,synthetic
TXN000704,2024-11-21,Salvi LLC - Shop Rent paymnt,Salvi LLC - Shop Rent Payment,46261.64,18,4163.55,4163.55,0.0,Salvi LLC,07VMPQK6462U2ZH,receipt,Rent/Lease of Business Premises,rent,Eligible,,synthetic
TXN002287,2026-04-13,construction payment - wali group for shop renovation works,Construction payment - Wali Group for shop renovation works,135903.76,18,0.0,0.0,24462.68,Wali Group,23GYZTJ3592Z3Z4,invoice,Works Contract/Construction of Immovable Property,works_contract,Blocked,"Sec 17(5)(c)/(d) blocks ITC on works contract services and goods/services for construction of immovable property (other than plant & machinery), even when used for business.",synthetic
TXN000182,2024-04-13,"purchse of adhesive tape rolls from Sangha, Deshmukh and Shenoy","Purchase of adhesive tape rolls from Sangha, Deshmukh and Shenoy",123242.1,18,11091.79,11091.79,0.0,"Sangha, Deshmukh and Shenoy",29INDWW0188H1Z3,invoice,Purchase of Goods (Raw Material/Trading Stock),purchase_goods,Eligible,,synthetic
TXN000763,2024-09-17,Monthly rent - Kamdar PLC,Monthly rent - Kamdar PLC,35907.66,18,0.0,0.0,6463.38,Kamdar PLC,07WUEMM0365Z2ZJ,receipt,Rent/Lease of Business Premises,rent,Eligible,,synthetic
TXN000300,2025-09-10,"Solanki, Raj and Raju - Capital Asset Purchase - CNC lathe","Solanki, Raj and Raju - Capital Asset Purchase - CNC lathe",373560.79,18,33620.47,33620.47,0.0,"Solanki, Raj and Raju",29JLETP1187K9ZE,receipt,Capital Goods,capital_goods,Eligible,,synthetic
TXN001782,2026-12-16,More-Sehgal  - Membership Fee,More-Sehgal - Membership Fee,45999.99,18,4140.0,4140.0,0.0,More-Sehgal,23PTQTV3882P1Z3,invoice,Club/Health/Fitness Memberships,club_membership,Blocked,"Sec 17(5)(b)(ii) blocks ITC on membership of a club, health, or fitness centre.",synthetic
TXN000881,2024-06-18,water supply charges - Swamy-Sagar,water supply charges - Swamy-Sagar,3077.74,18,277.0,277.0,0.0,Swamy-Sagar,,bank_statement_line,Utilities (Business Electricity/Internet),utilities,Eligible,,synthetic
TXN002792,2025-04-09,employee pf contribution payment,employee PF contribution payment,33612.62,exempt,0.0,0.0,0.0,Swaminathan-Sharma,,bank_statement_line,Exempt/Non-GST Expense,exempt_non_gst,Not Applicable,,synthetic
TXN000179,2024-01-26,"RAVEL, GANDHI AND SIBAL - PACKAGING MATERIAL SUPPLY","Ravel, Gandhi and Sibal - packaging material supply",83032.1,18,0.0,0.0,14945.78,"Ravel, Gandhi and Sibal",,bank_statement_line,Purchase of Goods (Raw Material/Trading Stock),purchase_goods,Eligible,,synthetic
TXN001223,2024-04-10,"Vehicle car repair - Bava, Bava and Chokshi","Vehicle car repair - Bava, Bava and Chokshi",20528.48,28,2873.99,2873.99,0.0,"Bava, Bava and Chokshi",09XOFIP2645A6Z3,receipt,Motor Vehicle Expenses,motor_vehicle,Blocked,"Sec 17(5)(a) blocks ITC on motor vehicles for transport of persons (seating <=13) and related services, unless used for further supply, passenger transport, or driving training.",synthetic
TXN001184,2024-12-22,processing fee fee - Chatterjee-Sinha,processing fee fee - Chatterjee-Sinha,1526.8,18,137.41,137.41,0.0,Chatterjee-Sinha,07AQAQW8445T7Z9,invoice,Bank Charges/Financial Services,bank_charges,Eligible,,synthetic
TXN000917,2025-06-28,telephone/mobile plan charges - Sastry Group,telephone/mobile plan charges - Sastry Group,12169.77,18,1095.28,1095.28,0.0,Sastry Group,33HBPKQ8357T7ZB,receipt,Utilities (Business Electricity/Internet),utilities,Eligible,,synthetic
TXN000684,2026-07-27,"lease rental to merchant, pillai and kant for godown","Lease rental to Merchant, Pillai and Kant for godown",10221.29,18,0.0,0.0,1839.83,"Merchant, Pillai and Kant",19XUSWG8392O1ZU,invoice,Rent/Lease of Business Premises,rent,Eligible,,synthetic
TXN001074,2025-11-30,cheque bounce fee fee - Gopal PLC,cheque bounce fee fee - Gopal PLC,2241.33,18,201.72,201.72,0.0,Gopal PLC,32VPBIF3558U7ZQ,invoice,Bank Charges/Financial Services,bank_charges,Eligible,,synthetic
TXN001871,2025-05-30,"employee leave travel airfare - Kuruvilla, Patla and Ramanathan","employee leave travel airfare - Kuruvilla, Patla and Ramanathan",2765.68,5,0.0,0.0,138.28,"Kuruvilla, Patla and Ramanathan",,bank_statement_line,Employee Travel Benefits,employee_travel,Blocked,"Sec 17(5)(b)(iii) blocks ITC on travel benefits extended to employees (e.g. leave/home travel concession), unless obligatory under law.",synthetic
TXN001157,2024-04-27,"processing fee fee - Sehgal, Goel and Som","processing fee fee - Sehgal, Goel and Som",1031.46,18,92.83,92.83,0.0,"Sehgal, Goel and Som",33PZLCW9145J7ZR,invoice,Bank Charges/Financial Services,bank_charges,Eligible,,synthetic
TXN000966,2026-03-16,telephone/mobile  plan charges - Arora Ltd,telephone/mobile plan charges - Arora Ltd,12336.41,18,0.0,0.0,2220.55,Arora Ltd,,bank_statement_line,Utilities (Business Electricity/Internet),utilities,Eligible,,synthetic
TXN000572,2026-12-14,NADIG LTD - IT SUPPORT SVCS INVOICE,Nadig Ltd - IT support services invoice,39797.39,18,3581.76,3581.76,0.0,Nadig Ltd,19YFSVX8433R5ZP,invoice,Input Services (Professional/Consulting/IT),input_services,Eligible,,synthetic
TXN001882,2026-07-23,home travel concession booking - subramaniam group,home travel concession booking - Subramaniam Group,28643.44,5,716.09,716.09,0.0,Subramaniam Group,,bank_statement_line,Employee Travel Benefits,employee_travel,Blocked,"Sec 17(5)(b)(iii) blocks ITC on travel benefits extended to employees (e.g. leave/home travel concession), unless obligatory under law.",synthetic
TXN001702,2025-08-15,club  membership renewal - Prakash and Sons,club membership renewal - Prakash and Sons,48907.69,18,4401.69,4401.69,0.0,Prakash and Sons,24VJHVD3652T3Z1,receipt,Club/Health/Fitness Memberships,club_membership,Blocked,"Sec 17(5)(b)(ii) blocks ITC on membership of a club, health, or fitness centre.",synthetic
TXN002765,2026-08-30,staff salary payment payment,staff salary payment payment,6690.2,exempt,0.0,0.0,0.0,Sandal-Raval,,bank_statement_line,Exempt/Non-GST Expense,exempt_non_gst,Not Applicable,,synthetic
TXN002334,2025-09-28,Construction payment - Keer LLC for warehouse construction contract,Construction payment - Keer LLC for warehouse construction contract,92753.21,18,8347.79,8347.79,0.0,Keer LLC,09NPUUD2628Y3ZH,invoice,Works Contract/Construction of Immovable Property,works_contract,Blocked,"Sec 17(5)(c)/(d) blocks ITC on works contract services and goods/services for construction of immovable property (other than plant & machinery), even when used for business.",synthetic
TXN000923,2026-06-25,"Mody, Kaur and Sanghvi - telephone/mobile plan bill payment","Mody, Kaur and Sanghvi - telephone/mobile plan bill payment",11699.8,18,1052.98,1052.98,0.0,"Mody, Kaur and Sanghvi",32NTQOY7845D5ZF,receipt,Utilities (Business Electricity/Internet),utilities,Eligible,,synthetic
TXN002497,2024-02-23,jha llc - sales invoice,Jha LLC - Sales Invoice,358568.82,18,32271.19,32271.19,0.0,Jha LLC,07XAQTD6060I8ZX,invoice,Sales/Outward Supply,sales_revenue,Not Applicable,,synthetic
TXN000116,2025-02-20,"Purchase of packaging material from Ray, Dubey and Khalsa","Purchase of packaging material from Ray, Dubey and Khalsa",105713.4,18,9514.2,9514.2,0.0,"Ray, Dubey and Khalsa",36IHMQI3848X8ZU,invoice,Purchase of Goods (Raw Material/Trading Stock),purchase_goods,Eligible,,synthetic
TXN002218,2026-05-28,CONSTRUCTION  PAYMENT - RAGHAVAN-SAMRA FOR FLOORING AND FIXTURES WORK,Construction payment - Raghavan-Samra for flooring and fixtures work,693229.9,18,0.0,0.0,124781.38,Raghavan-Samra,,bank_statement_line,Works Contract/Construction of Immovable Property,works_contract,Blocked,"Sec 17(5)(c)/(d) blocks ITC on works contract services and goods/services for construction of immovable property (other than plant & machinery), even when used for business.",synthetic
TXN002620,2026-04-09,EMPLOYEE PF CONTRIBUTION PAYMNT,employee PF contribution payment,56703.86,exempt,0.0,0.0,0.0,Sharaf PLC,33WPYGG5389M2Z5,invoice,Exempt/Non-GST Expense,exempt_non_gst,Not Applicable,,synthetic
TXN001892,2026-02-17,employee leave travel airfare - acharya and sons,employee leave travel airfare - Acharya and Sons,6435.82,5,160.9,160.9,0.0,Acharya and Sons,23HSEXU4089W6ZN,invoice,Employee Travel Benefits,employee_travel,Blocked,"Sec 17(5)(b)(iii) blocks ITC on travel benefits extended to employees (e.g. leave/home travel concession), unless obligatory under law.",synthetic
TXN000739,2024-04-24,baral-bora  - shop rent payment,Baral-Bora - Shop Rent Payment,38041.5,18,3423.74,3423.74,0.0,Baral-Bora,24VJALI1676K1Z6,invoice,Rent/Lease of Business Premises,rent,Eligible,,synthetic
TXN002417,2025-07-09,Rau-Mane - Sales Invoice,Rau-Mane - Sales Invoice,324028.11,18,29162.53,29162.53,0.0,Rau-Mane,19CKLYZ6866X3ZI,invoice,Sales/Outward Supply,sales_revenue,Not Applicable,,synthetic
TXN002520,2024-06-01,"Sale invoice to Din, Raval and Sehgal","Sale invoice to Din, Raval and Sehgal",132359.09,18,11912.32,11912.32,0.0,"Din, Raval and Sehgal",09ZAGSM9316P4Z5,invoice,Sales/Outward Supply,sales_revenue,Not Applicable,,synthetic
TXN002341,2025-05-09,SALVI-NARAIN - WAREHOUSE CONSTRUCTION CONTRACT,Salvi-Narain - warehouse construction contract,615140.57,18,55362.65,55362.65,0.0,Salvi-Narain,,bank_statement_line,Works Contract/Construction of Immovable Property,works_contract,Blocked,"Sec 17(5)(c)/(d) blocks ITC on works contract services and goods/services for construction of immovable property (other than plant & machinery), even when used for business.",synthetic
TXN001545,2025-08-17,catering payment - nazareth group,Catering payment - Nazareth Group,896.65,5,22.41,22.41,0.0,Nazareth Group,09TNEMN0971A9ZH,receipt,Food & Beverages/Outdoor Catering,food_catering,Blocked,"Sec 17(5)(b)(i) explicitly blocks ITC on food and beverages and outdoor catering, unless used to make an outward taxable supply of the same category or as part of a composite/mixed supply.",synthetic
TXN000550,2025-06-27,Pathak-Rajagopal - auditing srvcs services invoice,Pathak-Rajagopal - auditing services services invoice,27506.89,18,0.0,0.0,4951.24,Pathak-Rajagopal,,bank_statement_line,Input Services (Professional/Consulting/IT),input_services,Eligible,,synthetic
TXN001736,2026-09-24,club membership renewal - Viswanathan-Deshmukh,club membership renewal - Viswanathan-Deshmukh,28226.34,18,0.0,0.0,5080.74,Viswanathan-Deshmukh,,bank_statement_line,Club/Health/Fitness Memberships,club_membership,Blocked,"Sec 17(5)(b)(ii) blocks ITC on membership of a club, health, or fitness centre.",synthetic
TXN002055,2024-06-30,employee medical reimbursement premium payment - Iyengar-Prashad,employee medical reimbursement premium payment - Iyengar-Prashad,8198.86,18,737.89,737.89,0.0,Iyengar-Prashad,23WYQKN0689V3Z3,receipt,Employee Insurance/Reimbursements,employee_insurance,Blocked,Sec 17(5)(b) blocks ITC on health/life insurance for employees unless it is obligatory for the employer under any law for the time being in force.,synthetic
TXN000860,2024-04-07,broadband internet charges - Agrawal-Kala,broadband internet charges - Agrawal-Kala,9183.12,18,826.48,826.48,0.0,Agrawal-Kala,23XSTKD1077P8ZY,invoice,Utilities (Business Electricity/Internet),utilities,Eligible,,synthetic
TXN000949,2024-07-03,Patel LLC - electricity bill payment,Patel LLC - electricity bill payment,9030.73,18,812.76,812.76,0.0,Patel LLC,24ARLZR4006L5ZF,invoice,Utilities (Business Electricity/Internet),utilities,Eligible,,synthetic
TXN000933,2024-08-15,telephone/mobile plan charges - deol-dhar,telephone/mobile plan charges - Deol-Dhar,3006.89,18,270.62,270.62,0.0,Deol-Dhar,23YXYHD7786N2ZJ,receipt,Utilities (Business Electricity/Internet),utilities,Eligible,,synthetic
TXN002577,2024-03-09,Sale inv to Bahl LLC,Sale invoice to Bahl LLC,63923.26,18,5753.1,5753.1,0.0,Bahl LLC,,bank_statement_line,Sales/Outward Supply,sales_revenue,Not Applicable,,synthetic
TXN002291,2026-09-07,Iyengar-Sachdeva - building repair works contract,Iyengar-Sachdeva - building repair works contract,978999.0,18,88109.91,88109.91,0.0,Iyengar-Sachdeva,,bank_statement_line,Works Contract/Construction of Immovable Property,works_contract,Blocked,"Sec 17(5)(c)/(d) blocks ITC on works contract services and goods/services for construction of immovable property (other than plant & machinery), even when used for business.",synthetic
TXN001740,2025-11-30,Balan LLC - Membership Fee,Balan LLC - Membership Fee,25571.43,18,2301.43,2301.43,0.0,Balan LLC,33BJYYF7111G6ZJ,invoice,Club/Health/Fitness Memberships,club_membership,Blocked,"Sec 17(5)(b)(ii) blocks ITC on membership of a club, health, or fitness centre.",synthetic
TXN000042,2025-07-05,"PAYMENT TO CHERIAN, MISRA AND TRIPATHI FOR RAW PLASTIC PELLETS","Payment to Cherian, Misra and Tripathi for raw plastic pellets",101307.61,18,0.0,0.0,18235.37,"Cherian, Misra and Tripathi",,bank_statement_line,Purchase of Goods (Raw Material/Trading Stock),purchase_goods,Eligible,,synthetic
TXN000347,2025-12-01,"Purchase of industrial sewing machine - Dasgupta, Sha and Pillay","Purchase of industrial sewing machine - Dasgupta, Sha and Pillay",302803.48,18,0.0,0.0,54504.63,"Dasgupta, Sha and Pillay",,bank_statement_line,Capital Goods,capital_goods,Eligible,,synthetic
TXN000744,2026-01-09,"Jayaraman, Ranganathan and Khatri - Shop Rent Payment","Jayaraman, Ranganathan and Khatri - Shop Rent Payment",97031.6,18,8732.84,8732.84,0.0,"Jayaraman, Ranganathan and Khatri",07EBUTW2578V4ZT,receipt,Rent/Lease of Business Premises,rent,Eligible,,synthetic
TXN000587,2024-01-16,"IT support chgs - Balasubramanian, Tank and Mann","IT support charges - Balasubramanian, Tank and Mann",3669.02,18,0.0,0.0,660.42,"Balasubramanian, Tank and Mann",23XQTLT7775Q2ZJ,receipt,Input Services (Professional/Consulting/IT),input_services,Eligible,,synthetic
TXN001819,2026-07-22,"home travel concession booking - Naik, Ahuja and Comar","home travel concession booking - Naik, Ahuja and Comar",41296.42,5,1032.41,1032.41,0.0,"Naik, Ahuja and Comar",27QMXSD0051E2ZZ,receipt,Employee Travel Benefits,employee_travel,Blocked,"Sec 17(5)(b)(iii) blocks ITC on travel benefits extended to employees (e.g. leave/home travel concession), unless obligatory under law.",synthetic
TXN001060,2026-06-03,"loan processing fee fee - Sridhar, Acharya and Narula","loan processing fee fee - Sridhar, Acharya and Narula",998.33,18,89.85,89.85,0.0,"Sridhar, Acharya and Narula",,bank_statement_line,Bank Charges/Financial Services,bank_charges,Eligible,,synthetic
TXN000730,2024-10-17,Yogi Group - Shop Rent Payment,Yogi Group - Shop Rent Payment,36839.67,18,0.0,0.0,6631.14,Yogi Group,07PBJMM9894O8ZJ,invoice,Rent/Lease of Business Premises,rent,Eligible,,synthetic
TXN001706,2026-04-05,gym membership - mody group,gym membership - Mody Group,38362.92,18,0.0,0.0,6905.33,Mody Group,24UURSD0487Q7ZC,receipt,Club/Health/Fitness Memberships,club_membership,Blocked,"Sec 17(5)(b)(ii) blocks ITC on membership of a club, health, or fitness centre.",synthetic
TXN001517,2026-09-18,catering paymnt - kade group,Catering payment - Kade Group,17776.73,5,0.0,0.0,888.84,Kade Group,29QSIKK2551Z8Z7,invoice,Food & Beverages/Outdoor Catering,food_catering,Blocked,"Sec 17(5)(b)(i) explicitly blocks ITC on food and beverages and outdoor catering, unless used to make an outward taxable supply of the same category or as part of a composite/mixed supply.",synthetic
TXN002295,2026-12-08,Construction paymnt - Sibal LLC for warehouse construction contract,Construction payment - Sibal LLC for warehouse construction contract,831178.87,18,74806.1,74806.1,0.0,Sibal LLC,09LYRNQ8550M7Z6,invoice,Works Contract/Construction of Immovable Property,works_contract,Blocked,"Sec 17(5)(c)/(d) blocks ITC on works contract services and goods/services for construction of immovable property (other than plant & machinery), even when used for business.",synthetic
TXN002475,2025-11-03,Kata-Tripathi - Sales Invoice,Kata-Tripathi - Sales Invoice,429282.38,18,0.0,0.0,77270.83,Kata-Tripathi,29LOQEB4756W2ZR,receipt,Sales/Outward Supply,sales_revenue,Not Applicable,,synthetic
TXN001705,2024-06-13,wellness center package - Oza Ltd,wellness center package - Oza Ltd,34262.25,18,0.0,0.0,6167.2,Oza Ltd,,bank_statement_line,Club/Health/Fitness Memberships,club_membership,Blocked,"Sec 17(5)(b)(ii) blocks ITC on membership of a club, health, or fitness centre.",synthetic
TXN000967,2024-06-19,telephone/mobile plan charges - Apte and Sons,telephone/mobile plan charges - Apte and Sons,3486.85,18,313.81,313.81,0.0,Apte and Sons,32AYXIB6309D4ZG,invoice,Utilities (Business Electricity/Internet),utilities,Eligible,,synthetic
TXN000142,2024-12-10,pymt to Acharya-Modi for yarn,Payment to Acharya-Modi for yarn,85726.11,18,7715.35,7715.35,0.0,Acharya-Modi,,bank_statement_line,Purchase of Goods (Raw Material/Trading Stock),purchase_goods,Eligible,,synthetic
TXN001041,2026-12-23,POS machine rental fee - Iyengar-Vora,POS machine rental fee - Iyengar-Vora,4473.47,18,402.61,402.61,0.0,Iyengar-Vora,,bank_statement_line,Bank Charges/Financial Services,bank_charges,Eligible,,synthetic
TXN002624,2024-01-12,"suresh, ramaswamy and yohannan - professional tax payment","Suresh, Ramaswamy and Yohannan - professional tax payment",29398.44,exempt,0.0,0.0,0.0,"Suresh, Ramaswamy and Yohannan",09IBBVM3666A5Z4,receipt,Exempt/Non-GST Expense,exempt_non_gst,Not Applicable,,synthetic
TXN001474,2026-10-23,"Catering paymnt - Talwar, Sarna and Anne","Catering payment - Talwar, Sarna and Anne",8293.61,5,0.0,0.0,414.68,"Talwar, Sarna and Anne",,bank_statement_line,Food & Beverages/Outdoor Catering,food_catering,Blocked,"Sec 17(5)(b)(i) explicitly blocks ITC on food and beverages and outdoor catering, unless used to make an outward taxable supply of the same category or as part of a composite/mixed supply.",synthetic
TXN000681,2025-05-29,MONTHLY RENT - DANI GROUP,Monthly rent - Dani Group,96295.57,18,0.0,0.0,17333.2,Dani Group,23VZKQW2722Q6Z0,invoice,Rent/Lease of Business Premises,rent,Eligible,,synthetic
TXN002763,2025-02-19,Andra-Tata - employee PF contribution,Andra-Tata - employee PF contribution,52725.23,exempt,0.0,0.0,0.0,Andra-Tata,27WXGZL6430X9ZQ,receipt,Exempt/Non-GST Expense,exempt_non_gst,Not Applicable,,synthetic
TXN000474,2025-01-03,legal consultation chrgs - Vyas Inc,legal consultation charges - Vyas Inc,24914.5,18,0.0,0.0,4484.61,Vyas Inc,36VUNBV5867G2ZL,receipt,Input Services (Professional/Consulting/IT),input_services,Eligible,,synthetic
TXN001794,2026-06-27,gym membership - Misra LLC,gym membership - Misra LLC,38585.94,18,3472.74,3472.74,0.0,Misra LLC,32TXVTN1242H6ZB,receipt,Club/Health/Fitness Memberships,club_membership,Blocked,"Sec 17(5)(b)(ii) blocks ITC on membership of a club, health, or fitness centre.",synthetic
TXN002725,2025-02-26,MUNICIPAL TAX PMT PAYMENT,municipal tax payment payment,57926.34,exempt,0.0,0.0,0.0,"Rama, Upadhyay and Prasad",07CMINM1610A7ZF,invoice,Exempt/Non-GST Expense,exempt_non_gst,Not Applicable,,synthetic
TXN001124,2024-04-14,Divan PLC - loan processing fee,Divan PLC - loan processing fee,4337.55,18,390.38,390.38,0.0,Divan PLC,29ZEEWI6281A2ZZ,invoice,Bank Charges/Financial Services,bank_charges,Eligible,,synthetic
TXN002782,2025-05-03,Raman-Dugar - employee PF contribution,Raman-Dugar - employee PF contribution,16378.99,exempt,0.0,0.0,0.0,Raman-Dugar,19FXCDE9321N7ZT,receipt,Exempt/Non-GST Expense,exempt_non_gst,Not Applicable,,synthetic
TXN002127,2026-11-23,banerjee ltd - employee medical reimbursement,Banerjee Ltd - employee medical reimbursement,94186.88,18,8476.82,8476.82,0.0,Banerjee Ltd,33HRMRQ8753L3ZT,receipt,Employee Insurance/Reimbursements,employee_insurance,Blocked,Sec 17(5)(b) blocks ITC on health/life insurance for employees unless it is obligatory for the employer under any law for the time being in force.,synthetic
TXN000185,2026-08-13,Payment to Narain-Nazareth for yarn,Payment to Narain-Nazareth for yarn,71377.53,18,6423.98,6423.98,0.0,Narain-Nazareth,32UFPYS7288O5ZN,invoice,Purchase of Goods (Raw Material/Trading Stock),purchase_goods,Eligible,,synthetic
TXN002751,2024-10-05,Devi Ltd - staff salary payment,Devi Ltd - staff salary payment,51711.33,exempt,0.0,0.0,0.0,Devi Ltd,,bank_statement_line,Exempt/Non-GST Expense,exempt_non_gst,Not Applicable,,synthetic
TXN002473,2024-06-16,PAYMENT RECEIVED FROM EDWIN LLC FOR RETAIL SALE,Payment received from Edwin LLC for retail sale,385852.97,18,0.0,0.0,69453.53,Edwin LLC,24JNJVD5242Q2Z1,invoice,Sales/Outward Supply,sales_revenue,Not Applicable,,synthetic
TXN002052,2025-10-16,NANDA AND SONS - STAFF LIFE INSURANCE PREMIUM,Nanda and Sons - staff life insurance premium,84832.47,18,7634.92,7634.92,0.0,Nanda and Sons,29VJCYV3487R6ZE,invoice,Employee Insurance/Reimbursements,employee_insurance,Blocked,Sec 17(5)(b) blocks ITC on health/life insurance for employees unless it is obligatory for the employer under any law for the time being in force.,synthetic
TXN000976,2025-12-30,"GANESAN,  PILLAI AND DUGAR - ELECTRICITY BILL PAYMENT","Ganesan, Pillai and Dugar - electricity bill payment",13477.94,18,1213.02,1213.02,0.0,"Ganesan, Pillai and Dugar",,bank_statement_line,Utilities (Business Electricity/Internet),utilities,Eligible,,synthetic
TXN001335,2026-12-20,Vehicle car servicing - Palla and Sons,Vehicle car servicing - Palla and Sons,23218.3,28,3250.56,3250.56,0.0,Palla and Sons,,bank_statement_line,Motor Vehicle Expenses,motor_vehicle,Blocked,"Sec 17(5)(a) blocks ITC on motor vehicles for transport of persons (seating <=13) and related services, unless used for further supply, passenger transport, or driving training.",synthetic
TXN000761,2024-02-19,Sachar and Sons - Shop Rent Payment,Sachar and Sons - Shop Rent Payment,41882.52,18,3769.43,3769.43,0.0,Sachar and Sons,23ALSBC8645H3ZH,receipt,Rent/Lease of Business Premises,rent,Eligible,,synthetic
TXN002521,2025-09-07,"sale inv to jha, sathe and pai","Sale invoice to Jha, Sathe and Pai",153784.97,18,0.0,0.0,27681.29,"Jha, Sathe and Pai",,bank_statement_line,Sales/Outward Supply,sales_revenue,Not Applicable,,synthetic
TXN000069,2024-11-05,Handa and Sons - raw plastic pellets supply,Handa and Sons - raw plastic pellets supply,35822.19,18,3223.99,3223.99,0.0,Handa and Sons,33PTREU4774S6ZU,invoice,Purchase of Goods (Raw Material/Trading Stock),purchase_goods,Eligible,,synthetic
TXN001875,2024-03-17,staff outing travel booking - Srinivas-Shenoy,staff outing travel booking - Srinivas-Shenoy,65680.08,5,0.0,0.0,3284.0,Srinivas-Shenoy,32XRAGY0824R6ZF,receipt,Employee Travel Benefits,employee_travel,Blocked,"Sec 17(5)(b)(iii) blocks ITC on travel benefits extended to employees (e.g. leave/home travel concession), unless obligatory under law.",synthetic
TXN001648,2024-03-20,"Sagar, Pillay and Bhardwaj - Membership Fee","Sagar, Pillay and Bhardwaj - Membership Fee",45756.79,18,4118.11,4118.11,0.0,"Sagar, Pillay and Bhardwaj",19BSDIH4676S8Z3,invoice,Club/Health/Fitness Memberships,club_membership,Blocked,"Sec 17(5)(b)(ii) blocks ITC on membership of a club, health, or fitness centre.",synthetic
TXN002010,2025-05-26,"Yadav, Dixit and Kaul - employee medical reimbursement","Yadav, Dixit and Kaul - employee medical reimbursement",39249.35,18,3532.44,3532.44,0.0,"Yadav, Dixit and Kaul",,bank_statement_line,Employee Insurance/Reimbursements,employee_insurance,Blocked,Sec 17(5)(b) blocks ITC on health/life insurance for employees unless it is obligatory for the employer under any law for the time being in force.,synthetic
TXN002137,2024-07-04,"STAFF LIFE INSURANCE PREMIUM PREMIUM PYMT - SRINIVAS, BARIA AND DEWAN","staff life insurance premium premium payment - Srinivas, Baria and Dewan",40836.63,18,0.0,0.0,7350.59,"Srinivas, Baria and Dewan",27JCGLM7976J9ZG,invoice,Employee Insurance/Reimbursements,employee_insurance,Blocked,Sec 17(5)(b) blocks ITC on health/life insurance for employees unless it is obligatory for the employer under any law for the time being in force.,synthetic
TXN000936,2026-03-26,water supply charges - kala-doshi,water supply charges - Kala-Doshi,13260.79,18,1193.47,1193.47,0.0,Kala-Doshi,33YZHNT7497C8Z2,invoice,Utilities (Business Electricity/Internet),utilities,Eligible,,synthetic
TXN000082,2024-06-18,"Bhat, Murthy and Bhandari - raw cotton supply","Bhat, Murthy and Bhandari - raw cotton supply",117235.81,18,0.0,0.0,21102.45,"Bhat, Murthy and Bhandari",19DJXTX3944Z9ZR,receipt,Purchase of Goods (Raw Material/Trading Stock),purchase_goods,Eligible,,synthetic
TXN001470,2025-01-11,CATERING PAYMNT - LALL AND SONS,Catering payment - Lall and Sons,11401.35,5,285.04,285.04,0.0,Lall and Sons,,bank_statement_line,Food & Beverages/Outdoor Catering,food_catering,Blocked,"Sec 17(5)(b)(i) explicitly blocks ITC on food and beverages and outdoor catering, unless used to make an outward taxable supply of the same category or as part of a composite/mixed supply.",synthetic
TXN001202,2024-05-25,Dayal  PLC - vehicle registration fee,Dayal PLC - vehicle registration fee,34902.98,28,0.0,0.0,9772.83,Dayal PLC,,bank_statement_line,Motor Vehicle Expenses,motor_vehicle,Blocked,"Sec 17(5)(a) blocks ITC on motor vehicles for transport of persons (seating <=13) and related services, unless used for further supply, passenger transport, or driving training.",synthetic
TXN002672,2025-10-03,employee PF contribution payment,employee PF contribution payment,18325.02,exempt,0.0,0.0,0.0,Rajagopalan-Shetty,19PMCRD5338T4Z8,receipt,Exempt/Non-GST Expense,exempt_non_gst,Not Applicable,,synthetic
TXN000137,2025-10-03,"Payment to Murthy, Dash and Mital for yarn","Payment to Murthy, Dash and Mital for yarn",64718.15,18,5824.64,5824.64,0.0,"Murthy, Dash and Mital",07HSUPU5311V8Z7,invoice,Purchase of Goods (Raw Material/Trading Stock),purchase_goods,Eligible,,synthetic
TXN001071,2026-11-16,cheque  bounce fee fee - Mohanty-Menon,cheque bounce fee fee - Mohanty-Menon,1195.27,18,107.58,107.58,0.0,Mohanty-Menon,07FNKWB2856F7ZC,invoice,Bank Charges/Financial Services,bank_charges,Eligible,,synthetic
TXN001016,2024-10-08,POS machine rental fee - Dugar Ltd,POS machine rental fee - Dugar Ltd,441.44,18,0.0,0.0,79.46,Dugar Ltd,,bank_statement_line,Bank Charges/Financial Services,bank_charges,Eligible,,synthetic
TXN001211,2025-08-27,THAKUR-MOHAN - CAR SERVICING,Thakur-Mohan - car servicing,45568.19,28,0.0,0.0,12759.09,Thakur-Mohan,29CNOOI8261U7ZC,receipt,Motor Vehicle Expenses,motor_vehicle,Blocked,"Sec 17(5)(a) blocks ITC on motor vehicles for transport of persons (seating <=13) and related services, unless used for further supply, passenger transport, or driving training.",synthetic
TXN002001,2024-07-30,"employee  medical reimbursement premium payment - Gupta, Dey and Banik","employee medical reimbursement premium payment - Gupta, Dey and Banik",33495.99,18,3014.64,3014.64,0.0,"Gupta, Dey and Banik",32QWFLA3605T5Z8,receipt,Employee Insurance/Reimbursements,employee_insurance,Blocked,Sec 17(5)(b) blocks ITC on health/life insurance for employees unless it is obligatory for the employer under any law for the time being in force.,synthetic
TXN002358,2026-05-13,Construction pmt - Pillai and Sons for building repair works contract,Construction payment - Pillai and Sons for building repair works contract,160443.06,18,14439.88,14439.88,0.0,Pillai and Sons,33ZNSAS4347Y1ZP,receipt,Works Contract/Construction of Immovable Property,works_contract,Blocked,"Sec 17(5)(c)/(d) blocks ITC on works contract services and goods/services for construction of immovable property (other than plant & machinery), even when used for business.",synthetic
TXN002604,2026-11-30,Tella and Sons - staff salary payment,Tella and Sons - staff salary payment,18455.0,exempt,0.0,0.0,0.0,Tella and Sons,23HKZTJ1862U2Z7,receipt,Exempt/Non-GST Expense,exempt_non_gst,Not Applicable,,synthetic
TXN000749,2024-12-01,"Singh, Nagarajan and Jani - Shop Rent Payment","Singh, Nagarajan and Jani - Shop Rent Payment",82552.56,18,0.0,0.0,14859.46,"Singh, Nagarajan and Jani",32VLYMG8035O8Z8,invoice,Rent/Lease of Business Premises,rent,Eligible,,synthetic
TXN001486,2024-12-30,Catering payment - Gill-Ray,Catering payment - Gill-Ray,862.18,5,21.55,21.55,0.0,Gill-Ray,,bank_statement_line,Food & Beverages/Outdoor Catering,food_catering,Blocked,"Sec 17(5)(b)(i) explicitly blocks ITC on food and beverages and outdoor catering, unless used to make an outward taxable supply of the same category or as part of a composite/mixed supply.",synthetic
TXN002313,2025-05-19,Construction  payment - Chana-Ranganathan for flooring and fixtures work,Construction payment - Chana-Ranganathan for flooring and fixtures work,726401.34,18,65376.12,65376.12,0.0,Chana-Ranganathan,33ZZTVE2809I4ZB,receipt,Works Contract/Construction of Immovable Property,works_contract,Blocked,"Sec 17(5)(c)/(d) blocks ITC on works contract services and goods/services for construction of immovable property (other than plant & machinery), even when used for business.",synthetic
TXN000757,2025-09-26,"Lease rental to Swaminathan, Sharma and Ganguly for office unit","Lease rental to Swaminathan, Sharma and Ganguly for office unit",42956.99,18,0.0,0.0,7732.26,"Swaminathan, Sharma and Ganguly",23GCGVQ0336P1ZU,invoice,Rent/Lease of Business Premises,rent,Eligible,,synthetic
TXN001955,2024-09-03,"home  travel concession booking - Barman, Chatterjee and Wali","home travel concession booking - Barman, Chatterjee and Wali",5400.64,5,135.01,135.01,0.0,"Barman, Chatterjee and Wali",09FZITL9982L9Z0,invoice,Employee Travel Benefits,employee_travel,Blocked,"Sec 17(5)(b)(iii) blocks ITC on travel benefits extended to employees (e.g. leave/home travel concession), unless obligatory under law.",synthetic
TXN002419,2026-05-23,Sankaran-Mukherjee - Sales Invoice,Sankaran-Mukherjee - Sales Invoice,194937.8,18,17544.4,17544.4,0.0,Sankaran-Mukherjee,,bank_statement_line,Sales/Outward Supply,sales_revenue,Not Applicable,,synthetic
TXN001841,2025-01-16,employee staff outing travel booking booking - gupta llc,Employee staff outing travel booking booking - Gupta LLC,58448.44,5,1461.21,1461.21,0.0,Gupta LLC,07IILED6792Q2ZH,invoice,Employee Travel Benefits,employee_travel,Blocked,"Sec 17(5)(b)(iii) blocks ITC on travel benefits extended to employees (e.g. leave/home travel concession), unless obligatory under law.",synthetic
TXN001925,2026-06-22,staff outing travel booking - Korpal Group,staff outing travel booking - Korpal Group,22823.47,5,0.0,0.0,1141.17,Korpal Group,,bank_statement_line,Employee Travel Benefits,employee_travel,Blocked,"Sec 17(5)(b)(iii) blocks ITC on travel benefits extended to employees (e.g. leave/home travel concession), unless obligatory under law.",synthetic
TXN000764,2026-07-10,lease rental to prakash-bhasin for warehouse space,Lease rental to Prakash-Bhasin for warehouse space,98837.28,18,8895.35,8895.35,0.0,Prakash-Bhasin,09VJFGB4870V6ZZ,invoice,Rent/Lease of Business Premises,rent,Eligible,,synthetic
TXN002045,2024-10-12,"patla, mane and kadakia - staff life insurance premium","Patla, Mane and Kadakia - staff life insurance premium",59543.69,18,5358.93,5358.93,0.0,"Patla, Mane and Kadakia",32HTPEP0156X1ZO,receipt,Employee Insurance/Reimbursements,employee_insurance,Blocked,Sec 17(5)(b) blocks ITC on health/life insurance for employees unless it is obligatory for the employer under any law for the time being in force.,synthetic
TXN002024,2025-02-09,STAFF LIFE INSURANCE PREMIUM PREMIUM PAYMENT - MAHAL AND SONS,staff life insurance premium premium payment - Mahal and Sons,95033.15,18,8552.99,8552.99,0.0,Mahal and Sons,32LTIVS3434Y9Z0,receipt,Employee Insurance/Reimbursements,employee_insurance,Blocked,Sec 17(5)(b) blocks ITC on health/life insurance for employees unless it is obligatory for the employer under any law for the time being in force.,synthetic
TXN002138,2025-05-19,"Dada, Morar and Bakshi - employee medical reimbursement","Dada, Morar and Bakshi - employee medical reimbursement",21954.9,18,0.0,0.0,3951.88,"Dada, Morar and Bakshi",,bank_statement_line,Employee Insurance/Reimbursements,employee_insurance,Blocked,Sec 17(5)(b) blocks ITC on health/life insurance for employees unless it is obligatory for the employer under any law for the time being in force.,synthetic
TXN001197,2025-08-31,GOLE-BUCH - BANK CHARGES,Gole-Buch - Bank Charges,2202.15,18,198.19,198.19,0.0,Gole-Buch,,bank_statement_line,Bank Charges/Financial Services,bank_charges,Eligible,,synthetic
TXN000578,2024-05-11,PAYROLL PROCESSING CHARGES - NAIDU LTD,payroll processing charges - Naidu Ltd,39985.81,18,0.0,0.0,7197.45,Naidu Ltd,23MLMZM8209I9ZU,invoice,Input Services (Professional/Consulting/IT),input_services,Eligible,,synthetic
TXN002336,2026-06-01,"NADIG, RAY AND BANDI - FLOORING AND FIXTURES WORK","Nadig, Ray and Bandi - flooring and fixtures work",484212.85,18,0.0,0.0,87158.31,"Nadig, Ray and Bandi",09KKBLW0521V8Z2,invoice,Works Contract/Construction of Immovable Property,works_contract,Blocked,"Sec 17(5)(c)/(d) blocks ITC on works contract services and goods/services for construction of immovable property (other than plant & machinery), even when used for business.",synthetic
TXN002382,2024-10-15,CONSTRUCTION PAYMENT - CHAKRABORTY LLC FOR BUILDING REPAIR WORKS CONTRACT,Construction payment - Chakraborty LLC for building repair works contract,679422.37,18,61148.01,61148.01,0.0,Chakraborty LLC,,bank_statement_line,Works Contract/Construction of Immovable Property,works_contract,Blocked,"Sec 17(5)(c)/(d) blocks ITC on works contract services and goods/services for construction of immovable property (other than plant & machinery), even when used for business.",synthetic
TXN001698,2025-01-16,NAGI LLC - MEMBERSHIP FEE,Nagi LLC - Membership Fee,43033.35,18,3873.0,3873.0,0.0,Nagi LLC,,bank_statement_line,Club/Health/Fitness Memberships,club_membership,Blocked,"Sec 17(5)(b)(ii) blocks ITC on membership of a club, health, or fitness centre.",synthetic
TXN002451,2025-05-23,"Payment received from Rana, Mittal and Chahal for wholesale supply","Payment received from Rana, Mittal and Chahal for wholesale supply",106198.69,18,9557.88,9557.88,0.0,"Rana, Mittal and Chahal",29MVVQB8314F7ZO,invoice,Sales/Outward Supply,sales_revenue,Not Applicable,,synthetic
TXN002082,2024-02-13,"Mody,  Edwin and Sharaf - staff life insurance premium","Mody, Edwin and Sharaf - staff life insurance premium",98344.26,18,8850.99,8850.99,0.0,"Mody, Edwin and Sharaf",32IVKWO9237B4ZQ,invoice,Employee Insurance/Reimbursements,employee_insurance,Blocked,Sec 17(5)(b) blocks ITC on health/life insurance for employees unless it is obligatory for the employer under any law for the time being in force.,synthetic
TXN000333,2024-08-20,"industrial sewing machine installation invoice from Pandey, Kanda and Gupta","industrial sewing machine installation invoice from Pandey, Kanda and Gupta",729803.21,18,65682.29,65682.29,0.0,"Pandey, Kanda and Gupta",29JMBJQ7571K4Z8,invoice,Capital Goods,capital_goods,Eligible,,synthetic
TXN000626,2026-09-29,"Walia, Suri and Mistry - Shop Rent Payment","Walia, Suri and Mistry - Shop Rent Payment",24453.24,18,2200.79,2200.79,0.0,"Walia, Suri and Mistry",29DIYPF8740J1ZH,receipt,Rent/Lease of Business Premises,rent,Eligible,,synthetic
TXN001183,2024-08-22,Garde-Golla - account maintenance charge,Garde-Golla - account maintenance charge,2920.5,18,0.0,0.0,525.69,Garde-Golla,29JWWPS1853G8ZC,invoice,Bank Charges/Financial Services,bank_charges,Eligible,,synthetic
TXN000613,2025-06-30,Lease rental to Hayer LLC for shop premises,Lease rental to Hayer LLC for shop premises,69606.99,18,6264.63,6264.63,0.0,Hayer LLC,,bank_statement_line,Rent/Lease of Business Premises,rent,Eligible,,synthetic
TXN000039,2025-08-19,purch  of plastic granules from Memon Group,Purchase of plastic granules from Memon Group,900.02,18,81.0,81.0,0.0,Memon Group,,bank_statement_line,Purchase of Goods (Raw Material/Trading Stock),purchase_goods,Eligible,,synthetic
TXN002651,2026-09-25,Walia-Sen - municipal tax payment,Walia-Sen - municipal tax payment,14656.41,exempt,0.0,0.0,0.0,Walia-Sen,23OPIRA0738D5ZB,receipt,Exempt/Non-GST Expense,exempt_non_gst,Not Applicable,,synthetic
TXN000562,2026-02-10,Professional fees to Nagarajan Ltd for website maintenance,Professional fees to Nagarajan Ltd for website maintenance,42667.25,18,3840.05,3840.05,0.0,Nagarajan Ltd,33RJSIS7273M2Z4,invoice,Input Services (Professional/Consulting/IT),input_services,Eligible,,synthetic
TXN000461,2024-12-10,website maintenance charges - oza ltd,website maintenance charges - Oza Ltd,6138.3,18,0.0,0.0,1104.89,Oza Ltd,,bank_statement_line,Input Services (Professional/Consulting/IT),input_services,Eligible,,synthetic
TXN001938,2026-07-16,Employee employee leave travel airfare booking - Atwal-Choudhury,Employee employee leave travel airfare booking - Atwal-Choudhury,26943.04,5,673.58,673.58,0.0,Atwal-Choudhury,24DKIHK4249G6ZE,receipt,Employee Travel Benefits,employee_travel,Blocked,"Sec 17(5)(b)(iii) blocks ITC on travel benefits extended to employees (e.g. leave/home travel concession), unless obligatory under law.",synthetic
TXN001856,2024-11-23,"employee staff outing travel booking booking - palla, nagar and madan","Employee staff outing travel booking booking - Palla, Nagar and Madan",11059.17,5,276.48,276.48,0.0,"Palla, Nagar and Madan",,bank_statement_line,Employee Travel Benefits,employee_travel,Blocked,"Sec 17(5)(b)(iii) blocks ITC on travel benefits extended to employees (e.g. leave/home travel concession), unless obligatory under law.",synthetic
TXN002689,2025-10-30,Iyer Ltd - employee PF contribution,Iyer Ltd - employee PF contribution,49213.48,exempt,0.0,0.0,0.0,Iyer Ltd,33VDTGS0812T7Z8,receipt,Exempt/Non-GST Expense,exempt_non_gst,Not Applicable,,synthetic
TXN001136,2024-11-25,account maintenance charge fee - Ratti Inc,account maintenance charge fee - Ratti Inc,4327.93,18,389.51,389.51,0.0,Ratti Inc,23XICGJ5532M1Z3,invoice,Bank Charges/Financial Services,bank_charges,Eligible,,synthetic
TXN001451,2025-09-12,KAUL-CHACKO - CLIENT MEETING REFRESHMENTS,Kaul-Chacko - client meeting refreshments,7255.9,5,181.4,181.4,0.0,Kaul-Chacko,29IBBHA4078T7ZX,invoice,Food & Beverages/Outdoor Catering,food_catering,Blocked,"Sec 17(5)(b)(i) explicitly blocks ITC on food and beverages and outdoor catering, unless used to make an outward taxable supply of the same category or as part of a composite/mixed supply.",synthetic
TXN001480,2026-09-24,Catering pmt - Ratta-Pandit,Catering payment - Ratta-Pandit,252.92,5,6.33,6.33,0.0,Ratta-Pandit,,bank_statement_line,Food & Beverages/Outdoor Catering,food_catering,Blocked,"Sec 17(5)(b)(i) explicitly blocks ITC on food and beverages and outdoor catering, unless used to make an outward taxable supply of the same category or as part of a composite/mixed supply.",synthetic
TXN002148,2025-01-06,"Sane, Pingle and Raju - employee group health insurance","Sane, Pingle and Raju - employee group health insurance",75144.06,18,6762.97,6762.97,0.0,"Sane, Pingle and Raju",07YPWEW6911C6ZA,invoice,Employee Insurance/Reimbursements,employee_insurance,Blocked,Sec 17(5)(b) blocks ITC on health/life insurance for employees unless it is obligatory for the employer under any law for the time being in force.,synthetic
TXN002426,2026-07-15,Payment received from Baria PLC for wholesale supply,Payment received from Baria PLC for wholesale supply,183767.43,18,0.0,0.0,33078.14,Baria PLC,,bank_statement_line,Sales/Outward Supply,sales_revenue,Not Applicable,,synthetic
TXN002119,2025-05-31,staff life insurance premium premium payment - Mani-Batta,staff life insurance premium premium payment - Mani-Batta,21273.76,18,0.0,0.0,3829.28,Mani-Batta,33DFFQD1844F8Z3,receipt,Employee Insurance/Reimbursements,employee_insurance,Blocked,Sec 17(5)(b) blocks ITC on health/life insurance for employees unless it is obligatory for the employer under any law for the time being in force.,synthetic
TXN001928,2025-06-06,home travel concession booking - Singh Group,home travel concession booking - Singh Group,64399.28,5,0.0,0.0,3219.96,Singh Group,,bank_statement_line,Employee Travel Benefits,employee_travel,Blocked,"Sec 17(5)(b)(iii) blocks ITC on travel benefits extended to employees (e.g. leave/home travel concession), unless obligatory under law.",synthetic
TXN001855,2024-12-29,"Employee staff outing travel booking booking - Varkey, Chaudry and Jhaveri","Employee staff outing travel booking booking - Varkey, Chaudry and Jhaveri",44806.73,5,1120.17,1120.17,0.0,"Varkey, Chaudry and Jhaveri",,bank_statement_line,Employee Travel Benefits,employee_travel,Blocked,"Sec 17(5)(b)(iii) blocks ITC on travel benefits extended to employees (e.g. leave/home travel concession), unless obligatory under law.",synthetic
TXN001664,2025-12-11,acharya-banerjee - membership fee,Acharya-Banerjee - Membership Fee,11885.32,18,1069.68,1069.68,0.0,Acharya-Banerjee,19YGJAM2573W8Z3,invoice,Club/Health/Fitness Memberships,club_membership,Blocked,"Sec 17(5)(b)(ii) blocks ITC on membership of a club, health, or fitness centre.",synthetic
TXN002679,2024-09-26,Srivastava-Saxena - municipal tax payment,Srivastava-Saxena - municipal tax payment,44486.62,exempt,0.0,0.0,0.0,Srivastava-Saxena,,bank_statement_line,Exempt/Non-GST Expense,exempt_non_gst,Not Applicable,,synthetic
TXN000353,2025-01-01,commercial printer installation invc from Dey Inc,commercial printer installation invoice from Dey Inc,297755.9,18,26798.03,26798.03,0.0,Dey Inc,23NDLDM2907C8ZB,receipt,Capital Goods,capital_goods,Eligible,,synthetic
TXN001091,2026-02-24,cheque bounce fee fee - Prashad and Sons,cheque bounce fee fee - Prashad and Sons,4285.61,18,385.7,385.7,0.0,Prashad and Sons,36TLVDG1645R2ZG,receipt,Bank Charges/Financial Services,bank_charges,Eligible,,synthetic
TXN000502,2026-05-24,Professional fees to Nagar Inc for payroll processing,Professional fees to Nagar Inc for payroll processing,20573.62,18,1851.62,1851.62,0.0,Nagar Inc,36RQDVC2581H1ZO,invoice,Input Services (Professional/Consulting/IT),input_services,Eligible,,synthetic
TXN002194,2026-09-06,"STAFF LIFE INSURANCE PREMIUM PREMIUM PAYMNT - VIRK, OOMMEN AND GERA","staff life insurance premium premium payment - Virk, Oommen and Gera",79378.93,18,7144.1,7144.1,0.0,"Virk, Oommen and Gera",23OBVVO7243T9ZP,receipt,Employee Insurance/Reimbursements,employee_insurance,Blocked,Sec 17(5)(b) blocks ITC on health/life insurance for employees unless it is obligatory for the employer under any law for the time being in force.,synthetic
TXN000712,2025-03-02,Monthly rent - Kota Group,Monthly rent - Kota Group,66612.58,18,5995.13,5995.13,0.0,Kota Group,19WJAUD4752M3ZW,receipt,Rent/Lease of Business Premises,rent,Eligible,,synthetic
TXN000824,2025-03-28,water supply charges - Murthy-Goel,water supply charges - Murthy-Goel,14383.78,18,1294.54,1294.54,0.0,Murthy-Goel,29ODKBM5719R8ZI,invoice,Utilities (Business Electricity/Internet),utilities,Eligible,,synthetic
TXN002153,2026-10-06,staff life insurance premium premium pmt - Gade-Samra,staff life insurance premium premium payment - Gade-Samra,10697.81,18,962.8,962.8,0.0,Gade-Samra,36LJXBW6978P6ZX,receipt,Employee Insurance/Reimbursements,employee_insurance,Blocked,Sec 17(5)(b) blocks ITC on health/life insurance for employees unless it is obligatory for the employer under any law for the time being in force.,synthetic
TXN000015,2025-06-27,"PAYMNT TO MEMON, PATHAK AND HANDA FOR STEEL SHEETS","Payment to Memon, Pathak and Handa for steel sheets",89457.75,18,8051.19,8051.19,0.0,"Memon, Pathak and Handa",09DXGPQ4559G6ZP,invoice,Purchase of Goods (Raw Material/Trading Stock),purchase_goods,Eligible,,synthetic
TXN002357,2025-02-18,"Sanghvi, Lad and Dixit - shop renovation works","Sanghvi, Lad and Dixit - shop renovation works",287821.28,18,25903.92,25903.92,0.0,"Sanghvi, Lad and Dixit",19UDOTD5458M1Z1,receipt,Works Contract/Construction of Immovable Property,works_contract,Blocked,"Sec 17(5)(c)/(d) blocks ITC on works contract services and goods/services for construction of immovable property (other than plant & machinery), even when used for business.",synthetic
TXN001684,2026-10-04,"Kant, Dua and Bedi - Membership Fee","Kant, Dua and Bedi - Membership Fee",44769.29,18,0.0,0.0,8058.47,"Kant, Dua and Bedi",24SUUXX2215P6ZZ,invoice,Club/Health/Fitness Memberships,club_membership,Blocked,"Sec 17(5)(b)(ii) blocks ITC on membership of a club, health, or fitness centre.",synthetic
TXN000921,2024-10-23,BUTALA-PRABHU - BROADBAND INTERNET BILL PAYMENT,Butala-Prabhu - broadband internet bill payment,10935.86,18,0.0,0.0,1968.45,Butala-Prabhu,33ZBGOC3801I5Z5,receipt,Utilities (Business Electricity/Internet),utilities,Eligible,,synthetic
TXN001757,2025-02-08,wellness center package - Rai Ltd,wellness center package - Rai Ltd,14548.54,18,0.0,0.0,2618.74,Rai Ltd,,bank_statement_line,Club/Health/Fitness Memberships,club_membership,Blocked,"Sec 17(5)(b)(ii) blocks ITC on membership of a club, health, or fitness centre.",synthetic
TXN000558,2024-08-22,auditing services chrgs - Sehgal-Kala,auditing services charges - Sehgal-Kala,1380.6,18,124.25,124.25,0.0,Sehgal-Kala,,bank_statement_line,Input Services (Professional/Consulting/IT),input_services,Eligible,,synthetic
TXN002769,2025-04-01,"RAMAN, RAJ AND JAYARAMAN - GOVERNMENT LICENSE FEE","Raman, Raj and Jayaraman - government license fee",56581.89,exempt,0.0,0.0,0.0,"Raman, Raj and Jayaraman",27QZWXG0704N6ZG,receipt,Exempt/Non-GST Expense,exempt_non_gst,Not Applicable,,synthetic
TXN000225,2025-05-30,Hans LLC - Capital Asset purch - office desktop computers,Hans LLC - Capital Asset Purchase - office desktop computers,735963.52,18,0.0,0.0,132473.43,Hans LLC,24CZQHT5533S2Z7,invoice,Capital Goods,capital_goods,Eligible,,synthetic
TXN000247,2025-12-20,"office desktop computers installation invoice from Chaudhary, Johal and Kakar","office desktop computers installation invoice from Chaudhary, Johal and Kakar",330753.48,18,29767.81,29767.81,0.0,"Chaudhary, Johal and Kakar",07VMQLI3592A7ZH,invoice,Capital Goods,capital_goods,Eligible,,synthetic
TXN001991,2024-08-12,HOME TRAVEL CONCESSION BOOKING - RAJAGOPALAN LTD,home travel concession booking - Rajagopalan Ltd,22680.75,5,567.02,567.02,0.0,Rajagopalan Ltd,32IQEVQ5287M4Z6,receipt,Employee Travel Benefits,employee_travel,Blocked,"Sec 17(5)(b)(iii) blocks ITC on travel benefits extended to employees (e.g. leave/home travel concession), unless obligatory under law.",synthetic
TXN002377,2024-08-26,CONSTRUCTION PAYMNT - THAMAN-RAJ FOR SHOP RENOVATION WORKS,Construction payment - Thaman-Raj for shop renovation works,167891.53,18,15110.24,15110.24,0.0,Thaman-Raj,,bank_statement_line,Works Contract/Construction of Immovable Property,works_contract,Blocked,"Sec 17(5)(c)/(d) blocks ITC on works contract services and goods/services for construction of immovable property (other than plant & machinery), even when used for business.",synthetic
TXN000127,2026-06-20,PURCHSE OF PRINTED LABELS FROM UPADHYAY-RATTA,Purchase of printed labels from Upadhyay-Ratta,41756.3,18,3758.07,3758.07,0.0,Upadhyay-Ratta,24GGQPF1393T7ZV,invoice,Purchase of Goods (Raw Material/Trading Stock),purchase_goods,Eligible,,synthetic
TXN000134,2024-07-18,Sarin Inc - raw plastic pellets supply,Sarin Inc - raw plastic pellets supply,75319.63,18,6778.77,6778.77,0.0,Sarin Inc,23CKZDY1342P6Z4,invoice,Purchase of Goods (Raw Material/Trading Stock),purchase_goods,Eligible,,synthetic
TXN000223,2026-10-23,industrial sewing machine installation invoice from Setty-Madan,industrial sewing machine installation invoice from Setty-Madan,471542.61,18,0.0,0.0,84877.67,Setty-Madan,27OOZMU3277J3Z3,invoice,Capital Goods,capital_goods,Eligible,,synthetic
TXN001466,2026-09-05,"Catering payment - Rattan, Nigam and Ben","Catering payment - Rattan, Nigam and Ben",10005.14,5,250.13,250.13,0.0,"Rattan, Nigam and Ben",19IOMGH3530L4ZF,receipt,Food & Beverages/Outdoor Catering,food_catering,Blocked,"Sec 17(5)(b)(i) explicitly blocks ITC on food and beverages and outdoor catering, unless used to make an outward taxable supply of the same category or as part of a composite/mixed supply.",synthetic
TXN000554,2024-10-04,rao-murthy - auditing svcs services invoice,Rao-Murthy - auditing services services invoice,15674.98,18,1410.75,1410.75,0.0,Rao-Murthy,09KXXXP1488E4ZQ,receipt,Input Services (Professional/Consulting/IT),input_services,Eligible,,synthetic
TXN000508,2025-04-04,"chartered accountant chrgs - Wable, Sampath and Choudhry","chartered accountant charges - Wable, Sampath and Choudhry",28961.65,18,2606.55,2606.55,0.0,"Wable, Sampath and Choudhry",27XJWUD4859N4ZN,invoice,Input Services (Professional/Consulting/IT),input_services,Eligible,,synthetic
TXN002236,2026-09-18,Construction payment - Kaul Group for building repair works contract,Construction payment - Kaul Group for building repair works contract,700052.29,18,63004.71,63004.71,0.0,Kaul Group,23GZAIB9308L6Z0,invoice,Works Contract/Construction of Immovable Property,works_contract,Blocked,"Sec 17(5)(c)/(d) blocks ITC on works contract services and goods/services for construction of immovable property (other than plant & machinery), even when used for business.",synthetic
TXN001462,2026-11-08,"office staff lunch catering order - sule, kulkarni and mohanty","Office staff lunch catering order - Sule, Kulkarni and Mohanty",16898.25,5,422.45,422.45,0.0,"Sule, Kulkarni and Mohanty",29UWOAH8279C1ZN,invoice,Food & Beverages/Outdoor Catering,food_catering,Blocked,"Sec 17(5)(b)(i) explicitly blocks ITC on food and beverages and outdoor catering, unless used to make an outward taxable supply of the same category or as part of a composite/mixed supply.",synthetic
TXN000607,2025-03-04,Lease rental to Bava-Bedi for office unit,Lease rental to Bava-Bedi for office unit,59622.33,18,5366.01,5366.01,0.0,Bava-Bedi,29PCFEO1563S5Z4,invoice,Rent/Lease of Business Premises,rent,Eligible,,synthetic
TXN000165,2024-02-09,Mangal and Sons - raw cotton supply,Mangal and Sons - raw cotton supply,136291.48,18,12266.24,12266.24,0.0,Mangal and Sons,33AQGHK5021G9ZP,receipt,Purchase of Goods (Raw Material/Trading Stock),purchase_goods,Eligible,,synthetic
TXN002292,2024-02-03,construction  paymnt - krishnamurthy-varma for warehouse construction contract,Construction payment - Krishnamurthy-Varma for warehouse construction contract,164097.98,18,0.0,0.0,29537.64,Krishnamurthy-Varma,07RNTCO0107V3Z5,invoice,Works Contract/Construction of Immovable Property,works_contract,Blocked,"Sec 17(5)(c)/(d) blocks ITC on works contract services and goods/services for construction of immovable property (other than plant & machinery), even when used for business.",synthetic
TXN000287,2026-07-18,"Purchase of commercial printer - Manne, Upadhyay and Mahajan","Purchase of commercial printer - Manne, Upadhyay and Mahajan",404904.1,18,36441.37,36441.37,0.0,"Manne, Upadhyay and Mahajan",,bank_statement_line,Capital Goods,capital_goods,Eligible,,synthetic
TXN001908,2026-12-01,staff outing travel booking - Mani Ltd,staff outing travel booking - Mani Ltd,74637.71,5,1865.94,1865.94,0.0,Mani Ltd,19EQIGX2681Z3Z2,receipt,Employee Travel Benefits,employee_travel,Blocked,"Sec 17(5)(b)(iii) blocks ITC on travel benefits extended to employees (e.g. leave/home travel concession), unless obligatory under law.",synthetic
TXN002077,2025-01-30,staff life insurance premium premium payment - Tandon-Khosla,staff life insurance premium premium payment - Tandon-Khosla,29979.24,18,2698.13,2698.13,0.0,Tandon-Khosla,27LFJBH8410D9ZA,receipt,Employee Insurance/Reimbursements,employee_insurance,Blocked,Sec 17(5)(b) blocks ITC on health/life insurance for employees unless it is obligatory for the employer under any law for the time being in force.,synthetic
TXN001719,2024-04-02,"wellness center package - Chaudhary, Mutti and Sundaram","wellness center package - Chaudhary, Mutti and Sundaram",16312.17,18,0.0,0.0,2936.19,"Chaudhary, Mutti and Sundaram",19NPECV6385C1Z7,receipt,Club/Health/Fitness Memberships,club_membership,Blocked,"Sec 17(5)(b)(ii) blocks ITC on membership of a club, health, or fitness centre.",synthetic
TXN000196,2025-09-08,pymt to Chokshi-Bal for raw cotton,Payment to Chokshi-Bal for raw cotton,71422.25,18,6428.0,6428.0,0.0,Chokshi-Bal,,bank_statement_line,Purchase of Goods (Raw Material/Trading Stock),purchase_goods,Eligible,,synthetic
TXN001638,2024-01-07,wellness center package - Char PLC,wellness center package - Char PLC,30304.65,18,2727.42,2727.42,0.0,Char PLC,23IHNWT9209E4Z0,receipt,Club/Health/Fitness Memberships,club_membership,Blocked,"Sec 17(5)(b)(ii) blocks ITC on membership of a club, health, or fitness centre.",synthetic
TXN000651,2026-07-23,lease rental to jaggi plc for godown,Lease rental to Jaggi PLC for godown,79520.42,18,7156.84,7156.84,0.0,Jaggi PLC,,bank_statement_line,Rent/Lease of Business Premises,rent,Eligible,,synthetic
TXN000996,2026-11-01,"andra, nayak and agarwal - electricity bill payment","Andra, Nayak and Agarwal - electricity bill payment",12418.3,18,0.0,0.0,2235.29,"Andra, Nayak and Agarwal",29CSLXO3286X3Z1,invoice,Utilities (Business Electricity/Internet),utilities,Eligible,,synthetic
TXN002317,2024-01-04,Construction payment - Khanna PLC for building repair works contract,Construction payment - Khanna PLC for building repair works contract,75367.71,18,6783.1,6783.1,0.0,Khanna PLC,29DDJJP9097J9ZE,invoice,Works Contract/Construction of Immovable Property,works_contract,Blocked,"Sec 17(5)(c)/(d) blocks ITC on works contract services and goods/services for construction of immovable property (other than plant & machinery), even when used for business.",synthetic
TXN002474,2024-06-25,"pmt received from Handa, Singh and Padmanabhan for wholesale supply","Payment received from Handa, Singh and Padmanabhan for wholesale supply",10256.84,18,923.12,923.12,0.0,"Handa, Singh and Padmanabhan",,bank_statement_line,Sales/Outward Supply,sales_revenue,Not Applicable,,synthetic
TXN002370,2025-04-06,"Shanker,  Chada and Anne - shop renovation works","Shanker, Chada and Anne - shop renovation works",866151.33,18,77953.62,77953.62,0.0,"Shanker, Chada and Anne",19ZMCVI6432B4ZY,invoice,Works Contract/Construction of Immovable Property,works_contract,Blocked,"Sec 17(5)(c)/(d) blocks ITC on works contract services and goods/services for construction of immovable property (other than plant & machinery), even when used for business.",synthetic
TXN000068,2025-02-01,Nori-Chopra - printed labels supply,Nori-Chopra - printed labels supply,11918.72,18,1072.68,1072.68,0.0,Nori-Chopra,,bank_statement_line,Purchase of Goods (Raw Material/Trading Stock),purchase_goods,Eligible,,synthetic
TXN001306,2024-01-03,"Vehicle vehicle insurance premium - D’Alia, Pandey and Srinivasan","Vehicle vehicle insurance premium - D’Alia, Pandey and Srinivasan",43573.99,28,6100.36,6100.36,0.0,"D’Alia, Pandey and Srinivasan",07DDEEA2311T5ZC,invoice,Motor Vehicle Expenses,motor_vehicle,Blocked,"Sec 17(5)(a) blocks ITC on motor vehicles for transport of persons (seating <=13) and related services, unless used for further supply, passenger transport, or driving training.",synthetic
TXN000529,2024-04-15,Professional fees to Mutti LLC for legal consultation,Professional fees to Mutti LLC for legal consultation,58435.93,18,5259.23,5259.23,0.0,Mutti LLC,,bank_statement_line,Input Services (Professional/Consulting/IT),input_services,Eligible,,synthetic
TXN002369,2025-03-29,pingle plc - warehouse construction contract,Pingle PLC - warehouse construction contract,195618.65,18,17605.68,17605.68,0.0,Pingle PLC,27IVHYM0868K2ZN,invoice,Works Contract/Construction of Immovable Property,works_contract,Blocked,"Sec 17(5)(c)/(d) blocks ITC on works contract services and goods/services for construction of immovable property (other than plant & machinery), even when used for business.",synthetic
TXN001096,2025-01-29,Gupta Group - loan processing fee,Gupta Group - loan processing fee,1063.2,18,95.69,95.69,0.0,Gupta Group,23VUEAV6610R1ZC,invoice,Bank Charges/Financial Services,bank_charges,Eligible,,synthetic
TXN000913,2025-08-16,telephone/mobile plan charges - mander-nazareth,telephone/mobile plan charges - Mander-Nazareth,824.99,18,0.0,0.0,148.5,Mander-Nazareth,,bank_statement_line,Utilities (Business Electricity/Internet),utilities,Eligible,,synthetic
TXN000662,2025-08-24,"Monthly rent - Barad, Gill and Sahni","Monthly rent - Barad, Gill and Sahni",78574.61,18,7071.72,7071.72,0.0,"Barad, Gill and Sahni",23LWTQB6356N1ZZ,receipt,Rent/Lease of Business Premises,rent,Eligible,,synthetic
TXN001846,2024-01-03,Employee staff outing travel booking booking - Agrawal LLC,Employee staff outing travel booking booking - Agrawal LLC,52170.87,5,1304.27,1304.27,0.0,Agrawal LLC,27UBHWU5212S3ZH,invoice,Employee Travel Benefits,employee_travel,Blocked,"Sec 17(5)(b)(iii) blocks ITC on travel benefits extended to employees (e.g. leave/home travel concession), unless obligatory under law.",synthetic
TXN000644,2024-11-12,Johal-Suresh - Shop Rent Payment,Johal-Suresh - Shop Rent Payment,33327.51,18,2999.47,2999.47,0.0,Johal-Suresh,33NAWOS3753W8ZS,invoice,Rent/Lease of Business Premises,rent,Eligible,,synthetic
TXN002069,2024-05-15,employee group health insurance premium paymnt - Kalita-Solanki,employee group health insurance premium payment - Kalita-Solanki,75655.82,18,0.0,0.0,13618.05,Kalita-Solanki,23COGFF1725K6ZQ,receipt,Employee Insurance/Reimbursements,employee_insurance,Blocked,Sec 17(5)(b) blocks ITC on health/life insurance for employees unless it is obligatory for the employer under any law for the time being in force.,synthetic
TXN002492,2026-03-26,"LOKE, DORA AND VARMA - SALES INV","Loke, Dora and Varma - Sales Invoice",390806.47,18,0.0,0.0,70345.16,"Loke, Dora and Varma",07VHFRA6979G4ZX,receipt,Sales/Outward Supply,sales_revenue,Not Applicable,,synthetic
TXN001297,2024-07-23,Payment to Nagy-Thaman for car servicing,Payment to Nagy-Thaman for car servicing,47761.27,28,0.0,0.0,13373.16,Nagy-Thaman,36XYHGE0300P2Z5,receipt,Motor Vehicle Expenses,motor_vehicle,Blocked,"Sec 17(5)(a) blocks ITC on motor vehicles for transport of persons (seating <=13) and related services, unless used for further supply, passenger transport, or driving training.",synthetic
TXN000244,2025-10-28,"3-phase motor installation inv from Kara, Virk and Rai","3-phase motor installation invoice from Kara, Virk and Rai",29219.58,18,2629.76,2629.76,0.0,"Kara, Virk and Rai",,bank_statement_line,Capital Goods,capital_goods,Eligible,,synthetic
TXN001216,2026-01-17,vehicle car servicing - parmer-guha,Vehicle car servicing - Parmer-Guha,32233.02,28,4512.62,4512.62,0.0,Parmer-Guha,19VQPAF0118H1ZJ,receipt,Motor Vehicle Expenses,motor_vehicle,Blocked,"Sec 17(5)(a) blocks ITC on motor vehicles for transport of persons (seating <=13) and related services, unless used for further supply, passenger transport, or driving training.",synthetic
TXN000358,2026-02-12,"Dubey, Sachdeva and Chaudhary - Capital Asset Purchase - industrial sewing machine","Dubey, Sachdeva and Chaudhary - Capital Asset Purchase - industrial sewing machine",730103.43,18,65709.31,65709.31,0.0,"Dubey, Sachdeva and Chaudhary",29IAILW5926S1ZU,receipt,Capital Goods,capital_goods,Eligible,,synthetic
TXN002726,2024-12-30,staff salary paymnt payment,staff salary payment payment,17524.4,exempt,0.0,0.0,0.0,Venkataraman-Shetty,,bank_statement_line,Exempt/Non-GST Expense,exempt_non_gst,Not Applicable,,synthetic
TXN001838,2026-02-02,Employee staff outing travel booking booking - Barad-Jaggi,Employee staff outing travel booking booking - Barad-Jaggi,53059.22,5,1326.48,1326.48,0.0,Barad-Jaggi,,bank_statement_line,Employee Travel Benefits,employee_travel,Blocked,"Sec 17(5)(b)(iii) blocks ITC on travel benefits extended to employees (e.g. leave/home travel concession), unless obligatory under law.",synthetic
TXN002459,2025-06-17,pymt received from Dada and Sons for wholesale supply,Payment received from Dada and Sons for wholesale supply,137781.66,18,12400.35,12400.35,0.0,Dada and Sons,07INSYM6992P3ZS,receipt,Sales/Outward Supply,sales_revenue,Not Applicable,,synthetic
TXN002766,2025-12-29,"Yogi, Mistry and Nanda - professional tax payment","Yogi, Mistry and Nanda - professional tax payment",30533.65,exempt,0.0,0.0,0.0,"Yogi, Mistry and Nanda",,bank_statement_line,Exempt/Non-GST Expense,exempt_non_gst,Not Applicable,,synthetic
TXN000141,2025-12-19,purchse of packaging material from Ghosh-Mitra,Purchase of packaging material from Ghosh-Mitra,66484.3,18,5983.59,5983.59,0.0,Ghosh-Mitra,29TQGWA2808D4ZN,receipt,Purchase of Goods (Raw Material/Trading Stock),purchase_goods,Eligible,,synthetic
TXN002470,2026-07-19,"PAYMENT RECEIVED FROM BHATT, LOYAL AND SAHNI FOR WHOLESALE SUPPLY","Payment received from Bhatt, Loyal and Sahni for wholesale supply",1230.61,18,0.0,0.0,221.51,"Bhatt, Loyal and Sahni",36DZWTQ7660Y4ZA,receipt,Sales/Outward Supply,sales_revenue,Not Applicable,,synthetic
TXN000371,2026-04-20,purch of packing machine - Dhillon-De,Purchase of packing machine - Dhillon-De,595472.71,18,53592.54,53592.54,0.0,Dhillon-De,27QELQA2351H9ZI,invoice,Capital Goods,capital_goods,Eligible,,synthetic
TXN002355,2024-06-03,Construction payment - Lala Ltd for building repair works contract,Construction payment - Lala Ltd for building repair works contract,427215.35,18,0.0,0.0,76898.76,Lala Ltd,07ZZPMN8682F9Z9,invoice,Works Contract/Construction of Immovable Property,works_contract,Blocked,"Sec 17(5)(c)/(d) blocks ITC on works contract services and goods/services for construction of immovable property (other than plant & machinery), even when used for business.",synthetic
TXN000834,2026-08-18,electricity charges - Borah-Sen,electricity charges - Borah-Sen,2809.48,18,252.85,252.85,0.0,Borah-Sen,32ROHNT1826B6ZY,invoice,Utilities (Business Electricity/Internet),utilities,Eligible,,synthetic
TXN002750,2024-10-30,municipal tax payment payment,municipal tax payment payment,4290.7,exempt,0.0,0.0,0.0,Mittal-Maharaj,33VWASJ4956A9ZX,invoice,Exempt/Non-GST Expense,exempt_non_gst,Not Applicable,,synthetic
TXN000604,2026-12-06,Lease rental to Bajaj-Chana for shop premises,Lease rental to Bajaj-Chana for shop premises,76829.69,18,6914.67,6914.67,0.0,Bajaj-Chana,29BLEUM7532N5ZR,receipt,Rent/Lease of Business Premises,rent,Eligible,,synthetic
TXN000647,2025-07-09,"Lease  rental to Raghavan, Rana and Pai for warehouse space","Lease rental to Raghavan, Rana and Pai for warehouse space",65628.99,18,0.0,0.0,11813.22,"Raghavan, Rana and Pai",,bank_statement_line,Rent/Lease of Business Premises,rent,Eligible,,synthetic
TXN000503,2026-10-04,"Professional fees to Nayak, Dhingra and Devan for legal consultation","Professional fees to Nayak, Dhingra and Devan for legal consultation",41380.63,18,3724.26,3724.26,0.0,"Nayak, Dhingra and Devan",,bank_statement_line,Input Services (Professional/Consulting/IT),input_services,Eligible,,synthetic
TXN000433,2026-06-17,professional fees to brahmbhatt-munshi for auditing services,Professional fees to Brahmbhatt-Munshi for auditing services,14388.65,18,0.0,0.0,2589.96,Brahmbhatt-Munshi,07NUTSL7317W7ZN,receipt,Input Services (Professional/Consulting/IT),input_services,Eligible,,synthetic
TXN001366,2026-12-23,raman plc - vehicle registration fee,Raman PLC - vehicle registration fee,33529.67,28,4694.15,4694.15,0.0,Raman PLC,09TJASK4485P7ZI,receipt,Motor Vehicle Expenses,motor_vehicle,Blocked,"Sec 17(5)(a) blocks ITC on motor vehicles for transport of persons (seating <=13) and related services, unless used for further supply, passenger transport, or driving training.",synthetic
TXN001256,2025-01-04,Vehicle vehicle registration fee - Subramanian-Sarma,Vehicle vehicle registration fee - Subramanian-Sarma,8798.59,28,0.0,0.0,2463.61,Subramanian-Sarma,36GNKNW9631S7ZG,invoice,Motor Vehicle Expenses,motor_vehicle,Blocked,"Sec 17(5)(a) blocks ITC on motor vehicles for transport of persons (seating <=13) and related services, unless used for further supply, passenger transport, or driving training.",synthetic
TXN002297,2026-07-23,"Construction payment - Iyer, Patla and Shere for shop renovation works","Construction payment - Iyer, Patla and Shere for shop renovation works",165215.0,18,14869.35,14869.35,0.0,"Iyer, Patla and Shere",,bank_statement_line,Works Contract/Construction of Immovable Property,works_contract,Blocked,"Sec 17(5)(c)/(d) blocks ITC on works contract services and goods/services for construction of immovable property (other than plant & machinery), even when used for business.",synthetic
TXN001789,2024-04-23,BUCH-AHUJA - MEMBERSHIP FEE,Buch-Ahuja - Membership Fee,32141.86,18,2892.76,2892.76,0.0,Buch-Ahuja,36ZIADC9109M9ZI,invoice,Club/Health/Fitness Memberships,club_membership,Blocked,"Sec 17(5)(b)(ii) blocks ITC on membership of a club, health, or fitness centre.",synthetic
TXN001885,2025-12-14,"Employee  home travel concession booking booking - Keer, Ghose and Brahmbhatt","Employee home travel concession booking booking - Keer, Ghose and Brahmbhatt",34025.1,5,850.63,850.63,0.0,"Keer, Ghose and Brahmbhatt",23AZTZB3461V6ZW,receipt,Employee Travel Benefits,employee_travel,Blocked,"Sec 17(5)(b)(iii) blocks ITC on travel benefits extended to employees (e.g. leave/home travel concession), unless obligatory under law.",synthetic
TXN001405,2026-06-05,"Catering payment - Sule, Parmer and Baria","Catering payment - Sule, Parmer and Baria",6451.33,5,0.0,0.0,322.57,"Sule, Parmer and Baria",29MCOKI4506V2ZA,invoice,Food & Beverages/Outdoor Catering,food_catering,Blocked,"Sec 17(5)(b)(i) explicitly blocks ITC on food and beverages and outdoor catering, unless used to make an outward taxable supply of the same category or as part of a composite/mixed supply.",synthetic
TXN002109,2025-12-26,"employee medical reimbursement premium payment - Bajaj, Memon and Saha","employee medical reimbursement premium payment - Bajaj, Memon and Saha",40712.91,18,0.0,0.0,7328.32,"Bajaj, Memon and Saha",27GCVTJ9378Y7ZZ,invoice,Employee Insurance/Reimbursements,employee_insurance,Blocked,Sec 17(5)(b) blocks ITC on health/life insurance for employees unless it is obligatory for the employer under any law for the time being in force.,synthetic
TXN002328,2025-01-01,banerjee ltd - shop renovation works,Banerjee Ltd - shop renovation works,888251.47,18,0.0,0.0,159885.26,Banerjee Ltd,32FSMOV1892Z7ZL,receipt,Works Contract/Construction of Immovable Property,works_contract,Blocked,"Sec 17(5)(c)/(d) blocks ITC on works contract services and goods/services for construction of immovable property (other than plant & machinery), even when used for business.",synthetic
TXN002408,2026-04-26,"pymt received from srinivasan, setty and luthra for export order","Payment received from Srinivasan, Setty and Luthra for export order",254456.15,18,0.0,0.0,45802.11,"Srinivasan, Setty and Luthra",19FGQLX5073D1Z7,invoice,Sales/Outward Supply,sales_revenue,Not Applicable,,synthetic
TXN002215,2024-12-18,"Chaudhary, Kala and Thaman - building repair works contract","Chaudhary, Kala and Thaman - building repair works contract",59131.01,18,0.0,0.0,10643.58,"Chaudhary, Kala and Thaman",,bank_statement_line,Works Contract/Construction of Immovable Property,works_contract,Blocked,"Sec 17(5)(c)/(d) blocks ITC on works contract services and goods/services for construction of immovable property (other than plant & machinery), even when used for business.",synthetic
TXN000706,2024-01-30,BUCH-ZACHARIA - SHOP RENT PYMT,Buch-Zacharia - Shop Rent Payment,15691.94,18,1412.28,1412.28,0.0,Buch-Zacharia,07LJTLT6597X6ZC,invoice,Rent/Lease of Business Premises,rent,Eligible,,synthetic
TXN000871,2025-02-05,WATER SUPPLY CHARGES - GOSWAMI LLC,water supply charges - Goswami LLC,10931.43,18,983.83,983.83,0.0,Goswami LLC,23PMOWO4488E6Z7,receipt,Utilities (Business Electricity/Internet),utilities,Eligible,,synthetic
TXN000108,2024-11-02,"Payment to Lala, Edwin and Sathe for packaging material","Payment to Lala, Edwin and Sathe for packaging material",17275.21,18,0.0,0.0,3109.54,"Lala, Edwin and Sathe",,bank_statement_line,Purchase of Goods (Raw Material/Trading Stock),purchase_goods,Eligible,,synthetic
TXN000019,2024-11-22,Payment to Patla-Gaba for plastic granules,Payment to Patla-Gaba for plastic granules,146088.63,18,0.0,0.0,26295.95,Patla-Gaba,33ZVWAT3988Z4ZR,invoice,Purchase of Goods (Raw Material/Trading Stock),purchase_goods,Eligible,,synthetic
TXN001939,2025-05-27,"staff  outing travel booking - Ghosh, Dora and Sekhon","staff outing travel booking - Ghosh, Dora and Sekhon",20839.8,5,521.0,521.0,0.0,"Ghosh, Dora and Sekhon",09XLWRF8757X9Z1,receipt,Employee Travel Benefits,employee_travel,Blocked,"Sec 17(5)(b)(iii) blocks ITC on travel benefits extended to employees (e.g. leave/home travel concession), unless obligatory under law.",synthetic
TXN001614,2026-06-03,Randhawa and Sons - Membership Fee,Randhawa and Sons - Membership Fee,3121.46,18,280.93,280.93,0.0,Randhawa and Sons,,bank_statement_line,Club/Health/Fitness Memberships,club_membership,Blocked,"Sec 17(5)(b)(ii) blocks ITC on membership of a club, health, or fitness centre.",synthetic
TXN002556,2026-08-17,Sale invoice to Dalal LLC,Sale invoice to Dalal LLC,428162.95,18,38534.67,38534.67,0.0,Dalal LLC,24GGWJW6697A2Z9,invoice,Sales/Outward Supply,sales_revenue,Not Applicable,,synthetic
TXN001804,2026-12-26,staff outing travel booking - Vohra-Kadakia,staff outing travel booking - Vohra-Kadakia,36908.61,5,922.72,922.72,0.0,Vohra-Kadakia,,bank_statement_line,Employee Travel Benefits,employee_travel,Blocked,"Sec 17(5)(b)(iii) blocks ITC on travel benefits extended to employees (e.g. leave/home travel concession), unless obligatory under law.",synthetic
TXN001307,2024-12-03,"VEHICLE CAR SERVICING - SAHNI, WALLA AND MANGAL","Vehicle car servicing - Sahni, Walla and Mangal",13764.84,28,1927.08,1927.08,0.0,"Sahni, Walla and Mangal",07JUSYJ0871Y8ZJ,invoice,Motor Vehicle Expenses,motor_vehicle,Blocked,"Sec 17(5)(a) blocks ITC on motor vehicles for transport of persons (seating <=13) and related services, unless used for further supply, passenger transport, or driving training.",synthetic
TXN000115,2025-03-09,"purch  of printed labels from Krish, Chauhan and Pandya","Purchase of printed labels from Krish, Chauhan and Pandya",108825.41,18,9794.28,9794.28,0.0,"Krish, Chauhan and Pandya",09RPWET7548K5ZA,receipt,Purchase of Goods (Raw Material/Trading Stock),purchase_goods,Eligible,,synthetic
TXN000470,2024-08-31,"payroll processing charges - Doctor, Nath and Bumb","payroll processing charges - Doctor, Nath and Bumb",57073.49,18,5136.61,5136.61,0.0,"Doctor, Nath and Bumb",27CZEBZ6596M4ZC,invoice,Input Services (Professional/Consulting/IT),input_services,Eligible,,synthetic
TXN000344,2024-11-30,KARA LTD - CAPITAL ASSET PURCHASE - COMMERCIAL PRINTER,Kara Ltd - Capital Asset Purchase - commercial printer,473231.3,18,42590.82,42590.82,0.0,Kara Ltd,23ZVJTA2514W3ZW,receipt,Capital Goods,capital_goods,Eligible,,synthetic
TXN002002,2026-08-16,employee  group health insurance premium payment - Bakshi Ltd,employee group health insurance premium payment - Bakshi Ltd,25929.05,18,0.0,0.0,4667.23,Bakshi Ltd,27WNTQQ9406G6ZT,receipt,Employee Insurance/Reimbursements,employee_insurance,Blocked,Sec 17(5)(b) blocks ITC on health/life insurance for employees unless it is obligatory for the employer under any law for the time being in force.,synthetic
TXN002183,2026-04-08,"Pandey, Dhawan and Arya - employee medical reimbursement","Pandey, Dhawan and Arya - employee medical reimbursement",10073.61,18,906.62,906.62,0.0,"Pandey, Dhawan and Arya",23EWSWK2890V6ZO,receipt,Employee Insurance/Reimbursements,employee_insurance,Blocked,Sec 17(5)(b) blocks ITC on health/life insurance for employees unless it is obligatory for the employer under any law for the time being in force.,synthetic
TXN000924,2025-06-26,"telephone/mobile plan charges - Chand, Chandran and Agarwal","telephone/mobile plan charges - Chand, Chandran and Agarwal",9526.94,18,0.0,0.0,1714.85,"Chand, Chandran and Agarwal",,bank_statement_line,Utilities (Business Electricity/Internet),utilities,Eligible,,synthetic
TXN002029,2025-11-05,employee group health insurance premium paymnt - Buch-Ahuja,employee group health insurance premium payment - Buch-Ahuja,83976.05,18,7557.85,7557.85,0.0,Buch-Ahuja,,bank_statement_line,Employee Insurance/Reimbursements,employee_insurance,Blocked,Sec 17(5)(b) blocks ITC on health/life insurance for employees unless it is obligatory for the employer under any law for the time being in force.,synthetic
TXN001498,2025-04-14,Office office tea/coffee supplies order - Oommen-Borra,Office office tea/coffee supplies order - Oommen-Borra,6110.51,5,152.76,152.76,0.0,Oommen-Borra,09ASRFR3975S8ZA,invoice,Food & Beverages/Outdoor Catering,food_catering,Blocked,"Sec 17(5)(b)(i) explicitly blocks ITC on food and beverages and outdoor catering, unless used to make an outward taxable supply of the same category or as part of a composite/mixed supply.",synthetic
TXN001575,2024-06-19,WARRIOR-ANAND  - STAFF LUNCH CATERING,Warrior-Anand - staff lunch catering,19176.72,5,0.0,0.0,958.84,Warrior-Anand,,bank_statement_line,Food & Beverages/Outdoor Catering,food_catering,Blocked,"Sec 17(5)(b)(i) explicitly blocks ITC on food and beverages and outdoor catering, unless used to make an outward taxable supply of the same category or as part of a composite/mixed supply.",synthetic
TXN000439,2024-01-22,Professional fees to Rattan-Viswanathan for software subscription,Professional fees to Rattan-Viswanathan for software subscription,5515.48,18,496.39,496.39,0.0,Rattan-Viswanathan,09LGNMB6737G7ZC,receipt,Input Services (Professional/Consulting/IT),input_services,Eligible,,synthetic
TXN001775,2025-10-05,"Dasgupta, Chand and Comar - Membership Fee","Dasgupta, Chand and Comar - Membership Fee",4059.17,18,0.0,0.0,730.65,"Dasgupta, Chand and Comar",23FFZWC0828W5ZB,invoice,Club/Health/Fitness Memberships,club_membership,Blocked,"Sec 17(5)(b)(ii) blocks ITC on membership of a club, health, or fitness centre.",synthetic
TXN001883,2025-09-30,EMPLOYEE LEAVE TRAVEL AIRFARE - OAK AND SONS,employee leave travel airfare - Oak and Sons,55476.1,5,1386.9,1386.9,0.0,Oak and Sons,,bank_statement_line,Employee Travel Benefits,employee_travel,Blocked,"Sec 17(5)(b)(iii) blocks ITC on travel benefits extended to employees (e.g. leave/home travel concession), unless obligatory under law.",synthetic
TXN002400,2025-01-11,"Construction payment - Trivedi, Mahajan and Kala for warehouse construction contract","Construction payment - Trivedi, Mahajan and Kala for warehouse construction contract",942350.07,18,0.0,0.0,169623.01,"Trivedi, Mahajan and Kala",,bank_statement_line,Works Contract/Construction of Immovable Property,works_contract,Blocked,"Sec 17(5)(c)/(d) blocks ITC on works contract services and goods/services for construction of immovable property (other than plant & machinery), even when used for business.",synthetic
TXN001383,2025-10-02,Vehicle vehicle insurance premium - Mohan-Dua,Vehicle vehicle insurance premium - Mohan-Dua,17753.8,28,2485.53,2485.53,0.0,Mohan-Dua,19QLBPX0204J6ZW,invoice,Motor Vehicle Expenses,motor_vehicle,Blocked,"Sec 17(5)(a) blocks ITC on motor vehicles for transport of persons (seating <=13) and related services, unless used for further supply, passenger transport, or driving training.",synthetic
TXN001957,2024-01-26,employee staff outing travel booking booking - madan-loke,Employee staff outing travel booking booking - Madan-Loke,17913.01,5,0.0,0.0,895.65,Madan-Loke,36JUVMO3759N6Z0,invoice,Employee Travel Benefits,employee_travel,Blocked,"Sec 17(5)(b)(iii) blocks ITC on travel benefits extended to employees (e.g. leave/home travel concession), unless obligatory under law.",synthetic
TXN000791,2026-11-01,"Monthly rent - Pal, Bera and Chaudhari","Monthly rent - Pal, Bera and Chaudhari",53896.44,18,0.0,0.0,9701.36,"Pal, Bera and Chaudhari",27YHWCD2782E2Z8,receipt,Rent/Lease of Business Premises,rent,Eligible,,synthetic
TXN001822,2025-05-08,employee leave travel airfare - Nigam-Srinivas,employee leave travel airfare - Nigam-Srinivas,74017.65,5,1850.44,1850.44,0.0,Nigam-Srinivas,09PIYUZ0584W4ZL,invoice,Employee Travel Benefits,employee_travel,Blocked,"Sec 17(5)(b)(iii) blocks ITC on travel benefits extended to employees (e.g. leave/home travel concession), unless obligatory under law.",synthetic
TXN001596,2024-03-23,Office client meeting refreshments order - Muni-Tara,Office client meeting refreshments order - Muni-Tara,11997.12,5,299.93,299.93,0.0,Muni-Tara,29DIEIN4145R3ZZ,invoice,Food & Beverages/Outdoor Catering,food_catering,Blocked,"Sec 17(5)(b)(i) explicitly blocks ITC on food and beverages and outdoor catering, unless used to make an outward taxable supply of the same category or as part of a composite/mixed supply.",synthetic
TXN001886,2026-04-26,"Employee home travel concession booking booking - Sur, Contractor and Sheth","Employee home travel concession booking booking - Sur, Contractor and Sheth",68254.7,5,1706.37,1706.37,0.0,"Sur, Contractor and Sheth",,bank_statement_line,Employee Travel Benefits,employee_travel,Blocked,"Sec 17(5)(b)(iii) blocks ITC on travel benefits extended to employees (e.g. leave/home travel concession), unless obligatory under law.",synthetic
TXN001168,2024-10-07,cheque bounce fee fee - Krishnan-Kamdar,cheque bounce fee fee - Krishnan-Kamdar,882.68,18,79.44,79.44,0.0,Krishnan-Kamdar,24UNKGO9187L4ZY,receipt,Bank Charges/Financial Services,bank_charges,Eligible,,synthetic
TXN000990,2026-04-14,broadband internet chrgs - Pillay and Sons,broadband internet charges - Pillay and Sons,14280.38,18,1285.23,1285.23,0.0,Pillay and Sons,,bank_statement_line,Utilities (Business Electricity/Internet),utilities,Eligible,,synthetic
TXN002665,2026-10-08,purohit llc - municipal tax payment,Purohit LLC - municipal tax payment,28335.16,exempt,0.0,0.0,0.0,Purohit LLC,,bank_statement_line,Exempt/Non-GST Expense,exempt_non_gst,Not Applicable,,synthetic
TXN000711,2026-09-08,"Lease rental to Samra, Wali and Raghavan for godown","Lease rental to Samra, Wali and Raghavan for godown",64359.98,18,5792.4,5792.4,0.0,"Samra, Wali and Raghavan",,bank_statement_line,Rent/Lease of Business Premises,rent,Eligible,,synthetic
TXN001667,2025-05-22,gym membership - Kapadia-Kala,gym membership - Kapadia-Kala,20197.55,18,0.0,0.0,3635.56,Kapadia-Kala,09KMAPH9893T4ZI,invoice,Club/Health/Fitness Memberships,club_membership,Blocked,"Sec 17(5)(b)(ii) blocks ITC on membership of a club, health, or fitness centre.",synthetic
TXN000041,2026-06-03,"Lall, Tella and Gokhale - packaging material supply","Lall, Tella and Gokhale - packaging material supply",124081.36,18,11167.32,11167.32,0.0,"Lall, Tella and Gokhale",19PVXLM3425O2ZC,invoice,Purchase of Goods (Raw Material/Trading Stock),purchase_goods,Eligible,,synthetic
TXN001998,2026-07-16,staff outing travel booking - Halder-Mistry,staff outing travel booking - Halder-Mistry,79612.37,5,0.0,0.0,3980.62,Halder-Mistry,33CEOXG7510O7ZY,invoice,Employee Travel Benefits,employee_travel,Blocked,"Sec 17(5)(b)(iii) blocks ITC on travel benefits extended to employees (e.g. leave/home travel concession), unless obligatory under law.",synthetic
TXN001238,2026-11-21,Payment to Arya Ltd for fuel purchase,Payment to Arya Ltd for fuel purchase,48442.63,28,6781.97,6781.97,0.0,Arya Ltd,,bank_statement_line,Motor Vehicle Expenses,motor_vehicle,Blocked,"Sec 17(5)(a) blocks ITC on motor vehicles for transport of persons (seating <=13) and related services, unless used for further supply, passenger transport, or driving training.",synthetic
TXN000053,2026-10-14,"Payment to Iyer, Muni and Rastogi for printed labels","Payment to Iyer, Muni and Rastogi for printed labels",41534.82,18,3738.14,3738.14,0.0,"Iyer, Muni and Rastogi",,bank_statement_line,Purchase of Goods (Raw Material/Trading Stock),purchase_goods,Eligible,,synthetic
TXN000671,2024-04-08,"Lease rental to Kurian, Grewal and Atwal for godown","Lease rental to Kurian, Grewal and Atwal for godown",31061.7,18,0.0,0.0,5591.11,"Kurian, Grewal and Atwal",24SMPNZ2833E1ZY,receipt,Rent/Lease of Business Premises,rent,Eligible,,synthetic
TXN001926,2026-03-04,"staff  outing travel booking - brahmbhatt, zacharia and muni","staff outing travel booking - Brahmbhatt, Zacharia and Muni",40900.13,5,0.0,0.0,2045.01,"Brahmbhatt, Zacharia and Muni",19UGLZU7084J5ZM,invoice,Employee Travel Benefits,employee_travel,Blocked,"Sec 17(5)(b)(iii) blocks ITC on travel benefits extended to employees (e.g. leave/home travel concession), unless obligatory under law.",synthetic
TXN000737,2026-02-21,lease rental to wason ltd for shop premises,Lease rental to Wason Ltd for shop premises,56162.2,18,5054.6,5054.6,0.0,Wason Ltd,09KVAGD0670O3Z2,invoice,Rent/Lease of Business Premises,rent,Eligible,,synthetic
TXN001783,2025-01-13,Golla-Dalal - Membership Fee,Golla-Dalal - Membership Fee,14907.42,18,0.0,0.0,2683.34,Golla-Dalal,07GVJFY3268I3Z4,invoice,Club/Health/Fitness Memberships,club_membership,Blocked,"Sec 17(5)(b)(ii) blocks ITC on membership of a club, health, or fitness centre.",synthetic
TXN001682,2026-07-07,"gym membership - Barman, Nagar and Zacharia","gym membership - Barman, Nagar and Zacharia",34788.23,18,3130.94,3130.94,0.0,"Barman, Nagar and Zacharia",,bank_statement_line,Club/Health/Fitness Memberships,club_membership,Blocked,"Sec 17(5)(b)(ii) blocks ITC on membership of a club, health, or fitness centre.",synthetic
TXN000526,2025-08-16,Professional fees to Bhatnagar Ltd for IT support,Professional fees to Bhatnagar Ltd for IT support,17711.65,18,1594.05,1594.05,0.0,Bhatnagar Ltd,29UCQQK4790O9ZC,invoice,Input Services (Professional/Consulting/IT),input_services,Eligible,,synthetic
TXN001388,2024-06-23,vehicle fuel purchase - narula group,Vehicle fuel purchase - Narula Group,36256.41,28,5075.9,5075.9,0.0,Narula Group,33MTLMP0720J5ZM,receipt,Motor Vehicle Expenses,motor_vehicle,Blocked,"Sec 17(5)(a) blocks ITC on motor vehicles for transport of persons (seating <=13) and related services, unless used for further supply, passenger transport, or driving training.",synthetic
TXN002221,2025-04-08,SHUKLA INC - BUILDING REPAIR WORKS CONTRACT,Shukla Inc - building repair works contract,335993.55,18,30239.42,30239.42,0.0,Shukla Inc,,bank_statement_line,Works Contract/Construction of Immovable Property,works_contract,Blocked,"Sec 17(5)(c)/(d) blocks ITC on works contract services and goods/services for construction of immovable property (other than plant & machinery), even when used for business.",synthetic
TXN000590,2026-06-30,BHASIN AND SONS - CHARTERED ACCOUNTANT SERVICES INV,Bhasin and Sons - chartered accountant services invoice,2520.86,18,226.88,226.88,0.0,Bhasin and Sons,,bank_statement_line,Input Services (Professional/Consulting/IT),input_services,Eligible,,synthetic
TXN001999,2026-11-28,"EMPLOYEE  HOME TRAVEL CONCESSION BOOKING BOOKING - RAMAKRISHNAN, CHHABRA AND PARMER","Employee home travel concession booking booking - Ramakrishnan, Chhabra and Parmer",7261.01,5,181.53,181.53,0.0,"Ramakrishnan, Chhabra and Parmer",33GAMVE7547L6ZK,receipt,Employee Travel Benefits,employee_travel,Blocked,"Sec 17(5)(b)(iii) blocks ITC on travel benefits extended to employees (e.g. leave/home travel concession), unless obligatory under law.",synthetic
TXN000372,2026-08-05,"Krishna, Ghosh and Choudhary - Capital Asset Purchase - commercial printer","Krishna, Ghosh and Choudhary - Capital Asset Purchase - commercial printer",664879.52,18,0.0,0.0,119678.31,"Krishna, Ghosh and Choudhary",29KEWYW2996U4ZF,invoice,Capital Goods,capital_goods,Eligible,,synthetic
TXN001007,2024-09-06,processing fee fee - Ramaswamy-Narain,processing fee fee - Ramaswamy-Narain,3962.26,18,356.61,356.61,0.0,Ramaswamy-Narain,29WCBKU2806H9ZT,invoice,Bank Charges/Financial Services,bank_charges,Eligible,,synthetic
TXN001688,2024-11-30,wellness center package - Nayar Inc,wellness center package - Nayar Inc,42261.55,18,0.0,0.0,7607.08,Nayar Inc,27BOXQI1917X9ZB,receipt,Club/Health/Fitness Memberships,club_membership,Blocked,"Sec 17(5)(b)(ii) blocks ITC on membership of a club, health, or fitness centre.",synthetic
TXN000103,2024-03-17,"Purchase of yarn from Kade, Oza and Jani","Purchase of yarn from Kade, Oza and Jani",59850.69,18,5386.56,5386.56,0.0,"Kade, Oza and Jani",,bank_statement_line,Purchase of Goods (Raw Material/Trading Stock),purchase_goods,Eligible,,synthetic
TXN001519,2024-02-13,"Lad, Grover and Lall - staff lunch catering","Lad, Grover and Lall - staff lunch catering",6148.26,5,153.71,153.71,0.0,"Lad, Grover and Lall",07TONMA0053V2ZJ,invoice,Food & Beverages/Outdoor Catering,food_catering,Blocked,"Sec 17(5)(b)(i) explicitly blocks ITC on food and beverages and outdoor catering, unless used to make an outward taxable supply of the same category or as part of a composite/mixed supply.",synthetic
TXN001656,2025-02-18,"sane,  chawla and ganesan - membership fee","Sane, Chawla and Ganesan - Membership Fee",32199.31,18,2897.94,2897.94,0.0,"Sane, Chawla and Ganesan",24MSIBF7643T5Z3,receipt,Club/Health/Fitness Memberships,club_membership,Blocked,"Sec 17(5)(b)(ii) blocks ITC on membership of a club, health, or fitness centre.",synthetic
TXN000249,2024-07-29,purchse of office desktop computers - Ghose PLC,Purchase of office desktop computers - Ghose PLC,712399.61,18,0.0,0.0,128231.93,Ghose PLC,32NLEWD2277G3ZZ,receipt,Capital Goods,capital_goods,Eligible,,synthetic
TXN000385,2026-09-23,INDUSTRIAL SEWING MACHINE INSTALLATION INV FROM BUCH LLC,industrial sewing machine installation invoice from Buch LLC,378927.15,18,34103.44,34103.44,0.0,Buch LLC,,bank_statement_line,Capital Goods,capital_goods,Eligible,,synthetic
TXN000540,2024-12-14,Buch LLC - chartered accountant services invc,Buch LLC - chartered accountant services invoice,6192.99,18,0.0,0.0,1114.74,Buch LLC,36ZYWGU1903T7ZR,receipt,Input Services (Professional/Consulting/IT),input_services,Eligible,,synthetic
TXN001936,2026-04-29,"Employee home travel concession booking booking - Bose, Mall and Krishnan","Employee home travel concession booking booking - Bose, Mall and Krishnan",45212.82,5,1130.32,1130.32,0.0,"Bose, Mall and Krishnan",32EVMRQ4603P3ZT,receipt,Employee Travel Benefits,employee_travel,Blocked,"Sec 17(5)(b)(iii) blocks ITC on travel benefits extended to employees (e.g. leave/home travel concession), unless obligatory under law.",synthetic
TXN002529,2026-10-07,"Sale invoice to Kuruvilla, Khurana and Modi","Sale invoice to Kuruvilla, Khurana and Modi",473105.13,18,42579.46,42579.46,0.0,"Kuruvilla, Khurana and Modi",07TANFU2563M7ZZ,receipt,Sales/Outward Supply,sales_revenue,Not Applicable,,synthetic
TXN000716,2024-07-17,Lease rental to Bhavsar Inc for warehouse space,Lease rental to Bhavsar Inc for warehouse space,76629.4,18,6896.65,6896.65,0.0,Bhavsar Inc,09OUDIG7746Y9ZC,invoice,Rent/Lease of Business Premises,rent,Eligible,,synthetic
TXN001098,2024-05-02,KHANNA-CHAR - ACCOUNT MAINTENANCE CHARGE,Khanna-Char - account maintenance charge,3906.23,18,351.56,351.56,0.0,Khanna-Char,07KUSBJ4503P6ZB,receipt,Bank Charges/Financial Services,bank_charges,Eligible,,synthetic
TXN000450,2026-09-11,"Naidu, Mutti and Dora - payroll processing services inv","Naidu, Mutti and Dora - payroll processing services invoice",19044.99,18,1714.05,1714.05,0.0,"Naidu, Mutti and Dora",,bank_statement_line,Input Services (Professional/Consulting/IT),input_services,Eligible,,synthetic
TXN000065,2026-12-15,Sankar LLC - printed labels supply,Sankar LLC - printed labels supply,13201.08,18,1188.1,1188.1,0.0,Sankar LLC,32BCLLP4253D5Z5,invoice,Purchase of Goods (Raw Material/Trading Stock),purchase_goods,Eligible,,synthetic
TXN002392,2025-08-05,BANIK GROUP - SHOP RENOVATION WORKS,Banik Group - shop renovation works,372249.25,18,33502.43,33502.43,0.0,Banik Group,09JLNZX7206B3ZS,invoice,Works Contract/Construction of Immovable Property,works_contract,Blocked,"Sec 17(5)(c)/(d) blocks ITC on works contract services and goods/services for construction of immovable property (other than plant & machinery), even when used for business.",synthetic
TXN000640,2026-06-27,Walia-Oommen - Shop Rent Payment,Walia-Oommen - Shop Rent Payment,87436.32,18,0.0,0.0,15738.54,Walia-Oommen,23JWEYX3282O8ZP,invoice,Rent/Lease of Business Premises,rent,Eligible,,synthetic
TXN000070,2026-07-10,"Sen, Dey and Sami - packaging material supply","Sen, Dey and Sami - packaging material supply",88917.25,18,8002.55,8002.55,0.0,"Sen, Dey and Sami",19MAJHQ9053S9ZC,invoice,Purchase of Goods (Raw Material/Trading Stock),purchase_goods,Eligible,,synthetic
TXN001137,2025-04-15,Narula-Khanna - Bank chgs,Narula-Khanna - Bank Charges,4954.34,18,0.0,0.0,891.78,Narula-Khanna,23MABCL0513I8Z8,receipt,Bank Charges/Financial Services,bank_charges,Eligible,,synthetic
TXN000162,2025-11-02,PURCHASE OF PACKAGING MATERIAL FROM LAD-KOTA,Purchase of packaging material from Lad-Kota,16791.44,18,1511.23,1511.23,0.0,Lad-Kota,23IDJUL4808J1ZN,receipt,Purchase of Goods (Raw Material/Trading Stock),purchase_goods,Eligible,,synthetic
TXN002741,2025-12-19,Nadig-Mahajan - employee PF contribution,Nadig-Mahajan - employee PF contribution,40423.39,exempt,0.0,0.0,0.0,Nadig-Mahajan,29EJINV8197D2Z2,invoice,Exempt/Non-GST Expense,exempt_non_gst,Not Applicable,,synthetic
TXN001496,2026-02-03,"Office  client meeting refreshments order - Wason, Andra and Lall","Office client meeting refreshments order - Wason, Andra and Lall",232.06,5,5.8,5.8,0.0,"Wason, Andra and Lall",19MMTAK6492O7ZJ,receipt,Food & Beverages/Outdoor Catering,food_catering,Blocked,"Sec 17(5)(b)(i) explicitly blocks ITC on food and beverages and outdoor catering, unless used to make an outward taxable supply of the same category or as part of a composite/mixed supply.",synthetic
TXN001888,2025-08-21,home travel concession booking - morar group,home travel concession booking - Morar Group,54155.99,5,1353.9,1353.9,0.0,Morar Group,19CXYZO4049E7ZI,invoice,Employee Travel Benefits,employee_travel,Blocked,"Sec 17(5)(b)(iii) blocks ITC on travel benefits extended to employees (e.g. leave/home travel concession), unless obligatory under law.",synthetic
TXN001792,2026-11-17,Bhakta Ltd - Membership Fee,Bhakta Ltd - Membership Fee,43667.52,18,3930.07,3930.07,0.0,Bhakta Ltd,33WJMKN5733B4ZD,receipt,Club/Health/Fitness Memberships,club_membership,Blocked,"Sec 17(5)(b)(ii) blocks ITC on membership of a club, health, or fitness centre.",synthetic
TXN001237,2025-06-07,"Srivastava, Narayanan and Keer - fuel purchase","Srivastava, Narayanan and Keer - fuel purchase",2949.06,28,412.87,412.87,0.0,"Srivastava, Narayanan and Keer",,bank_statement_line,Motor Vehicle Expenses,motor_vehicle,Blocked,"Sec 17(5)(a) blocks ITC on motor vehicles for transport of persons (seating <=13) and related services, unless used for further supply, passenger transport, or driving training.",synthetic
TXN002158,2024-06-16,Rout Ltd - staff life insurance premium,Rout Ltd - staff life insurance premium,62150.34,18,0.0,0.0,11187.06,Rout Ltd,,bank_statement_line,Employee Insurance/Reimbursements,employee_insurance,Blocked,Sec 17(5)(b) blocks ITC on health/life insurance for employees unless it is obligatory for the employer under any law for the time being in force.,synthetic
TXN002546,2025-02-13,paymnt received from Lalla-Tara for wholesale supply,Payment received from Lalla-Tara for wholesale supply,254468.16,18,22902.13,22902.13,0.0,Lalla-Tara,36NHMXH8083Q3ZC,receipt,Sales/Outward Supply,sales_revenue,Not Applicable,,synthetic
TXN002038,2026-02-24,employee medical reimbursement premium pymt - Dalal PLC,employee medical reimbursement premium payment - Dalal PLC,77108.21,18,0.0,0.0,13879.48,Dalal PLC,,bank_statement_line,Employee Insurance/Reimbursements,employee_insurance,Blocked,Sec 17(5)(b) blocks ITC on health/life insurance for employees unless it is obligatory for the employer under any law for the time being in force.,synthetic
TXN001119,2026-03-30,"account  maintenance charge fee - Banerjee, Thakkar and Varughese","account maintenance charge fee - Banerjee, Thakkar and Varughese",4995.91,18,449.63,449.63,0.0,"Banerjee, Thakkar and Varughese",24TTDLY3958W7ZW,invoice,Bank Charges/Financial Services,bank_charges,Eligible,,synthetic
TXN000915,2026-08-06,"telephone/mobile plan chrgs - Bava, Batra and Chaudhary","telephone/mobile plan charges - Bava, Batra and Chaudhary",8669.72,18,780.27,780.27,0.0,"Bava, Batra and Chaudhary",29TRYNM8216R9ZJ,receipt,Utilities (Business Electricity/Internet),utilities,Eligible,,synthetic
TXN001828,2026-02-06,employee leave travel airfare - Narula LLC,employee leave travel airfare - Narula LLC,43276.52,5,1081.91,1081.91,0.0,Narula LLC,,bank_statement_line,Employee Travel Benefits,employee_travel,Blocked,"Sec 17(5)(b)(iii) blocks ITC on travel benefits extended to employees (e.g. leave/home travel concession), unless obligatory under law.",synthetic
TXN000077,2024-10-26,purchse of yarn from Gala Group,Purchase of yarn from Gala Group,4714.04,18,0.0,0.0,848.53,Gala Group,,bank_statement_line,Purchase of Goods (Raw Material/Trading Stock),purchase_goods,Eligible,,synthetic
TXN000597,2026-04-26,website maintenance chrgs - loke group,website maintenance charges - Loke Group,47045.58,18,4234.1,4234.1,0.0,Loke Group,36BBFNZ8372F6ZV,receipt,Input Services (Professional/Consulting/IT),input_services,Eligible,,synthetic
TXN001774,2024-09-04,gym membership - Naik-Gade,gym membership - Naik-Gade,13377.12,18,0.0,0.0,2407.88,Naik-Gade,19OYUMA2273M4ZL,receipt,Club/Health/Fitness Memberships,club_membership,Blocked,"Sec 17(5)(b)(ii) blocks ITC on membership of a club, health, or fitness centre.",synthetic
TXN000902,2026-05-16,Deo and Sons - broadband internet bill pmt,Deo and Sons - broadband internet bill payment,5131.81,18,0.0,0.0,923.73,Deo and Sons,27FSHGD6944Y8ZX,invoice,Utilities (Business Electricity/Internet),utilities,Eligible,,synthetic
TXN001506,2026-07-13,Catering payment - Brar Ltd,Catering payment - Brar Ltd,4707.4,5,117.69,117.69,0.0,Brar Ltd,,bank_statement_line,Food & Beverages/Outdoor Catering,food_catering,Blocked,"Sec 17(5)(b)(i) explicitly blocks ITC on food and beverages and outdoor catering, unless used to make an outward taxable supply of the same category or as part of a composite/mixed supply.",synthetic
TXN000414,2024-09-12,software subscription charges - Pingle LLC,software subscription charges - Pingle LLC,22119.98,18,1990.8,1990.8,0.0,Pingle LLC,,bank_statement_line,Input Services (Professional/Consulting/IT),input_services,Eligible,,synthetic
TXN001453,2026-10-28,Catering pymt - Ahluwalia Ltd,Catering payment - Ahluwalia Ltd,7734.6,5,193.37,193.37,0.0,Ahluwalia Ltd,27XXWSQ1281R3Z0,invoice,Food & Beverages/Outdoor Catering,food_catering,Blocked,"Sec 17(5)(b)(i) explicitly blocks ITC on food and beverages and outdoor catering, unless used to make an outward taxable supply of the same category or as part of a composite/mixed supply.",synthetic
TXN001787,2026-02-19,"Tak, Khanna and Kalla - Membership Fee","Tak, Khanna and Kalla - Membership Fee",31138.48,18,2802.47,2802.47,0.0,"Tak, Khanna and Kalla",,bank_statement_line,Club/Health/Fitness Memberships,club_membership,Blocked,"Sec 17(5)(b)(ii) blocks ITC on membership of a club, health, or fitness centre.",synthetic
TXN001234,2025-11-26,vehicle car repair - parmar ltd,Vehicle car repair - Parmar Ltd,48780.3,28,6829.24,6829.24,0.0,Parmar Ltd,29DEOSW8081T5Z9,receipt,Motor Vehicle Expenses,motor_vehicle,Blocked,"Sec 17(5)(a) blocks ITC on motor vehicles for transport of persons (seating <=13) and related services, unless used for further supply, passenger transport, or driving training.",synthetic
TXN001458,2024-06-29,"Catering payment - Kulkarni, Lal and Wason","Catering payment - Kulkarni, Lal and Wason",9369.0,5,234.22,234.22,0.0,"Kulkarni, Lal and Wason",,bank_statement_line,Food & Beverages/Outdoor Catering,food_catering,Blocked,"Sec 17(5)(b)(i) explicitly blocks ITC on food and beverages and outdoor catering, unless used to make an outward taxable supply of the same category or as part of a composite/mixed supply.",synthetic
TXN000853,2024-02-05,"Contractor, Bajaj and Oza - telephone/mobile plan bill payment","Contractor, Bajaj and Oza - telephone/mobile plan bill payment",9808.07,18,882.73,882.73,0.0,"Contractor, Bajaj and Oza",19OZFPI6968Q3Z9,invoice,Utilities (Business Electricity/Internet),utilities,Eligible,,synthetic
TXN002768,2026-05-21,professional tax pmt payment,professional tax payment payment,43347.46,exempt,0.0,0.0,0.0,Narayanan PLC,29AWZST2145M7Z7,receipt,Exempt/Non-GST Expense,exempt_non_gst,Not Applicable,,synthetic
TXN001011,2025-11-25,Gala Group - loan processing fee,Gala Group - loan processing fee,229.86,18,0.0,0.0,41.37,Gala Group,07BLXGU9143Y1Z3,receipt,Bank Charges/Financial Services,bank_charges,Eligible,,synthetic
TXN002478,2024-01-10,"Payment received from Ramakrishnan, Saha and Parsa for export order","Payment received from Ramakrishnan, Saha and Parsa for export order",300296.29,18,27026.67,27026.67,0.0,"Ramakrishnan, Saha and Parsa",24SODFW2169J8ZC,invoice,Sales/Outward Supply,sales_revenue,Not Applicable,,synthetic
TXN000176,2026-04-27,"Kannan, Sura and Kanda - plastic granules supply","Kannan, Sura and Kanda - plastic granules supply",104622.41,18,9416.01,9416.01,0.0,"Kannan, Sura and Kanda",,bank_statement_line,Purchase of Goods (Raw Material/Trading Stock),purchase_goods,Eligible,,synthetic
TXN002023,2024-10-31,"Ghose, Nayak and Bhatnagar - staff life insurance premium","Ghose, Nayak and Bhatnagar - staff life insurance premium",65004.99,18,5850.45,5850.45,0.0,"Ghose, Nayak and Bhatnagar",24DKWBF3912L2Z6,receipt,Employee Insurance/Reimbursements,employee_insurance,Blocked,Sec 17(5)(b) blocks ITC on health/life insurance for employees unless it is obligatory for the employer under any law for the time being in force.,synthetic
TXN000775,2026-06-13,Lease  rental to Sharaf-Kohli for godown,Lease rental to Sharaf-Kohli for godown,78385.14,18,7054.66,7054.66,0.0,Sharaf-Kohli,,bank_statement_line,Rent/Lease of Business Premises,rent,Eligible,,synthetic
TXN001686,2026-09-29,kapadia group - membership fee,Kapadia Group - Membership Fee,7724.49,18,695.21,695.21,0.0,Kapadia Group,19GSCCP5053J3ZT,receipt,Club/Health/Fitness Memberships,club_membership,Blocked,"Sec 17(5)(b)(ii) blocks ITC on membership of a club, health, or fitness centre.",synthetic
TXN000867,2026-04-09,"comar, pall and pandey - telephone/mobile plan bill payment","Comar, Pall and Pandey - telephone/mobile plan bill payment",14838.66,18,0.0,0.0,2670.96,"Comar, Pall and Pandey",,bank_statement_line,Utilities (Business Electricity/Internet),utilities,Eligible,,synthetic
TXN001258,2024-10-21,"Payment to Balakrishnan, De and Subramanian for vehicle registration fee","Payment to Balakrishnan, De and Subramanian for vehicle registration fee",25781.81,28,3609.45,3609.45,0.0,"Balakrishnan, De and Subramanian",23AKSWP8052Y3Z9,invoice,Motor Vehicle Expenses,motor_vehicle,Blocked,"Sec 17(5)(a) blocks ITC on motor vehicles for transport of persons (seating <=13) and related services, unless used for further supply, passenger transport, or driving training.",synthetic
TXN000451,2026-06-12,BIR-SINGH - IT SUPPORT SRVCS INV,Bir-Singh - IT support services invoice,44091.75,18,3968.26,3968.26,0.0,Bir-Singh,09YZJMQ5409M3ZM,receipt,Input Services (Professional/Consulting/IT),input_services,Eligible,,synthetic
TXN000379,2025-03-08,Purchase of office desktop computers - Varghese-Chopra,Purchase of office desktop computers - Varghese-Chopra,761951.48,18,0.0,0.0,137151.27,Varghese-Chopra,27CVRLY5096O6ZI,invoice,Capital Goods,capital_goods,Eligible,,synthetic
TXN000335,2026-05-03,"office desktop computers installation invoice from Baral, More and Sastry","office desktop computers installation invoice from Baral, More and Sastry",71189.52,18,0.0,0.0,12814.11,"Baral, More and Sastry",29CXHYC2648Q1ZS,receipt,Capital Goods,capital_goods,Eligible,,synthetic
TXN000058,2025-03-10,Amble Inc - packaging material supply,Amble Inc - packaging material supply,42321.15,18,3808.91,3808.91,0.0,Amble Inc,23LGJZJ9602D8ZF,invoice,Purchase of Goods (Raw Material/Trading Stock),purchase_goods,Eligible,,synthetic
TXN002079,2026-08-20,"employee  group health insurance premium payment - ray, kamdar and deo","employee group health insurance premium payment - Ray, Kamdar and Deo",41404.6,18,0.0,0.0,7452.83,"Ray, Kamdar and Deo",23ZJRLO9927N4ZZ,receipt,Employee Insurance/Reimbursements,employee_insurance,Blocked,Sec 17(5)(b) blocks ITC on health/life insurance for employees unless it is obligatory for the employer under any law for the time being in force.,synthetic
TXN002794,2025-09-27,municipal tax payment payment,municipal tax payment payment,52402.77,exempt,0.0,0.0,0.0,Shan-Palan,,bank_statement_line,Exempt/Non-GST Expense,exempt_non_gst,Not Applicable,,synthetic
TXN002706,2026-06-20,Ghosh-Kanda - government license fee,Ghosh-Kanda - government license fee,17646.09,exempt,0.0,0.0,0.0,Ghosh-Kanda,23EZLLJ8194C8ZT,invoice,Exempt/Non-GST Expense,exempt_non_gst,Not Applicable,,synthetic
TXN002401,2025-05-12,"Agrawal, Vora and Gole - Sales invc","Agrawal, Vora and Gole - Sales Invoice",413940.05,18,37254.61,37254.61,0.0,"Agrawal, Vora and Gole",,bank_statement_line,Sales/Outward Supply,sales_revenue,Not Applicable,,synthetic
TXN000919,2024-05-19,"DEO, MITTAL AND DUTT - ELECTRICITY BILL PAYMENT","Deo, Mittal and Dutt - electricity bill payment",7453.09,18,0.0,0.0,1341.56,"Deo, Mittal and Dutt",,bank_statement_line,Utilities (Business Electricity/Internet),utilities,Eligible,,synthetic
TXN001620,2025-06-18,"gym membership - Dube, Yadav and Chhabra","gym membership - Dube, Yadav and Chhabra",35354.09,18,3181.87,3181.87,0.0,"Dube, Yadav and Chhabra",,bank_statement_line,Club/Health/Fitness Memberships,club_membership,Blocked,"Sec 17(5)(b)(ii) blocks ITC on membership of a club, health, or fitness centre.",synthetic
TXN001704,2025-03-28,wellness center package - Divan LLC,wellness center package - Divan LLC,49618.15,18,4465.64,4465.64,0.0,Divan LLC,,bank_statement_line,Club/Health/Fitness Memberships,club_membership,Blocked,"Sec 17(5)(b)(ii) blocks ITC on membership of a club, health, or fitness centre.",synthetic
TXN000403,2024-11-01,SUBRAMANIAM AND SONS - IT SUPPORT SERVICES INVC,Subramaniam and Sons - IT support services invoice,4986.31,18,448.77,448.77,0.0,Subramaniam and Sons,32ILIJV8116Y8Z2,receipt,Input Services (Professional/Consulting/IT),input_services,Eligible,,synthetic
TXN000588,2025-03-07,"website maintenance charges - Mittal, Subramanian and Konda","website maintenance charges - Mittal, Subramanian and Konda",31011.36,18,2791.02,2791.02,0.0,"Mittal, Subramanian and Konda",07HIOXP8433F3ZC,invoice,Input Services (Professional/Consulting/IT),input_services,Eligible,,synthetic
TXN002670,2024-03-05,Ratti-Char - staff salary pymt,Ratti-Char - staff salary payment,37422.46,exempt,0.0,0.0,0.0,Ratti-Char,36BURKA9357F9ZX,invoice,Exempt/Non-GST Expense,exempt_non_gst,Not Applicable,,synthetic
TXN002607,2026-04-06,municipal tax payment pymt,municipal tax payment payment,41748.49,exempt,0.0,0.0,0.0,Seth-Barman,27JIQQI8425N6ZJ,receipt,Exempt/Non-GST Expense,exempt_non_gst,Not Applicable,,synthetic
TXN000891,2025-01-17,water supply charges - Bali-Sengupta,water supply charges - Bali-Sengupta,13296.34,18,1196.67,1196.67,0.0,Bali-Sengupta,19GAIWP9471O8ZA,receipt,Utilities (Business Electricity/Internet),utilities,Eligible,,synthetic
TXN001014,2026-06-10,Seth LLC - Bank chrgs,Seth LLC - Bank Charges,166.42,18,14.98,14.98,0.0,Seth LLC,19ZOLXM7045M5ZT,receipt,Bank Charges/Financial Services,bank_charges,Eligible,,synthetic
TXN001923,2025-11-28,EMPLOYEE EMPLOYEE LEAVE TRAVEL AIRFARE BOOKING - SHROFF-VARUGHESE,Employee employee leave travel airfare booking - Shroff-Varughese,71500.02,5,0.0,0.0,3575.0,Shroff-Varughese,33WAOIR8353E5ZL,invoice,Employee Travel Benefits,employee_travel,Blocked,"Sec 17(5)(b)(iii) blocks ITC on travel benefits extended to employees (e.g. leave/home travel concession), unless obligatory under law.",synthetic
TXN000854,2025-11-30,"electricity charges - Chopra, Gala and Kohli","electricity charges - Chopra, Gala and Kohli",2565.62,18,230.91,230.91,0.0,"Chopra, Gala and Kohli",,bank_statement_line,Utilities (Business Electricity/Internet),utilities,Eligible,,synthetic
TXN001879,2024-09-24,"employee home travel concession booking booking - bobal, mittal and walia","Employee home travel concession booking booking - Bobal, Mittal and Walia",76887.54,5,1922.19,1922.19,0.0,"Bobal, Mittal and Walia",,bank_statement_line,Employee Travel Benefits,employee_travel,Blocked,"Sec 17(5)(b)(iii) blocks ITC on travel benefits extended to employees (e.g. leave/home travel concession), unless obligatory under law.",synthetic
TXN002283,2026-07-21,Construction payment - Mani LLC for building repair works contract,Construction payment - Mani LLC for building repair works contract,798834.17,18,71895.07,71895.07,0.0,Mani LLC,32ZQYTV0416S1ZK,receipt,Works Contract/Construction of Immovable Property,works_contract,Blocked,"Sec 17(5)(c)/(d) blocks ITC on works contract services and goods/services for construction of immovable property (other than plant & machinery), even when used for business.",synthetic
TXN000948,2026-04-07,BROADBAND INTERNET CHARGES - BOBAL-WABLE,broadband internet charges - Bobal-Wable,1186.79,18,106.81,106.81,0.0,Bobal-Wable,36QFIWP8701Y1Z3,receipt,Utilities (Business Electricity/Internet),utilities,Eligible,,synthetic
TXN002486,2025-06-01,Sale invoice to Parikh-Dutt,Sale invoice to Parikh-Dutt,470476.21,18,42342.86,42342.86,0.0,Parikh-Dutt,19OZWNP4924Y5Z4,invoice,Sales/Outward Supply,sales_revenue,Not Applicable,,synthetic
TXN000130,2024-02-25,"Lanka, Barad and Chopra - printed labels supply","Lanka, Barad and Chopra - printed labels supply",84795.65,18,7631.61,7631.61,0.0,"Lanka, Barad and Chopra",,bank_statement_line,Purchase of Goods (Raw Material/Trading Stock),purchase_goods,Eligible,,synthetic
TXN000501,2024-10-12,Prasad and Sons - software subscription srvcs inv,Prasad and Sons - software subscription services invoice,23294.63,18,2096.51,2096.51,0.0,Prasad and Sons,27DUGYP7075K2ZM,invoice,Input Services (Professional/Consulting/IT),input_services,Eligible,,synthetic
TXN000535,2026-05-29,Professional fees to Nori-Grover for legal consultation,Professional fees to Nori-Grover for legal consultation,43326.37,18,0.0,0.0,7798.75,Nori-Grover,32UPEFS4452K2ZY,invoice,Input Services (Professional/Consulting/IT),input_services,Eligible,,synthetic
TXN002326,2024-04-25,Dhillon-Patil - warehouse construction contract,Dhillon-Patil - warehouse construction contract,773400.61,18,69606.05,69606.05,0.0,Dhillon-Patil,,bank_statement_line,Works Contract/Construction of Immovable Property,works_contract,Blocked,"Sec 17(5)(c)/(d) blocks ITC on works contract services and goods/services for construction of immovable property (other than plant & machinery), even when used for business.",synthetic
TXN000977,2026-07-12,Chauhan-D’Alia - electricity bill payment,Chauhan-D’Alia - electricity bill payment,4172.51,18,375.52,375.52,0.0,Chauhan-D’Alia,29JLUQA8399K9Z8,invoice,Utilities (Business Electricity/Internet),utilities,Eligible,,synthetic
TXN002767,2026-05-03,"BAJAJ, BALAY AND DEWAN - PROFESSIONAL TAX PAYMENT","Bajaj, Balay and Dewan - professional tax payment",6109.63,exempt,0.0,0.0,0.0,"Bajaj, Balay and Dewan",,bank_statement_line,Exempt/Non-GST Expense,exempt_non_gst,Not Applicable,,synthetic
TXN001952,2024-03-09,employee leave travel airfare - Wali Group,employee leave travel airfare - Wali Group,78938.96,5,1973.47,1973.47,0.0,Wali Group,32SJMXY8074V3ZL,invoice,Employee Travel Benefits,employee_travel,Blocked,"Sec 17(5)(b)(iii) blocks ITC on travel benefits extended to employees (e.g. leave/home travel concession), unless obligatory under law.",synthetic
TXN002333,2026-01-12,Kumer-Mitra - flooring and fixtures work,Kumer-Mitra - flooring and fixtures work,311056.96,18,27995.12,27995.12,0.0,Kumer-Mitra,,bank_statement_line,Works Contract/Construction of Immovable Property,works_contract,Blocked,"Sec 17(5)(c)/(d) blocks ITC on works contract services and goods/services for construction of immovable property (other than plant & machinery), even when used for business.",synthetic
TXN001904,2025-12-26,staff outing travel booking - Raj-Saran,staff outing travel booking - Raj-Saran,75923.35,5,0.0,0.0,3796.17,Raj-Saran,36OEYLU4957K5ZW,receipt,Employee Travel Benefits,employee_travel,Blocked,"Sec 17(5)(b)(iii) blocks ITC on travel benefits extended to employees (e.g. leave/home travel concession), unless obligatory under law.",synthetic
TXN001389,2025-11-26,Payment to Sehgal-Parmer for vehicle insurance premium,Payment to Sehgal-Parmer for vehicle insurance premium,45809.9,28,6413.39,6413.39,0.0,Sehgal-Parmer,33RPMRC0159O3ZY,invoice,Motor Vehicle Expenses,motor_vehicle,Blocked,"Sec 17(5)(a) blocks ITC on motor vehicles for transport of persons (seating <=13) and related services, unless used for further supply, passenger transport, or driving training.",synthetic
TXN000707,2024-11-25,Monthly rent - Pall Inc,Monthly rent - Pall Inc,50507.26,18,0.0,0.0,9091.31,Pall Inc,09JYNFQ3704H9ZS,invoice,Rent/Lease of Business Premises,rent,Eligible,,synthetic
TXN001293,2026-04-01,pmt to Wali Ltd for car servicing,Payment to Wali Ltd for car servicing,23278.15,28,3258.94,3258.94,0.0,Wali Ltd,27KXFIP0913Y1ZH,receipt,Motor Vehicle Expenses,motor_vehicle,Blocked,"Sec 17(5)(a) blocks ITC on motor vehicles for transport of persons (seating <=13) and related services, unless used for further supply, passenger transport, or driving training.",synthetic
TXN001218,2026-03-08,Vehicle car repair - Kapur Ltd,Vehicle car repair - Kapur Ltd,14031.04,28,1964.35,1964.35,0.0,Kapur Ltd,27ITZHH3510R2Z9,invoice,Motor Vehicle Expenses,motor_vehicle,Blocked,"Sec 17(5)(a) blocks ITC on motor vehicles for transport of persons (seating <=13) and related services, unless used for further supply, passenger transport, or driving training.",synthetic
TXN001788,2025-03-02,"SONI, SETTY AND ROUT - MEMBERSHIP FEE","Soni, Setty and Rout - Membership Fee",44793.58,18,0.0,0.0,8062.84,"Soni, Setty and Rout",09JZZAP5827B3Z3,receipt,Club/Health/Fitness Memberships,club_membership,Blocked,"Sec 17(5)(b)(ii) blocks ITC on membership of a club, health, or fitness centre.",synthetic
TXN000876,2024-06-01,electricity chrgs - Mani-Dey,electricity charges - Mani-Dey,14298.61,18,1286.88,1286.88,0.0,Mani-Dey,09YOAIM6821U2Z6,receipt,Utilities (Business Electricity/Internet),utilities,Eligible,,synthetic
TXN000275,2026-01-07,generator set installation invoice from Naik-D’Alia,generator set installation invoice from Naik-D’Alia,562155.49,18,50594.0,50594.0,0.0,Naik-D’Alia,32XNGBF6249C7ZR,receipt,Capital Goods,capital_goods,Eligible,,synthetic
TXN000752,2026-09-28,Lease rental to Babu LLC for warehouse space,Lease rental to Babu LLC for warehouse space,80889.56,18,0.0,0.0,14560.12,Babu LLC,29VWZON5259X4ZV,receipt,Rent/Lease of Business Premises,rent,Eligible,,synthetic
TXN001018,2026-07-12,cheque bounce fee fee - Divan-Chand,cheque bounce fee fee - Divan-Chand,1685.52,18,151.69,151.69,0.0,Divan-Chand,07HGBXP3957H5ZR,receipt,Bank Charges/Financial Services,bank_charges,Eligible,,synthetic
TXN001377,2026-05-28,Payment to Bhavsar-Krishna for vehicle insurance premium,Payment to Bhavsar-Krishna for vehicle insurance premium,28297.43,28,0.0,0.0,7923.28,Bhavsar-Krishna,,bank_statement_line,Motor Vehicle Expenses,motor_vehicle,Blocked,"Sec 17(5)(a) blocks ITC on motor vehicles for transport of persons (seating <=13) and related services, unless used for further supply, passenger transport, or driving training.",synthetic
TXN002580,2025-06-18,"Payment received from Nagi, Ratti and Bath for finished goods","Payment received from Nagi, Ratti and Bath for finished goods",347112.41,18,0.0,0.0,62480.23,"Nagi, Ratti and Bath",23LAWZE9935M9ZC,receipt,Sales/Outward Supply,sales_revenue,Not Applicable,,synthetic
TXN002495,2026-01-19,"SALE INVOICE TO CHAUDRY, BARMAN AND TRIPATHI","Sale invoice to Chaudry, Barman and Tripathi",265882.59,18,23929.44,23929.44,0.0,"Chaudry, Barman and Tripathi",24VEGNA3599H4ZV,receipt,Sales/Outward Supply,sales_revenue,Not Applicable,,synthetic
TXN000398,2024-08-14,Bhasin PLC - Capital Asset purchse - industrial sewing machine,Bhasin PLC - Capital Asset Purchase - industrial sewing machine,425966.37,18,38336.97,38336.97,0.0,Bhasin PLC,29NIIQA8528J7Z6,invoice,Capital Goods,capital_goods,Eligible,,synthetic
TXN001057,2025-01-24,"POS machine rental fee - More, Gill and Swaminathan","POS machine rental fee - More, Gill and Swaminathan",1146.13,18,103.15,103.15,0.0,"More, Gill and Swaminathan",,bank_statement_line,Bank Charges/Financial Services,bank_charges,Eligible,,synthetic
TXN002431,2025-03-27,SALE INVC TO MITAL-DIXIT,Sale invoice to Mital-Dixit,439205.0,18,39528.45,39528.45,0.0,Mital-Dixit,33QJDGZ3834C3ZD,invoice,Sales/Outward Supply,sales_revenue,Not Applicable,,synthetic
TXN002471,2024-01-06,Sale invoice to Dada-Talwar,Sale invoice to Dada-Talwar,369231.98,18,0.0,0.0,66461.76,Dada-Talwar,32MYKCG3905R1Z2,invoice,Sales/Outward Supply,sales_revenue,Not Applicable,,synthetic
TXN001693,2026-04-18,wellness center package - Hayre-Viswanathan,wellness center package - Hayre-Viswanathan,22889.31,18,0.0,0.0,4120.08,Hayre-Viswanathan,,bank_statement_line,Club/Health/Fitness Memberships,club_membership,Blocked,"Sec 17(5)(b)(ii) blocks ITC on membership of a club, health, or fitness centre.",synthetic
TXN000489,2025-02-10,Sastry-Shenoy - legal consultation svcs invoice,Sastry-Shenoy - legal consultation services invoice,58609.87,18,0.0,0.0,10549.78,Sastry-Shenoy,23HMTGD5278W4Z1,receipt,Input Services (Professional/Consulting/IT),input_services,Eligible,,synthetic
TXN001380,2024-03-19,Payment to Keer Inc for car servicing,Payment to Keer Inc for car servicing,7522.99,28,0.0,0.0,2106.44,Keer Inc,19QXRZA5043L2ZW,receipt,Motor Vehicle Expenses,motor_vehicle,Blocked,"Sec 17(5)(a) blocks ITC on motor vehicles for transport of persons (seating <=13) and related services, unless used for further supply, passenger transport, or driving training.",synthetic
TXN001150,2024-11-30,"Balakrishnan, Ghose and Hans - Bank Charges","Balakrishnan, Ghose and Hans - Bank Charges",3603.67,18,0.0,0.0,648.66,"Balakrishnan, Ghose and Hans",09PVVHU6728J4ZZ,invoice,Bank Charges/Financial Services,bank_charges,Eligible,,synthetic
TXN001911,2026-04-23,"home travel concession booking - Sur, Sarkar and Deshpande","home travel concession booking - Sur, Sarkar and Deshpande",23462.25,5,586.55,586.55,0.0,"Sur, Sarkar and Deshpande",36IXTRL9368A9ZJ,receipt,Employee Travel Benefits,employee_travel,Blocked,"Sec 17(5)(b)(iii) blocks ITC on travel benefits extended to employees (e.g. leave/home travel concession), unless obligatory under law.",synthetic
TXN001345,2025-02-11,Sur-Bassi - vehicle registration fee,Sur-Bassi - vehicle registration fee,18134.27,28,0.0,0.0,5077.6,Sur-Bassi,,bank_statement_line,Motor Vehicle Expenses,motor_vehicle,Blocked,"Sec 17(5)(a) blocks ITC on motor vehicles for transport of persons (seating <=13) and related services, unless used for further supply, passenger transport, or driving training.",synthetic
TXN000795,2025-01-28,Monthly  rent - Kari-Parekh,Monthly rent - Kari-Parekh,61623.44,18,0.0,0.0,11092.22,Kari-Parekh,,bank_statement_line,Rent/Lease of Business Premises,rent,Eligible,,synthetic
TXN002795,2024-11-02,"Mishra, Raman and Gill - government license fee","Mishra, Raman and Gill - government license fee",14315.13,exempt,0.0,0.0,0.0,"Mishra, Raman and Gill",24GJHOC0496O8ZJ,receipt,Exempt/Non-GST Expense,exempt_non_gst,Not Applicable,,synthetic
TXN001645,2026-08-23,Bobal Inc - Membership Fee,Bobal Inc - Membership Fee,46062.28,18,4145.6,4145.6,0.0,Bobal Inc,09NZDLW4345V6ZL,receipt,Club/Health/Fitness Memberships,club_membership,Blocked,"Sec 17(5)(b)(ii) blocks ITC on membership of a club, health, or fitness centre.",synthetic
TXN002418,2024-10-10,"Payment received from Dube, Dara and Misra for export order","Payment received from Dube, Dara and Misra for export order",164889.5,18,14840.06,14840.06,0.0,"Dube, Dara and Misra",33APIRX5669G9Z7,invoice,Sales/Outward Supply,sales_revenue,Not Applicable,,synthetic
TXN001909,2025-03-19,staff outing travel booking - Desai Inc,staff outing travel booking - Desai Inc,66340.0,5,1658.5,1658.5,0.0,Desai Inc,27DALEG8696M7ZV,invoice,Employee Travel Benefits,employee_travel,Blocked,"Sec 17(5)(b)(iii) blocks ITC on travel benefits extended to employees (e.g. leave/home travel concession), unless obligatory under law.",synthetic
TXN001253,2024-05-24,"Sridhar, Sama and Ganesan - vehicle insurance premium","Sridhar, Sama and Ganesan - vehicle insurance premium",2277.62,28,0.0,0.0,637.73,"Sridhar, Sama and Ganesan",24VWSQL6589S6ZQ,receipt,Motor Vehicle Expenses,motor_vehicle,Blocked,"Sec 17(5)(a) blocks ITC on motor vehicles for transport of persons (seating <=13) and related services, unless used for further supply, passenger transport, or driving training.",synthetic
TXN002031,2025-12-07,"employee group health insurance premium payment - Mander, Saha and Soni","employee group health insurance premium payment - Mander, Saha and Soni",34657.82,18,3119.2,3119.2,0.0,"Mander, Saha and Soni",27FZMBE6298P6ZN,receipt,Employee Insurance/Reimbursements,employee_insurance,Blocked,Sec 17(5)(b) blocks ITC on health/life insurance for employees unless it is obligatory for the employer under any law for the time being in force.,synthetic
TXN001267,2025-08-14,Payment to Tandon-Gandhi for car repair,Payment to Tandon-Gandhi for car repair,40613.06,28,0.0,0.0,11371.66,Tandon-Gandhi,,bank_statement_line,Motor Vehicle Expenses,motor_vehicle,Blocked,"Sec 17(5)(a) blocks ITC on motor vehicles for transport of persons (seating <=13) and related services, unless used for further supply, passenger transport, or driving training.",synthetic
TXN001733,2025-06-02,MUNI-NARAYAN - MEMBERSHIP FEE,Muni-Narayan - Membership Fee,39246.75,18,0.0,0.0,7064.41,Muni-Narayan,,bank_statement_line,Club/Health/Fitness Memberships,club_membership,Blocked,"Sec 17(5)(b)(ii) blocks ITC on membership of a club, health, or fitness centre.",synthetic
TXN001008,2025-10-14,sethi-magar - pos machine rental,Sethi-Magar - POS machine rental,1137.77,18,102.4,102.4,0.0,Sethi-Magar,27NHKOS6332P1ZX,receipt,Bank Charges/Financial Services,bank_charges,Eligible,,synthetic
TXN000373,2026-10-09,"Purchase of office desktop computers - Bal, Deep and Aurora","Purchase of office desktop computers - Bal, Deep and Aurora",222923.07,18,20063.08,20063.08,0.0,"Bal, Deep and Aurora",33YDSLX4617G5ZS,receipt,Capital Goods,capital_goods,Eligible,,synthetic
TXN002019,2026-02-08,"employee group health insurance premium payment - Kannan, Bhatnagar and Jain","employee group health insurance premium payment - Kannan, Bhatnagar and Jain",88249.14,18,0.0,0.0,15884.85,"Kannan, Bhatnagar and Jain",23NIMAB5753B2ZT,receipt,Employee Insurance/Reimbursements,employee_insurance,Blocked,Sec 17(5)(b) blocks ITC on health/life insurance for employees unless it is obligatory for the employer under any law for the time being in force.,synthetic
TXN000107,2025-05-21,Purchase of steel sheets from Nath and Sons,Purchase of steel sheets from Nath and Sons,105440.14,18,0.0,0.0,18979.23,Nath and Sons,,bank_statement_line,Purchase of Goods (Raw Material/Trading Stock),purchase_goods,Eligible,,synthetic
TXN000265,2026-05-24,INDUSTRIAL SEWING MACHINE INSTALLATION INVOICE FROM BAIL LTD,industrial sewing machine installation invoice from Bail Ltd,425198.51,18,38267.86,38267.86,0.0,Bail Ltd,36KFROY5577S6Z3,invoice,Capital Goods,capital_goods,Eligible,,synthetic
TXN000063,2026-05-28,"Payment to Solanki, Kibe and Solanki for raw plastic pellets","Payment to Solanki, Kibe and Solanki for raw plastic pellets",63729.06,18,0.0,0.0,11471.23,"Solanki, Kibe and Solanki",19PJPFR2183Y5ZO,invoice,Purchase of Goods (Raw Material/Trading Stock),purchase_goods,Eligible,,synthetic
TXN000008,2026-09-27,pmt to ahuja-dutta for raw plastic pellets,Payment to Ahuja-Dutta for raw plastic pellets,108092.26,18,0.0,0.0,19456.61,Ahuja-Dutta,36XWHQP1757Q1ZU,invoice,Purchase of Goods (Raw Material/Trading Stock),purchase_goods,Eligible,,synthetic
TXN002589,2025-05-08,"Sale inv to Gara, Bhargava and Nanda","Sale invoice to Gara, Bhargava and Nanda",227923.54,18,0.0,0.0,41026.24,"Gara, Bhargava and Nanda",24QKMGF7793J2ZS,receipt,Sales/Outward Supply,sales_revenue,Not Applicable,,synthetic
TXN001538,2025-12-31,"OFFICE OFFICE TEA/COFFEE SUPPLIES ORDER - KURIAN, PADMANABHAN AND BAHRI","Office office tea/coffee supplies order - Kurian, Padmanabhan and Bahri",7611.3,5,0.0,0.0,380.57,"Kurian, Padmanabhan and Bahri",33BFBXK1838P2ZX,receipt,Food & Beverages/Outdoor Catering,food_catering,Blocked,"Sec 17(5)(b)(i) explicitly blocks ITC on food and beverages and outdoor catering, unless used to make an outward taxable supply of the same category or as part of a composite/mixed supply.",synthetic
TXN001589,2026-07-14,OFFICE OFFICE TEA/COFFEE SUPPLIES ORDER - NAGI INC,Office office tea/coffee supplies order - Nagi Inc,562.74,5,14.07,14.07,0.0,Nagi Inc,27NQRTS1820G7ZA,invoice,Food & Beverages/Outdoor Catering,food_catering,Blocked,"Sec 17(5)(b)(i) explicitly blocks ITC on food and beverages and outdoor catering, unless used to make an outward taxable supply of the same category or as part of a composite/mixed supply.",synthetic
TXN001847,2025-03-14,staff outing travel booking - Chahal LLC,staff outing travel booking - Chahal LLC,49966.31,5,1249.16,1249.16,0.0,Chahal LLC,,bank_statement_line,Employee Travel Benefits,employee_travel,Blocked,"Sec 17(5)(b)(iii) blocks ITC on travel benefits extended to employees (e.g. leave/home travel concession), unless obligatory under law.",synthetic
TXN001303,2024-10-25,"Payment to Kalla, Iyer and Kadakia for vehicle registration fee","Payment to Kalla, Iyer and Kadakia for vehicle registration fee",28725.55,28,0.0,0.0,8043.15,"Kalla, Iyer and Kadakia",27ACZSI4992L9ZS,invoice,Motor Vehicle Expenses,motor_vehicle,Blocked,"Sec 17(5)(a) blocks ITC on motor vehicles for transport of persons (seating <=13) and related services, unless used for further supply, passenger transport, or driving training.",synthetic
TXN000748,2025-02-19,"MONTHLY RENT - TANK, SHUKLA AND CHAUDHARI","Monthly rent - Tank, Shukla and Chaudhari",27823.75,18,2504.14,2504.14,0.0,"Tank, Shukla and Chaudhari",27ALMEA8698W5Z4,receipt,Rent/Lease of Business Premises,rent,Eligible,,synthetic
TXN001873,2025-04-16,EMPLOYEE LEAVE TRAVEL AIRFARE - SURA-BALAN,employee leave travel airfare - Sura-Balan,43053.59,5,1076.34,1076.34,0.0,Sura-Balan,,bank_statement_line,Employee Travel Benefits,employee_travel,Blocked,"Sec 17(5)(b)(iii) blocks ITC on travel benefits extended to employees (e.g. leave/home travel concession), unless obligatory under law.",synthetic
TXN000539,2024-02-29,MEMON  LLC - WEBSITE MAINTENANCE SERVICES INV,Memon LLC - website maintenance services invoice,48348.28,18,0.0,0.0,8702.69,Memon LLC,24TKOIP3648D6ZG,receipt,Input Services (Professional/Consulting/IT),input_services,Eligible,,synthetic
TXN000430,2026-11-28,"Professional fees to Karpe, Tella and Pandya for website maintenance","Professional fees to Karpe, Tella and Pandya for website maintenance",3159.66,18,284.37,284.37,0.0,"Karpe, Tella and Pandya",23WKHXO9351C5Z2,invoice,Input Services (Professional/Consulting/IT),input_services,Eligible,,synthetic
TXN000463,2024-10-05,Professional fees to Baral and Sons for auditing srvcs,Professional fees to Baral and Sons for auditing services,16200.08,18,1458.01,1458.01,0.0,Baral and Sons,,bank_statement_line,Input Services (Professional/Consulting/IT),input_services,Eligible,,synthetic
TXN002015,2026-11-04,"staff life insurance premium premium pmt - De, Atwal and Gera","staff life insurance premium premium payment - De, Atwal and Gera",98908.34,18,8901.75,8901.75,0.0,"De, Atwal and Gera",32LBPBO8936F4ZX,receipt,Employee Insurance/Reimbursements,employee_insurance,Blocked,Sec 17(5)(b) blocks ITC on health/life insurance for employees unless it is obligatory for the employer under any law for the time being in force.,synthetic
TXN001169,2024-05-09,POS machine rental fee - Mittal-Verma,POS machine rental fee - Mittal-Verma,1029.41,18,92.64,92.64,0.0,Mittal-Verma,,bank_statement_line,Bank Charges/Financial Services,bank_charges,Eligible,,synthetic
TXN001825,2025-10-23,"STAFF OUTING TRAVEL BOOKING - NAYAK, SHERE AND SACHDEV","staff outing travel booking - Nayak, Shere and Sachdev",25757.8,5,0.0,0.0,1287.89,"Nayak, Shere and Sachdev",,bank_statement_line,Employee Travel Benefits,employee_travel,Blocked,"Sec 17(5)(b)(iii) blocks ITC on travel benefits extended to employees (e.g. leave/home travel concession), unless obligatory under law.",synthetic
TXN000950,2024-03-26,ram plc - water supply bill pmt,Ram PLC - water supply bill payment,13874.72,18,1248.72,1248.72,0.0,Ram PLC,,bank_statement_line,Utilities (Business Electricity/Internet),utilities,Eligible,,synthetic
TXN001590,2024-08-17,bawa plc - client meeting refreshments,Bawa PLC - client meeting refreshments,10673.15,5,266.83,266.83,0.0,Bawa PLC,19RWQFL8597E9ZB,invoice,Food & Beverages/Outdoor Catering,food_catering,Blocked,"Sec 17(5)(b)(i) explicitly blocks ITC on food and beverages and outdoor catering, unless used to make an outward taxable supply of the same category or as part of a composite/mixed supply.",synthetic
TXN002154,2025-09-12,"Sachdeva,  Dewan and Chadha - employee group health insurance","Sachdeva, Dewan and Chadha - employee group health insurance",78560.27,18,0.0,0.0,14140.85,"Sachdeva, Dewan and Chadha",32AHTLJ5235S4ZR,receipt,Employee Insurance/Reimbursements,employee_insurance,Blocked,Sec 17(5)(b) blocks ITC on health/life insurance for employees unless it is obligatory for the employer under any law for the time being in force.,synthetic
TXN001362,2025-04-16,PMT TO MITRA-CHADHA FOR VEHICLE INSURANCE PREMIUM,Payment to Mitra-Chadha for vehicle insurance premium,47194.59,28,0.0,0.0,13214.49,Mitra-Chadha,,bank_statement_line,Motor Vehicle Expenses,motor_vehicle,Blocked,"Sec 17(5)(a) blocks ITC on motor vehicles for transport of persons (seating <=13) and related services, unless used for further supply, passenger transport, or driving training.",synthetic
TXN001158,2024-12-17,"Palla, Padmanabhan and Gade - cheque bounce fee","Palla, Padmanabhan and Gade - cheque bounce fee",2660.09,18,239.41,239.41,0.0,"Palla, Padmanabhan and Gade",,bank_statement_line,Bank Charges/Financial Services,bank_charges,Eligible,,synthetic
TXN001230,2026-05-30,vehicle vehicle insurance premium - cheema-vaidya,Vehicle vehicle insurance premium - Cheema-Vaidya,32195.5,28,0.0,0.0,9014.74,Cheema-Vaidya,27DMAQL7314E6ZA,receipt,Motor Vehicle Expenses,motor_vehicle,Blocked,"Sec 17(5)(a) blocks ITC on motor vehicles for transport of persons (seating <=13) and related services, unless used for further supply, passenger transport, or driving training.",synthetic
TXN002669,2026-04-25,"bhalla, ben and menon - municipal tax payment","Bhalla, Ben and Menon - municipal tax payment",25003.18,exempt,0.0,0.0,0.0,"Bhalla, Ben and Menon",27KPUKH3050T3ZV,receipt,Exempt/Non-GST Expense,exempt_non_gst,Not Applicable,,synthetic
TXN002217,2025-01-14,Construction payment - Chhabra-Golla for shop renovation works,Construction payment - Chhabra-Golla for shop renovation works,399815.19,18,0.0,0.0,71966.73,Chhabra-Golla,29DRDYI1578G4ZF,invoice,Works Contract/Construction of Immovable Property,works_contract,Blocked,"Sec 17(5)(c)/(d) blocks ITC on works contract services and goods/services for construction of immovable property (other than plant & machinery), even when used for business.",synthetic
TXN002277,2024-03-19,"Ramakrishnan, Naidu and Chaudhari - warehouse construction contract","Ramakrishnan, Naidu and Chaudhari - warehouse construction contract",536795.85,18,48311.62,48311.62,0.0,"Ramakrishnan, Naidu and Chaudhari",,bank_statement_line,Works Contract/Construction of Immovable Property,works_contract,Blocked,"Sec 17(5)(c)/(d) blocks ITC on works contract services and goods/services for construction of immovable property (other than plant & machinery), even when used for business.",synthetic
TXN000336,2025-09-14,generator set installation invoice from Patla Ltd,generator set installation invoice from Patla Ltd,36756.19,18,3308.05,3308.05,0.0,Patla Ltd,07VNIPR7465R8Z3,invoice,Capital Goods,capital_goods,Eligible,,synthetic
TXN001393,2024-07-20,pymt to Bose-Borra for fuel purchase,Payment to Bose-Borra for fuel purchase,25496.94,28,3569.57,3569.57,0.0,Bose-Borra,36RLBWI2205F3ZA,invoice,Motor Vehicle Expenses,motor_vehicle,Blocked,"Sec 17(5)(a) blocks ITC on motor vehicles for transport of persons (seating <=13) and related services, unless used for further supply, passenger transport, or driving training.",synthetic
TXN001278,2025-02-09,"pymt to jhaveri, shan and om for car repair","Payment to Jhaveri, Shan and Om for car repair",4342.0,28,607.88,607.88,0.0,"Jhaveri, Shan and Om",32RQIHI4066A3Z1,invoice,Motor Vehicle Expenses,motor_vehicle,Blocked,"Sec 17(5)(a) blocks ITC on motor vehicles for transport of persons (seating <=13) and related services, unless used for further supply, passenger transport, or driving training.",synthetic
TXN000304,2024-01-24,purch of 3-phase motor - Vora Group,Purchase of 3-phase motor - Vora Group,268139.3,18,24132.53,24132.53,0.0,Vora Group,09ORMEJ9819V3ZI,receipt,Capital Goods,capital_goods,Eligible,,synthetic
TXN001106,2026-03-15,CHEQUE BOUNCE FEE FEE - MORAR GROUP,cheque bounce fee fee - Morar Group,2219.69,18,199.77,199.77,0.0,Morar Group,32CAHWD4047Y9ZM,invoice,Bank Charges/Financial Services,bank_charges,Eligible,,synthetic
TXN002273,2026-09-26,Construction pmt - Barad-Sharma for shop renovation works,Construction payment - Barad-Sharma for shop renovation works,541515.63,18,48736.4,48736.4,0.0,Barad-Sharma,23OEHJL1694B7Z1,receipt,Works Contract/Construction of Immovable Property,works_contract,Blocked,"Sec 17(5)(c)/(d) blocks ITC on works contract services and goods/services for construction of immovable property (other than plant & machinery), even when used for business.",synthetic
TXN001681,2024-07-04,"club membership renewal - Raja, Bhagat and Mody","club membership renewal - Raja, Bhagat and Mody",17308.36,18,1557.75,1557.75,0.0,"Raja, Bhagat and Mody",29VSOVK9540V1ZD,receipt,Club/Health/Fitness Memberships,club_membership,Blocked,"Sec 17(5)(b)(ii) blocks ITC on membership of a club, health, or fitness centre.",synthetic
TXN000476,2026-02-20,Patil LLC - website maintenance services invc,Patil LLC - website maintenance services invoice,40094.4,18,3608.49,3608.49,0.0,Patil LLC,07DWFDO5274R5ZQ,invoice,Input Services (Professional/Consulting/IT),input_services,Eligible,,synthetic
TXN000581,2024-08-05,IT support charges - Maharaj and Sons,IT support charges - Maharaj and Sons,3632.02,18,0.0,0.0,653.76,Maharaj and Sons,,bank_statement_line,Input Services (Professional/Consulting/IT),input_services,Eligible,,synthetic
TXN001518,2026-04-17,"Chaudhuri,  Nanda and Pathak - festival sweets order","Chaudhuri, Nanda and Pathak - festival sweets order",16068.49,5,0.0,0.0,803.42,"Chaudhuri, Nanda and Pathak",,bank_statement_line,Food & Beverages/Outdoor Catering,food_catering,Blocked,"Sec 17(5)(b)(i) explicitly blocks ITC on food and beverages and outdoor catering, unless used to make an outward taxable supply of the same category or as part of a composite/mixed supply.",synthetic
TXN002452,2026-11-21,SALE INVOICE TO DESHMUKH INC,Sale invoice to Deshmukh Inc,459094.32,18,41318.49,41318.49,0.0,Deshmukh Inc,,bank_statement_line,Sales/Outward Supply,sales_revenue,Not Applicable,,synthetic
TXN000303,2026-01-05,Chaudhry-Sarraf - Capital Asset Purchase - generator set,Chaudhry-Sarraf - Capital Asset Purchase - generator set,464815.6,18,0.0,0.0,83666.81,Chaudhry-Sarraf,09SXZPP5880R1ZA,receipt,Capital Goods,capital_goods,Eligible,,synthetic
TXN001284,2026-11-12,"Payment to Vig, Prakash and Cherian for vehicle registration fee","Payment to Vig, Prakash and Cherian for vehicle registration fee",11986.64,28,1678.13,1678.13,0.0,"Vig, Prakash and Cherian",24RZZKV5048F6ZP,invoice,Motor Vehicle Expenses,motor_vehicle,Blocked,"Sec 17(5)(a) blocks ITC on motor vehicles for transport of persons (seating <=13) and related services, unless used for further supply, passenger transport, or driving training.",synthetic
TXN002560,2026-09-28,Payment received from Bava-Mody for export order,Payment received from Bava-Mody for export order,87875.36,18,7908.78,7908.78,0.0,Bava-Mody,23CJOFU5348M3ZE,receipt,Sales/Outward Supply,sales_revenue,Not Applicable,,synthetic
TXN000022,2025-03-06,"purchase of raw plastic pellets from konda, gade and shere","Purchase of raw plastic pellets from Konda, Gade and Shere",76314.81,18,6868.34,6868.34,0.0,"Konda, Gade and Shere",09SOERJ7154A5ZS,receipt,Purchase of Goods (Raw Material/Trading Stock),purchase_goods,Eligible,,synthetic
TXN000240,2025-01-09,purchase of commercial printer - borah-bera,Purchase of commercial printer - Borah-Bera,391713.25,18,35254.19,35254.19,0.0,Borah-Bera,,bank_statement_line,Capital Goods,capital_goods,Eligible,,synthetic
TXN001816,2026-10-02,home travel concession booking - Jaggi Ltd,home travel concession booking - Jaggi Ltd,74472.02,5,0.0,0.0,3723.6,Jaggi Ltd,07EMPSU1204X9ZE,receipt,Employee Travel Benefits,employee_travel,Blocked,"Sec 17(5)(b)(iii) blocks ITC on travel benefits extended to employees (e.g. leave/home travel concession), unless obligatory under law.",synthetic
TXN000309,2026-01-27,purchase of packing machine - nadig-sura,Purchase of packing machine - Nadig-Sura,650938.71,18,58584.49,58584.49,0.0,Nadig-Sura,23CNWHD2801F3Z2,receipt,Capital Goods,capital_goods,Eligible,,synthetic
TXN000758,2024-12-22,"Lease  rental to Pandey, Gara and Dey for godown","Lease rental to Pandey, Gara and Dey for godown",19811.34,18,0.0,0.0,3566.04,"Pandey, Gara and Dey",36LNMSK9605W9Z5,invoice,Rent/Lease of Business Premises,rent,Eligible,,synthetic
TXN002228,2024-07-15,Boase Group - warehouse construction contract,Boase Group - warehouse construction contract,889018.11,18,0.0,0.0,160023.26,Boase Group,,bank_statement_line,Works Contract/Construction of Immovable Property,works_contract,Blocked,"Sec 17(5)(c)/(d) blocks ITC on works contract services and goods/services for construction of immovable property (other than plant & machinery), even when used for business.",synthetic
TXN001271,2025-09-21,"VEHICLE FUEL PURCHASE - RADHAKRISHNAN, RAU AND KEER","Vehicle fuel purchase - Radhakrishnan, Rau and Keer",22890.81,28,3204.72,3204.72,0.0,"Radhakrishnan, Rau and Keer",19HKHAE2803M6Z1,invoice,Motor Vehicle Expenses,motor_vehicle,Blocked,"Sec 17(5)(a) blocks ITC on motor vehicles for transport of persons (seating <=13) and related services, unless used for further supply, passenger transport, or driving training.",synthetic
TXN001117,2025-10-27,"soman, keer and soni - account maintenance charge","Soman, Keer and Soni - account maintenance charge",3740.91,18,336.68,336.68,0.0,"Soman, Keer and Soni",32TYLJD6253P7Z1,invoice,Bank Charges/Financial Services,bank_charges,Eligible,,synthetic
TXN000908,2025-10-10,"Pillay, Sha and Sura - electricity bill payment","Pillay, Sha and Sura - electricity bill payment",1041.59,18,0.0,0.0,187.49,"Pillay, Sha and Sura",32GTOVO6765K4ZE,receipt,Utilities (Business Electricity/Internet),utilities,Eligible,,synthetic
TXN001085,2026-02-08,Panchal-Prashad - POS machine rental,Panchal-Prashad - POS machine rental,4002.47,18,360.22,360.22,0.0,Panchal-Prashad,24OZZVL3942U6ZY,invoice,Bank Charges/Financial Services,bank_charges,Eligible,,synthetic
TXN001408,2026-05-13,Office festival sweets order order - Basak Ltd,Office festival sweets order order - Basak Ltd,2475.4,5,61.88,61.88,0.0,Basak Ltd,,bank_statement_line,Food & Beverages/Outdoor Catering,food_catering,Blocked,"Sec 17(5)(b)(i) explicitly blocks ITC on food and beverages and outdoor catering, unless used to make an outward taxable supply of the same category or as part of a composite/mixed supply.",synthetic
TXN002511,2024-07-30,payment received from savant and sons for finished goods,Payment received from Savant and Sons for finished goods,401621.55,18,36145.94,36145.94,0.0,Savant and Sons,,bank_statement_line,Sales/Outward Supply,sales_revenue,Not Applicable,,synthetic
TXN001445,2026-12-15,"Catering payment - De, Zacharia and Agarwal","Catering payment - De, Zacharia and Agarwal",2091.14,5,52.28,52.28,0.0,"De, Zacharia and Agarwal",24BRAJJ2943C6ZN,invoice,Food & Beverages/Outdoor Catering,food_catering,Blocked,"Sec 17(5)(b)(i) explicitly blocks ITC on food and beverages and outdoor catering, unless used to make an outward taxable supply of the same category or as part of a composite/mixed supply.",synthetic
TXN002050,2024-12-13,"D’ALIA, BOBAL AND KEER - EMPLOYEE GROUP HEALTH INSURANCE","D’Alia, Bobal and Keer - employee group health insurance",97101.97,18,0.0,0.0,17478.35,"D’Alia, Bobal and Keer",23HJQXG8204Q8ZH,receipt,Employee Insurance/Reimbursements,employee_insurance,Blocked,Sec 17(5)(b) blocks ITC on health/life insurance for employees unless it is obligatory for the employer under any law for the time being in force.,synthetic
TXN000306,2024-06-12,"DUBEY,  BORDE AND SINGH - CAPITAL ASSET PURCHASE - GENERATOR SET","Dubey, Borde and Singh - Capital Asset Purchase - generator set",396949.14,18,35725.43,35725.43,0.0,"Dubey, Borde and Singh",,bank_statement_line,Capital Goods,capital_goods,Eligible,,synthetic
TXN000714,2026-08-06,Lease rental to Chowdhury Inc for warehouse space,Lease rental to Chowdhury Inc for warehouse space,95216.46,18,0.0,0.0,17138.96,Chowdhury Inc,,bank_statement_line,Rent/Lease of Business Premises,rent,Eligible,,synthetic
TXN001595,2026-10-14,Catering payment - Kalla-Oommen,Catering payment - Kalla-Oommen,18440.43,5,0.0,0.0,922.02,Kalla-Oommen,,bank_statement_line,Food & Beverages/Outdoor Catering,food_catering,Blocked,"Sec 17(5)(b)(i) explicitly blocks ITC on food and beverages and outdoor catering, unless used to make an outward taxable supply of the same category or as part of a composite/mixed supply.",synthetic
TXN000722,2025-12-01,"LEASE RENTAL TO NAGI, KHALSA AND MITTAL FOR SHOP PREMISES","Lease rental to Nagi, Khalsa and Mittal for shop premises",65423.61,18,0.0,0.0,11776.25,"Nagi, Khalsa and Mittal",19JXJAR6388Z7Z0,invoice,Rent/Lease of Business Premises,rent,Eligible,,synthetic
TXN002244,2026-03-24,"Construction pymt - Bera, Bir and Tara for building repair works contract","Construction payment - Bera, Bir and Tara for building repair works contract",763133.08,18,68681.98,68681.98,0.0,"Bera, Bir and Tara",07WUETO8556P4Z4,receipt,Works Contract/Construction of Immovable Property,works_contract,Blocked,"Sec 17(5)(c)/(d) blocks ITC on works contract services and goods/services for construction of immovable property (other than plant & machinery), even when used for business.",synthetic
TXN001715,2024-01-30,Bhavsar Group - Membership Fee,Bhavsar Group - Membership Fee,33769.08,18,3039.22,3039.22,0.0,Bhavsar Group,,bank_statement_line,Club/Health/Fitness Memberships,club_membership,Blocked,"Sec 17(5)(b)(ii) blocks ITC on membership of a club, health, or fitness centre.",synthetic
TXN000097,2026-09-06,PURCH OF YARN FROM PINGLE LLC,Purchase of yarn from Pingle LLC,16929.38,18,1523.64,1523.64,0.0,Pingle LLC,09DRKUX8701G9ZU,receipt,Purchase of Goods (Raw Material/Trading Stock),purchase_goods,Eligible,,synthetic
TXN000965,2026-02-22,"Bhakta, More and Gill - water supply bill payment","Bhakta, More and Gill - water supply bill payment",4458.62,18,401.27,401.27,0.0,"Bhakta, More and Gill",09LPFSG2513F6ZO,invoice,Utilities (Business Electricity/Internet),utilities,Eligible,,synthetic
TXN002789,2026-01-04,Jaggi-Amble - government license fee,Jaggi-Amble - government license fee,4989.01,exempt,0.0,0.0,0.0,Jaggi-Amble,,bank_statement_line,Exempt/Non-GST Expense,exempt_non_gst,Not Applicable,,synthetic
TXN002366,2024-03-06,Gole-Rege - flooring and fixtures work,Gole-Rege - flooring and fixtures work,655819.37,18,59023.75,59023.75,0.0,Gole-Rege,,bank_statement_line,Works Contract/Construction of Immovable Property,works_contract,Blocked,"Sec 17(5)(c)/(d) blocks ITC on works contract services and goods/services for construction of immovable property (other than plant & machinery), even when used for business.",synthetic
TXN000190,2025-02-02,"Baria, Balasubramanian and Kota - steel sheets supply","Baria, Balasubramanian and Kota - steel sheets supply",136937.4,18,0.0,0.0,24648.73,"Baria, Balasubramanian and Kota",29FFWKX3541B2Z4,receipt,Purchase of Goods (Raw Material/Trading Stock),purchase_goods,Eligible,,synthetic
TXN001584,2026-07-13,"Magar, Mane and Wali - staff lunch catering","Magar, Mane and Wali - staff lunch catering",11870.86,5,0.0,0.0,593.54,"Magar, Mane and Wali",07SZUFV9833S3ZQ,receipt,Food & Beverages/Outdoor Catering,food_catering,Blocked,"Sec 17(5)(b)(i) explicitly blocks ITC on food and beverages and outdoor catering, unless used to make an outward taxable supply of the same category or as part of a composite/mixed supply.",synthetic
TXN002435,2024-08-10,Payment received from Uppal Group for retail sale,Payment received from Uppal Group for retail sale,201356.88,18,18122.12,18122.12,0.0,Uppal Group,,bank_statement_line,Sales/Outward Supply,sales_revenue,Not Applicable,,synthetic
TXN000643,2025-06-16,"MISRA, KAR AND MISHRA - SHOP RENT PAYMENT","Misra, Kar and Mishra - Shop Rent Payment",32149.92,18,0.0,0.0,5786.99,"Misra, Kar and Mishra",33JRDGM2364W8ZP,invoice,Rent/Lease of Business Premises,rent,Eligible,,synthetic
TXN000002,2026-07-29,purch of packaging material from Kapoor and Sons,Purchase of packaging material from Kapoor and Sons,63218.21,18,5689.64,5689.64,0.0,Kapoor and Sons,27TEKHF7133L5ZC,receipt,Purchase of Goods (Raw Material/Trading Stock),purchase_goods,Eligible,,synthetic
TXN002286,2026-12-22,"Construction payment - Chandran, Nayar and Mahajan for flooring and fixtures work","Construction payment - Chandran, Nayar and Mahajan for flooring and fixtures work",130863.97,18,0.0,0.0,23555.51,"Chandran, Nayar and Mahajan",,bank_statement_line,Works Contract/Construction of Immovable Property,works_contract,Blocked,"Sec 17(5)(c)/(d) blocks ITC on works contract services and goods/services for construction of immovable property (other than plant & machinery), even when used for business.",synthetic
TXN001630,2024-07-09,"gym membership - dubey, sengupta and merchant","gym membership - Dubey, Sengupta and Merchant",12137.08,18,1092.34,1092.34,0.0,"Dubey, Sengupta and Merchant",,bank_statement_line,Club/Health/Fitness Memberships,club_membership,Blocked,"Sec 17(5)(b)(ii) blocks ITC on membership of a club, health, or fitness centre.",synthetic
TXN002345,2024-11-10,"Mody,  Murthy and Butala - shop renovation works","Mody, Murthy and Butala - shop renovation works",969380.29,18,87244.23,87244.23,0.0,"Mody, Murthy and Butala",,bank_statement_line,Works Contract/Construction of Immovable Property,works_contract,Blocked,"Sec 17(5)(c)/(d) blocks ITC on works contract services and goods/services for construction of immovable property (other than plant & machinery), even when used for business.",synthetic
TXN001579,2026-11-03,Sabharwal PLC - staff lunch catering,Sabharwal PLC - staff lunch catering,19684.18,5,0.0,0.0,984.21,Sabharwal PLC,23JQQSV1476N4Z1,invoice,Food & Beverages/Outdoor Catering,food_catering,Blocked,"Sec 17(5)(b)(i) explicitly blocks ITC on food and beverages and outdoor catering, unless used to make an outward taxable supply of the same category or as part of a composite/mixed supply.",synthetic
TXN001050,2024-06-02,cheque bounce fee fee - Kota Ltd,cheque bounce fee fee - Kota Ltd,147.93,18,0.0,0.0,26.63,Kota Ltd,23KQKQJ5085D5ZP,receipt,Bank Charges/Financial Services,bank_charges,Eligible,,synthetic
TXN002637,2025-06-17,Hayre Ltd - employee PF contribution,Hayre Ltd - employee PF contribution,59777.36,exempt,0.0,0.0,0.0,Hayre Ltd,23ZPZZX3913O2ZW,invoice,Exempt/Non-GST Expense,exempt_non_gst,Not Applicable,,synthetic
TXN000838,2025-09-01,broadband internet charges - Pant and Sons,broadband internet charges - Pant and Sons,3310.91,18,0.0,0.0,595.96,Pant and Sons,36QKGRD4675U5Z0,invoice,Utilities (Business Electricity/Internet),utilities,Eligible,,synthetic
TXN000664,2024-02-22,Grewal-Mann - Shop Rent paymnt,Grewal-Mann - Shop Rent Payment,57687.02,18,0.0,0.0,10383.66,Grewal-Mann,24YRFEZ2970O2ZY,receipt,Rent/Lease of Business Premises,rent,Eligible,,synthetic
TXN001135,2025-10-17,account maintenance charge fee - Majumdar Group,account maintenance charge fee - Majumdar Group,1683.47,18,151.51,151.51,0.0,Majumdar Group,29AADTX4715Z7ZH,invoice,Bank Charges/Financial Services,bank_charges,Eligible,,synthetic
TXN000091,2026-10-15,PMT TO RANDHAWA-DEEP FOR PACKAGING MATERIAL,Payment to Randhawa-Deep for packaging material,21561.21,18,1940.51,1940.51,0.0,Randhawa-Deep,32KZXVY7119O8ZT,receipt,Purchase of Goods (Raw Material/Trading Stock),purchase_goods,Eligible,,synthetic
TXN002356,2024-12-12,Bawa Group - warehouse construction contract,Bawa Group - warehouse construction contract,870194.2,18,78317.48,78317.48,0.0,Bawa Group,23RJFQU3831K7ZJ,receipt,Works Contract/Construction of Immovable Property,works_contract,Blocked,"Sec 17(5)(c)/(d) blocks ITC on works contract services and goods/services for construction of immovable property (other than plant & machinery), even when used for business.",synthetic
TXN000047,2026-08-26,Khatri-Bhardwaj - printed labels supply,Khatri-Bhardwaj - printed labels supply,129856.46,18,11687.08,11687.08,0.0,Khatri-Bhardwaj,24ITJYW9238N1ZU,receipt,Purchase of Goods (Raw Material/Trading Stock),purchase_goods,Eligible,,synthetic
TXN000766,2024-03-22,lease rental to wali plc for office unit,Lease rental to Wali PLC for office unit,46393.11,18,4175.38,4175.38,0.0,Wali PLC,,bank_statement_line,Rent/Lease of Business Premises,rent,Eligible,,synthetic
TXN000455,2024-05-23,website maintenance charges - Barad-Bhandari,website maintenance charges - Barad-Bhandari,52707.63,18,0.0,0.0,9487.37,Barad-Bhandari,29QUIDT9339P1ZG,invoice,Input Services (Professional/Consulting/IT),input_services,Eligible,,synthetic
TXN002111,2026-02-28,SAWHNEY-BAIL - EMPLOYEE GROUP HEALTH INSURANCE,Sawhney-Bail - employee group health insurance,99342.11,18,0.0,0.0,17881.58,Sawhney-Bail,,bank_statement_line,Employee Insurance/Reimbursements,employee_insurance,Blocked,Sec 17(5)(b) blocks ITC on health/life insurance for employees unless it is obligatory for the employer under any law for the time being in force.,synthetic
TXN001097,2026-07-07,"loan processing fee fee - zachariah, lanka and manda","loan processing fee fee - Zachariah, Lanka and Manda",298.79,18,26.89,26.89,0.0,"Zachariah, Lanka and Manda",,bank_statement_line,Bank Charges/Financial Services,bank_charges,Eligible,,synthetic
TXN001868,2026-03-29,"EMPLOYEE EMPLOYEE LEAVE TRAVEL AIRFARE BOOKING - SIDHU, CHATTERJEE AND SHAH","Employee employee leave travel airfare booking - Sidhu, Chatterjee and Shah",73668.5,5,0.0,0.0,3683.43,"Sidhu, Chatterjee and Shah",,bank_statement_line,Employee Travel Benefits,employee_travel,Blocked,"Sec 17(5)(b)(iii) blocks ITC on travel benefits extended to employees (e.g. leave/home travel concession), unless obligatory under law.",synthetic
TXN002058,2026-03-13,staff life insurance premium premium payment - Kalita PLC,staff life insurance premium premium payment - Kalita PLC,54081.11,18,4867.3,4867.3,0.0,Kalita PLC,29UESYC7997E9ZA,invoice,Employee Insurance/Reimbursements,employee_insurance,Blocked,Sec 17(5)(b) blocks ITC on health/life insurance for employees unless it is obligatory for the employer under any law for the time being in force.,synthetic
TXN001387,2025-05-11,"Sarin,  Malhotra and Parsa - car repair","Sarin, Malhotra and Parsa - car repair",9075.55,28,0.0,0.0,2541.15,"Sarin, Malhotra and Parsa",07VNOYI3966B3ZX,receipt,Motor Vehicle Expenses,motor_vehicle,Blocked,"Sec 17(5)(a) blocks ITC on motor vehicles for transport of persons (seating <=13) and related services, unless used for further supply, passenger transport, or driving training.",synthetic
TXN000545,2025-07-03,"Bhandari, Borde and Ravi - IT support svcs invoice","Bhandari, Borde and Ravi - IT support services invoice",41188.47,18,3706.96,3706.96,0.0,"Bhandari, Borde and Ravi",07CXOGN2864M2ZO,invoice,Input Services (Professional/Consulting/IT),input_services,Eligible,,synthetic
TXN000978,2024-07-05,broadband internet chgs - Upadhyay Inc,broadband internet charges - Upadhyay Inc,12725.88,18,1145.33,1145.33,0.0,Upadhyay Inc,27XDJNC4405A8ZH,invoice,Utilities (Business Electricity/Internet),utilities,Eligible,,synthetic
TXN002246,2024-08-27,"Narain, Dua and Mitter - shop renovation works","Narain, Dua and Mitter - shop renovation works",172045.02,18,0.0,0.0,30968.1,"Narain, Dua and Mitter",24OQFLW4907N8ZU,invoice,Works Contract/Construction of Immovable Property,works_contract,Blocked,"Sec 17(5)(c)/(d) blocks ITC on works contract services and goods/services for construction of immovable property (other than plant & machinery), even when used for business.",synthetic
TXN002285,2024-07-07,Kara-Chanda - flooring and fixtures work,Kara-Chanda - flooring and fixtures work,12641.95,18,1137.78,1137.78,0.0,Kara-Chanda,07EJDNB8813I8ZF,receipt,Works Contract/Construction of Immovable Property,works_contract,Blocked,"Sec 17(5)(c)/(d) blocks ITC on works contract services and goods/services for construction of immovable property (other than plant & machinery), even when used for business.",synthetic
TXN000631,2026-02-05,"Srinivasan, Garde and Viswanathan - Shop Rent Payment","Srinivasan, Garde and Viswanathan - Shop Rent Payment",57602.5,18,0.0,0.0,10368.45,"Srinivasan, Garde and Viswanathan",,bank_statement_line,Rent/Lease of Business Premises,rent,Eligible,,synthetic
TXN000875,2025-12-04,"telephone/mobile plan chgs - Yogi, Ghose and Ganesan","telephone/mobile plan charges - Yogi, Ghose and Ganesan",14217.94,18,1279.62,1279.62,0.0,"Yogi, Ghose and Ganesan",,bank_statement_line,Utilities (Business Electricity/Internet),utilities,Eligible,,synthetic
TXN000079,2024-03-30,Mangal-Sampath - raw cotton supply,Mangal-Sampath - raw cotton supply,44045.16,18,3964.07,3964.07,0.0,Mangal-Sampath,07OERNJ9575A7Z4,receipt,Purchase of Goods (Raw Material/Trading Stock),purchase_goods,Eligible,,synthetic
TXN001678,2025-07-11,natt llc - membership fee,Natt LLC - Membership Fee,29532.16,18,2657.89,2657.89,0.0,Natt LLC,27OBKSG8702Q5Z9,receipt,Club/Health/Fitness Memberships,club_membership,Blocked,"Sec 17(5)(b)(ii) blocks ITC on membership of a club, health, or fitness centre.",synthetic
TXN001713,2026-01-13,club membership renewal - Iyer-Madan,club membership renewal - Iyer-Madan,35160.82,18,3164.47,3164.47,0.0,Iyer-Madan,,bank_statement_line,Club/Health/Fitness Memberships,club_membership,Blocked,"Sec 17(5)(b)(ii) blocks ITC on membership of a club, health, or fitness centre.",synthetic
TXN001448,2025-06-14,Office office tea/coffee supplies order - Karnik-Subramaniam,Office office tea/coffee supplies order - Karnik-Subramaniam,18860.79,5,471.52,471.52,0.0,Karnik-Subramaniam,19NYCXT7990I7ZM,invoice,Food & Beverages/Outdoor Catering,food_catering,Blocked,"Sec 17(5)(b)(i) explicitly blocks ITC on food and beverages and outdoor catering, unless used to make an outward taxable supply of the same category or as part of a composite/mixed supply.",synthetic
TXN000471,2026-08-07,"Dhaliwal, Palla and Mukherjee - software subscription services invoice","Dhaliwal, Palla and Mukherjee - software subscription services invoice",41815.9,18,0.0,0.0,7526.86,"Dhaliwal, Palla and Mukherjee",,bank_statement_line,Input Services (Professional/Consulting/IT),input_services,Eligible,,synthetic
TXN001030,2024-08-04,Das-Basak - account maintenance charge,Das-Basak - account maintenance charge,307.99,18,27.72,27.72,0.0,Das-Basak,09XGWMU1966K5Z0,receipt,Bank Charges/Financial Services,bank_charges,Eligible,,synthetic
TXN000703,2025-06-12,rege-gole - shop rent payment,Rege-Gole - Shop Rent Payment,90829.5,18,8174.65,8174.65,0.0,Rege-Gole,27XRXIE3294E3ZP,receipt,Rent/Lease of Business Premises,rent,Eligible,,synthetic
TXN000790,2025-04-08,Monthly rent - Dey-Brar,Monthly rent - Dey-Brar,42234.71,18,3801.12,3801.12,0.0,Dey-Brar,32OXVIR5685V5ZP,receipt,Rent/Lease of Business Premises,rent,Eligible,,synthetic
TXN000525,2026-06-11,"Professional fees to Shetty, Srinivas and Gopal for chartered accountant","Professional fees to Shetty, Srinivas and Gopal for chartered accountant",8359.98,18,752.4,752.4,0.0,"Shetty, Srinivas and Gopal",09KJONT1141T3Z8,receipt,Input Services (Professional/Consulting/IT),input_services,Eligible,,synthetic
TXN001086,2024-01-10,Srinivas PLC - Bank Charges,Srinivas PLC - Bank Charges,551.25,18,49.61,49.61,0.0,Srinivas PLC,32BDNGM4854Y7Z0,receipt,Bank Charges/Financial Services,bank_charges,Eligible,,synthetic
TXN001582,2024-12-07,catering payment - lall inc,Catering payment - Lall Inc,4606.74,5,115.17,115.17,0.0,Lall Inc,27PNIMC3756W1ZY,receipt,Food & Beverages/Outdoor Catering,food_catering,Blocked,"Sec 17(5)(b)(i) explicitly blocks ITC on food and beverages and outdoor catering, unless used to make an outward taxable supply of the same category or as part of a composite/mixed supply.",synthetic
TXN001903,2025-08-31,"staff outing travel booking - ramesh, nadkarni and raja","staff outing travel booking - Ramesh, Nadkarni and Raja",6579.96,5,0.0,0.0,329.0,"Ramesh, Nadkarni and Raja",,bank_statement_line,Employee Travel Benefits,employee_travel,Blocked,"Sec 17(5)(b)(iii) blocks ITC on travel benefits extended to employees (e.g. leave/home travel concession), unless obligatory under law.",synthetic
TXN002416,2025-03-05,pymt received from joshi and sons for retail sale,Payment received from Joshi and Sons for retail sale,496823.15,18,0.0,0.0,89428.17,Joshi and Sons,23PPXMI3874H1ZY,receipt,Sales/Outward Supply,sales_revenue,Not Applicable,,synthetic
TXN002239,2025-07-31,"RAVEL, SUNDARAM AND VAIDYA - SHOP RENOVATION WORKS","Ravel, Sundaram and Vaidya - shop renovation works",32273.59,18,0.0,0.0,5809.25,"Ravel, Sundaram and Vaidya",24GMNFT5414J9ZJ,receipt,Works Contract/Construction of Immovable Property,works_contract,Blocked,"Sec 17(5)(c)/(d) blocks ITC on works contract services and goods/services for construction of immovable property (other than plant & machinery), even when used for business.",synthetic
TXN000649,2024-09-28,Monthly rent - Brar-Pal,Monthly rent - Brar-Pal,33527.84,18,0.0,0.0,6035.01,Brar-Pal,,bank_statement_line,Rent/Lease of Business Premises,rent,Eligible,,synthetic
TXN000918,2026-10-24,WATER SUPPLY CHGS - SANGHA AND SONS,water supply charges - Sangha and Sons,1982.04,18,178.38,178.38,0.0,Sangha and Sons,32TVKOD5572R7Z8,receipt,Utilities (Business Electricity/Internet),utilities,Eligible,,synthetic
TXN000542,2024-09-23,"AUDITING SERVICES CHRGS - SANDHU, GANESAN AND SAWHNEY","auditing services charges - Sandhu, Ganesan and Sawhney",13536.05,18,1218.24,1218.24,0.0,"Sandhu, Ganesan and Sawhney",09ECFPN8734E9ZG,receipt,Input Services (Professional/Consulting/IT),input_services,Eligible,,synthetic
TXN002555,2025-11-05,"Sale invoice to Mann, Baria and Virk","Sale invoice to Mann, Baria and Virk",124154.04,18,11173.86,11173.86,0.0,"Mann, Baria and Virk",,bank_statement_line,Sales/Outward Supply,sales_revenue,Not Applicable,,synthetic
TXN001544,2026-12-16,Catering payment - Sheth-Dhillon,Catering payment - Sheth-Dhillon,2143.63,5,53.59,53.59,0.0,Sheth-Dhillon,19UXRKG5457X6ZF,invoice,Food & Beverages/Outdoor Catering,food_catering,Blocked,"Sec 17(5)(b)(i) explicitly blocks ITC on food and beverages and outdoor catering, unless used to make an outward taxable supply of the same category or as part of a composite/mixed supply.",synthetic
TXN001047,2026-11-01,Balan LLC - Bank Charges,Balan LLC - Bank Charges,2208.93,18,198.81,198.81,0.0,Balan LLC,33VZFWP3792P7ZF,invoice,Bank Charges/Financial Services,bank_charges,Eligible,,synthetic
TXN002252,2026-08-22,Construction pmt - Rajagopal Group for shop renovation works,Construction payment - Rajagopal Group for shop renovation works,361338.24,18,32520.44,32520.44,0.0,Rajagopal Group,36GHCZO0116S6ZB,receipt,Works Contract/Construction of Immovable Property,works_contract,Blocked,"Sec 17(5)(c)/(d) blocks ITC on works contract services and goods/services for construction of immovable property (other than plant & machinery), even when used for business.",synthetic
TXN001839,2026-01-26,Employee staff outing travel booking booking - Sawhney PLC,Employee staff outing travel booking booking - Sawhney PLC,29352.1,5,0.0,0.0,1467.61,Sawhney PLC,32FSXLP1810N4ZN,invoice,Employee Travel Benefits,employee_travel,Blocked,"Sec 17(5)(b)(iii) blocks ITC on travel benefits extended to employees (e.g. leave/home travel concession), unless obligatory under law.",synthetic
TXN002113,2024-09-12,employee medical reimbursement premium payment - kata plc,employee medical reimbursement premium payment - Kata PLC,52950.94,18,4765.59,4765.59,0.0,Kata PLC,,bank_statement_line,Employee Insurance/Reimbursements,employee_insurance,Blocked,Sec 17(5)(b) blocks ITC on health/life insurance for employees unless it is obligatory for the employer under any law for the time being in force.,synthetic
TXN002493,2026-02-19,"Chawla, Bedi and Sarma - Sales Invoice","Chawla, Bedi and Sarma - Sales Invoice",471360.71,18,42422.46,42422.46,0.0,"Chawla, Bedi and Sarma",24DJSCR9238P3ZM,invoice,Sales/Outward Supply,sales_revenue,Not Applicable,,synthetic
TXN000810,2025-11-24,water supply charges - chad-kibe,water supply charges - Chad-Kibe,553.97,18,49.85,49.85,0.0,Chad-Kibe,,bank_statement_line,Utilities (Business Electricity/Internet),utilities,Eligible,,synthetic
TXN002372,2025-08-11,"construction payment - rao, kala and rajagopal for warehouse construction contract","Construction payment - Rao, Kala and Rajagopal for warehouse construction contract",436219.38,18,39259.75,39259.75,0.0,"Rao, Kala and Rajagopal",19KAVAP7938Q5ZY,invoice,Works Contract/Construction of Immovable Property,works_contract,Blocked,"Sec 17(5)(c)/(d) blocks ITC on works contract services and goods/services for construction of immovable property (other than plant & machinery), even when used for business.",synthetic
TXN002762,2026-02-22,Dewan-Dave  - municipal tax payment,Dewan-Dave - municipal tax payment,21028.36,exempt,0.0,0.0,0.0,Dewan-Dave,36VXUGW0478E8Z0,invoice,Exempt/Non-GST Expense,exempt_non_gst,Not Applicable,,synthetic
TXN002453,2026-12-23,PAYMENT RECEIVED FROM CHOUDHURY INC FOR EXPORT ORDER,Payment received from Choudhury Inc for export order,184300.27,18,16587.03,16587.03,0.0,Choudhury Inc,07BZRUX1047Q2ZA,receipt,Sales/Outward Supply,sales_revenue,Not Applicable,,synthetic
TXN000168,2026-01-17,PYMT TO RAJAGOPAL LTD FOR PRINTED LABELS,Payment to Rajagopal Ltd for printed labels,33211.94,18,2989.07,2989.07,0.0,Rajagopal Ltd,24XFDSX8305E2Z7,invoice,Purchase of Goods (Raw Material/Trading Stock),purchase_goods,Eligible,,synthetic
TXN000467,2026-03-14,auditing srvcs charges - Ben-Natt,auditing services charges - Ben-Natt,4469.94,18,0.0,0.0,804.59,Ben-Natt,07WYFTY7872V3ZB,invoice,Input Services (Professional/Consulting/IT),input_services,Eligible,,synthetic
TXN002101,2026-08-30,"Das, Singhal and Wali - staff life insurance premium","Das, Singhal and Wali - staff life insurance premium",26911.39,18,2422.03,2422.03,0.0,"Das, Singhal and Wali",09QIIJM7576L2ZM,invoice,Employee Insurance/Reimbursements,employee_insurance,Blocked,Sec 17(5)(b) blocks ITC on health/life insurance for employees unless it is obligatory for the employer under any law for the time being in force.,synthetic
TXN002552,2026-09-05,Payment received from Bali-Dugar for retail sale,Payment received from Bali-Dugar for retail sale,260622.76,18,23456.05,23456.05,0.0,Bali-Dugar,,bank_statement_line,Sales/Outward Supply,sales_revenue,Not Applicable,,synthetic
TXN001233,2024-10-19,"Iyengar, Lall and Virk - vehicle registration fee","Iyengar, Lall and Virk - vehicle registration fee",1203.2,28,168.45,168.45,0.0,"Iyengar, Lall and Virk",,bank_statement_line,Motor Vehicle Expenses,motor_vehicle,Blocked,"Sec 17(5)(a) blocks ITC on motor vehicles for transport of persons (seating <=13) and related services, unless used for further supply, passenger transport, or driving training.",synthetic
TXN000288,2025-08-05,Subramanian-Sodhi - Capital Asset purch - commercial printer,Subramanian-Sodhi - Capital Asset Purchase - commercial printer,454887.95,18,0.0,0.0,81879.83,Subramanian-Sodhi,33DQAWR8290N3ZK,invoice,Capital Goods,capital_goods,Eligible,,synthetic
TXN000233,2026-09-17,office desktop computers installation invoice from Bhagat PLC,office desktop computers installation invoice from Bhagat PLC,454898.89,18,40940.9,40940.9,0.0,Bhagat PLC,,bank_statement_line,Capital Goods,capital_goods,Eligible,,synthetic
TXN000099,2025-10-11,"purchse of plastic granules from Mittal, Wadhwa and Anand","Purchase of plastic granules from Mittal, Wadhwa and Anand",43706.12,18,3933.55,3933.55,0.0,"Mittal, Wadhwa and Anand",,bank_statement_line,Purchase of Goods (Raw Material/Trading Stock),purchase_goods,Eligible,,synthetic
TXN001188,2025-05-26,"MOHANTY, SALVI AND NARULA - BANK CHARGES","Mohanty, Salvi and Narula - Bank Charges",1367.99,18,123.12,123.12,0.0,"Mohanty, Salvi and Narula",,bank_statement_line,Bank Charges/Financial Services,bank_charges,Eligible,,synthetic
TXN001764,2024-08-23,RAO-MODI - MEMBERSHIP FEE,Rao-Modi - Membership Fee,30589.53,18,2753.06,2753.06,0.0,Rao-Modi,36AOOHL4126V8ZZ,invoice,Club/Health/Fitness Memberships,club_membership,Blocked,"Sec 17(5)(b)(ii) blocks ITC on membership of a club, health, or fitness centre.",synthetic
TXN002621,2025-04-27,Babu-Deol - employee PF contribution,Babu-Deol - employee PF contribution,55816.52,exempt,0.0,0.0,0.0,Babu-Deol,,bank_statement_line,Exempt/Non-GST Expense,exempt_non_gst,Not Applicable,,synthetic
TXN000334,2026-07-14,"commercial printer installation invoice from Krishna, Devan and Chatterjee","commercial printer installation invoice from Krishna, Devan and Chatterjee",607475.33,18,0.0,0.0,109345.56,"Krishna, Devan and Chatterjee",24XNKBJ4584R9ZS,receipt,Capital Goods,capital_goods,Eligible,,synthetic
TXN001361,2026-12-14,Vehicle vehicle registration fee - Thakkar-Cherian,Vehicle vehicle registration fee - Thakkar-Cherian,1136.74,28,0.0,0.0,318.29,Thakkar-Cherian,27PNPGO5783R1ZL,invoice,Motor Vehicle Expenses,motor_vehicle,Blocked,"Sec 17(5)(a) blocks ITC on motor vehicles for transport of persons (seating <=13) and related services, unless used for further supply, passenger transport, or driving training.",synthetic
TXN000814,2024-06-16,BHATNAGAR AND SONS - TELEPHONE/MOBILE PLAN BILL PAYMENT,Bhatnagar and Sons - telephone/mobile plan bill payment,6592.48,18,593.33,593.33,0.0,Bhatnagar and Sons,27DCYAX0841F9ZP,receipt,Utilities (Business Electricity/Internet),utilities,Eligible,,synthetic
TXN001148,2026-01-30,Mukhopadhyay Ltd - Bank Charges,Mukhopadhyay Ltd - Bank Charges,63.81,18,0.0,0.0,11.49,Mukhopadhyay Ltd,09WABAS1985F3ZE,receipt,Bank Charges/Financial Services,bank_charges,Eligible,,synthetic
TXN000512,2025-02-17,Professional fees to Tata PLC for IT support,Professional fees to Tata PLC for IT support,4225.63,18,380.31,380.31,0.0,Tata PLC,07HCJUI2112A5ZM,receipt,Input Services (Professional/Consulting/IT),input_services,Eligible,,synthetic
TXN000760,2026-06-16,"LEASE RENTAL TO BANDI, BORDE AND BAVA FOR SHOP PREMISES","Lease rental to Bandi, Borde and Bava for shop premises",76112.79,18,0.0,0.0,13700.3,"Bandi, Borde and Bava",,bank_statement_line,Rent/Lease of Business Premises,rent,Eligible,,synthetic
TXN001263,2024-10-28,"Virk, Chandran and Sant - vehicle insurance premium","Virk, Chandran and Sant - vehicle insurance premium",47712.05,28,0.0,0.0,13359.37,"Virk, Chandran and Sant",09FDIFM6839L8ZK,invoice,Motor Vehicle Expenses,motor_vehicle,Blocked,"Sec 17(5)(a) blocks ITC on motor vehicles for transport of persons (seating <=13) and related services, unless used for further supply, passenger transport, or driving training.",synthetic
TXN000270,2026-03-28,generator set installation invoice from Rege-Nath,generator set installation invoice from Rege-Nath,123107.46,18,11079.67,11079.67,0.0,Rege-Nath,,bank_statement_line,Capital Goods,capital_goods,Eligible,,synthetic
TXN002143,2025-04-27,Chacko PLC - employee group health insurance,Chacko PLC - employee group health insurance,78490.38,18,0.0,0.0,14128.27,Chacko PLC,,bank_statement_line,Employee Insurance/Reimbursements,employee_insurance,Blocked,Sec 17(5)(b) blocks ITC on health/life insurance for employees unless it is obligatory for the employer under any law for the time being in force.,synthetic
TXN002684,2025-05-18,government license fee payment,government license fee payment,13299.32,exempt,0.0,0.0,0.0,Singh LLC,19GHQLR8715Y7ZP,invoice,Exempt/Non-GST Expense,exempt_non_gst,Not Applicable,,synthetic
TXN001717,2026-07-09,Master Ltd - Membership Fee,Master Ltd - Membership Fee,6218.03,18,559.62,559.62,0.0,Master Ltd,,bank_statement_line,Club/Health/Fitness Memberships,club_membership,Blocked,"Sec 17(5)(b)(ii) blocks ITC on membership of a club, health, or fitness centre.",synthetic
TXN002072,2025-03-07,SARAF-KAPADIA - STAFF LIFE INSURANCE PREMIUM,Saraf-Kapadia - staff life insurance premium,50175.36,18,4515.78,4515.78,0.0,Saraf-Kapadia,07ONHBX9984M6ZQ,invoice,Employee Insurance/Reimbursements,employee_insurance,Blocked,Sec 17(5)(b) blocks ITC on health/life insurance for employees unless it is obligatory for the employer under any law for the time being in force.,synthetic
TXN001143,2025-01-01,loan processing fee fee - nagi-luthra,loan processing fee fee - Nagi-Luthra,2143.53,18,192.92,192.92,0.0,Nagi-Luthra,33QOCGO5239N1ZN,receipt,Bank Charges/Financial Services,bank_charges,Eligible,,synthetic
TXN001062,2026-05-14,"account  maintenance charge fee - Goel, Naik and Bhargava","account maintenance charge fee - Goel, Naik and Bhargava",609.34,18,0.0,0.0,109.68,"Goel, Naik and Bhargava",24XDGXH9150P5ZV,receipt,Bank Charges/Financial Services,bank_charges,Eligible,,synthetic
TXN002166,2024-02-22,"employee group health insurance premium pymt - Sodhi, Dash and Mani","employee group health insurance premium payment - Sodhi, Dash and Mani",66145.68,18,0.0,0.0,11906.22,"Sodhi, Dash and Mani",,bank_statement_line,Employee Insurance/Reimbursements,employee_insurance,Blocked,Sec 17(5)(b) blocks ITC on health/life insurance for employees unless it is obligatory for the employer under any law for the time being in force.,synthetic
TXN001632,2026-06-28,Toor Group - Membership Fee,Toor Group - Membership Fee,27006.32,18,2430.57,2430.57,0.0,Toor Group,36NHPAB9751X1ZW,receipt,Club/Health/Fitness Memberships,club_membership,Blocked,"Sec 17(5)(b)(ii) blocks ITC on membership of a club, health, or fitness centre.",synthetic
TXN002611,2024-10-21,"KRISHNA, RAI AND PANCHAL - MUNICIPAL TAX PAYMENT","Krishna, Rai and Panchal - municipal tax payment",35242.04,exempt,0.0,0.0,0.0,"Krishna, Rai and Panchal",29CTUUR0547J1Z0,receipt,Exempt/Non-GST Expense,exempt_non_gst,Not Applicable,,synthetic
TXN001551,2024-02-06,Catering payment - Sachdev-Ganesh,Catering payment - Sachdev-Ganesh,6335.16,5,158.38,158.38,0.0,Sachdev-Ganesh,27FUHNU0002F5ZO,invoice,Food & Beverages/Outdoor Catering,food_catering,Blocked,"Sec 17(5)(b)(i) explicitly blocks ITC on food and beverages and outdoor catering, unless used to make an outward taxable supply of the same category or as part of a composite/mixed supply.",synthetic
TXN001944,2025-07-20,staff outing travel booking - Rajagopal-Khanna,staff outing travel booking - Rajagopal-Khanna,12001.69,5,300.04,300.04,0.0,Rajagopal-Khanna,,bank_statement_line,Employee Travel Benefits,employee_travel,Blocked,"Sec 17(5)(b)(iii) blocks ITC on travel benefits extended to employees (e.g. leave/home travel concession), unless obligatory under law.",synthetic
TXN002505,2025-08-19,pmt received from Chada LLC for bulk order,Payment received from Chada LLC for bulk order,81146.65,18,7303.2,7303.2,0.0,Chada LLC,07NUFYI7260E8ZB,invoice,Sales/Outward Supply,sales_revenue,Not Applicable,,synthetic
TXN000207,2026-05-07,GENERATOR SET INSTALLATION INVOICE FROM SARIN-LOYAL,generator set installation invoice from Sarin-Loyal,433684.19,18,39031.57,39031.57,0.0,Sarin-Loyal,32MNXEP7136K9ZY,receipt,Capital Goods,capital_goods,Eligible,,synthetic
TXN002178,2026-06-13,employee medical reimbursement premium paymnt - Manne-Wagle,employee medical reimbursement premium payment - Manne-Wagle,61485.22,18,0.0,0.0,11067.34,Manne-Wagle,23GKIEX8608J2ZT,invoice,Employee Insurance/Reimbursements,employee_insurance,Blocked,Sec 17(5)(b) blocks ITC on health/life insurance for employees unless it is obligatory for the employer under any law for the time being in force.,synthetic
TXN001069,2026-01-13,Nadig-Ghosh - cheque bounce fee,Nadig-Ghosh - cheque bounce fee,945.68,18,85.11,85.11,0.0,Nadig-Ghosh,24DWCDN4640B9ZD,invoice,Bank Charges/Financial Services,bank_charges,Eligible,,synthetic
TXN001515,2025-06-08,Dara-Vasa - client meeting refreshments,Dara-Vasa - client meeting refreshments,1161.49,5,0.0,0.0,58.07,Dara-Vasa,19NVINU3196Y9ZA,receipt,Food & Beverages/Outdoor Catering,food_catering,Blocked,"Sec 17(5)(b)(i) explicitly blocks ITC on food and beverages and outdoor catering, unless used to make an outward taxable supply of the same category or as part of a composite/mixed supply.",synthetic
TXN000121,2026-09-01,paymnt to Barad-Singhal for steel sheets,Payment to Barad-Singhal for steel sheets,59836.02,18,5385.24,5385.24,0.0,Barad-Singhal,23OZFRW6870M7Z9,receipt,Purchase of Goods (Raw Material/Trading Stock),purchase_goods,Eligible,,synthetic
TXN001139,2024-09-13,Bahri-Nazareth - Bank chgs,Bahri-Nazareth - Bank Charges,723.73,18,65.14,65.14,0.0,Bahri-Nazareth,07DYWSY2594W3ZW,receipt,Bank Charges/Financial Services,bank_charges,Eligible,,synthetic
TXN001318,2024-07-04,Saha-Munshi - car servicing,Saha-Munshi - car servicing,22036.63,28,3085.13,3085.13,0.0,Saha-Munshi,,bank_statement_line,Motor Vehicle Expenses,motor_vehicle,Blocked,"Sec 17(5)(a) blocks ITC on motor vehicles for transport of persons (seating <=13) and related services, unless used for further supply, passenger transport, or driving training.",synthetic
TXN002280,2025-02-22,"Construction paymnt - Nori, Ganesan and Mistry for building repair works contract","Construction payment - Nori, Ganesan and Mistry for building repair works contract",275549.62,18,24799.47,24799.47,0.0,"Nori, Ganesan and Mistry",,bank_statement_line,Works Contract/Construction of Immovable Property,works_contract,Blocked,"Sec 17(5)(c)/(d) blocks ITC on works contract services and goods/services for construction of immovable property (other than plant & machinery), even when used for business.",synthetic
TXN001356,2024-03-03,Vehicle car servicing - Reddy-Rama,Vehicle car servicing - Reddy-Rama,21356.0,28,0.0,0.0,5979.68,Reddy-Rama,23UPCYA7038E7ZA,receipt,Motor Vehicle Expenses,motor_vehicle,Blocked,"Sec 17(5)(a) blocks ITC on motor vehicles for transport of persons (seating <=13) and related services, unless used for further supply, passenger transport, or driving training.",synthetic
TXN000563,2025-04-19,Professional fees to Bhattacharyya-Mannan for website maintenance,Professional fees to Bhattacharyya-Mannan for website maintenance,46748.48,18,4207.36,4207.36,0.0,Bhattacharyya-Mannan,24PPPVB0726P8ZU,invoice,Input Services (Professional/Consulting/IT),input_services,Eligible,,synthetic
TXN002296,2026-02-11,"walia, saraf and bhasin - warehouse construction contract","Walia, Saraf and Bhasin - warehouse construction contract",171796.21,18,15461.66,15461.66,0.0,"Walia, Saraf and Bhasin",,bank_statement_line,Works Contract/Construction of Immovable Property,works_contract,Blocked,"Sec 17(5)(c)/(d) blocks ITC on works contract services and goods/services for construction of immovable property (other than plant & machinery), even when used for business.",synthetic
TXN001152,2026-01-31,Shan  Inc - Bank Charges,Shan Inc - Bank Charges,4404.53,18,396.41,396.41,0.0,Shan Inc,32KXPPY1241P8ZT,receipt,Bank Charges/Financial Services,bank_charges,Eligible,,synthetic
TXN002582,2025-12-27,Gole-Sachdeva - Sales Invoice,Gole-Sachdeva - Sales Invoice,357812.18,18,0.0,0.0,64406.19,Gole-Sachdeva,07MFMTD3555W5Z7,invoice,Sales/Outward Supply,sales_revenue,Not Applicable,,synthetic
TXN000570,2026-06-15,Professional fees to Rao-Srinivas for IT support,Professional fees to Rao-Srinivas for IT support,55943.55,18,5034.92,5034.92,0.0,Rao-Srinivas,36PJRAM3317R3ZH,invoice,Input Services (Professional/Consulting/IT),input_services,Eligible,,synthetic
TXN001654,2026-06-26,"gym membership - Kothari, Gola and Sagar","gym membership - Kothari, Gola and Sagar",35039.79,18,3153.58,3153.58,0.0,"Kothari, Gola and Sagar",,bank_statement_line,Club/Health/Fitness Memberships,club_membership,Blocked,"Sec 17(5)(b)(ii) blocks ITC on membership of a club, health, or fitness centre.",synthetic
TXN000843,2026-10-22,Raman-Sheth - broadband internet bill payment,Raman-Sheth - broadband internet bill payment,6372.42,18,573.52,573.52,0.0,Raman-Sheth,27WWSYX6573M2Z3,invoice,Utilities (Business Electricity/Internet),utilities,Eligible,,synthetic
TXN002196,2024-08-24,Dave Ltd - employee group health insurance,Dave Ltd - employee group health insurance,6040.83,18,543.67,543.67,0.0,Dave Ltd,,bank_statement_line,Employee Insurance/Reimbursements,employee_insurance,Blocked,Sec 17(5)(b) blocks ITC on health/life insurance for employees unless it is obligatory for the employer under any law for the time being in force.,synthetic
TXN000151,2024-05-25,Soman PLC - raw cotton supply,Soman PLC - raw cotton supply,58189.89,18,5237.09,5237.09,0.0,Soman PLC,,bank_statement_line,Purchase of Goods (Raw Material/Trading Stock),purchase_goods,Eligible,,synthetic
TXN002185,2026-05-17,staff life insurance premium premium payment - Sundaram-Sabharwal,staff life insurance premium premium payment - Sundaram-Sabharwal,56794.08,18,5111.47,5111.47,0.0,Sundaram-Sabharwal,07CIZYS5145A3ZP,invoice,Employee Insurance/Reimbursements,employee_insurance,Blocked,Sec 17(5)(b) blocks ITC on health/life insurance for employees unless it is obligatory for the employer under any law for the time being in force.,synthetic
TXN001010,2026-05-30,POS  machine rental fee - Chopra and Sons,POS machine rental fee - Chopra and Sons,4026.97,18,0.0,0.0,724.85,Chopra and Sons,19EZRBW4161C4ZP,invoice,Bank Charges/Financial Services,bank_charges,Eligible,,synthetic
TXN000645,2025-10-05,LEASE RENTAL TO SRINIVASAN-PALLA FOR WAREHOUSE SPACE,Lease rental to Srinivasan-Palla for warehouse space,43348.85,18,3901.39,3901.39,0.0,Srinivasan-Palla,07PDAJN8549L3Z6,invoice,Rent/Lease of Business Premises,rent,Eligible,,synthetic
TXN001749,2024-01-08,Swamy-Som - Membership Fee,Swamy-Som - Membership Fee,20721.25,18,1864.91,1864.91,0.0,Swamy-Som,29JTDDR0879I5ZO,invoice,Club/Health/Fitness Memberships,club_membership,Blocked,"Sec 17(5)(b)(ii) blocks ITC on membership of a club, health, or fitness centre.",synthetic
TXN000884,2024-12-20,broadband internet charges - Bali-Maharaj,broadband internet charges - Bali-Maharaj,7010.56,18,630.95,630.95,0.0,Bali-Maharaj,19QDAJN7132C9ZN,receipt,Utilities (Business Electricity/Internet),utilities,Eligible,,synthetic
TXN001639,2025-05-29,"wellness center package - Bhavsar, Bassi and Dayal","wellness center package - Bhavsar, Bassi and Dayal",49570.22,18,0.0,0.0,8922.64,"Bhavsar, Bassi and Dayal",,bank_statement_line,Club/Health/Fitness Memberships,club_membership,Blocked,"Sec 17(5)(b)(ii) blocks ITC on membership of a club, health, or fitness centre.",synthetic
TXN002290,2025-10-16,Sant-Zacharia - flooring and fixtures work,Sant-Zacharia - flooring and fixtures work,304505.56,18,0.0,0.0,54811.0,Sant-Zacharia,07CHTIZ9295D6ZC,receipt,Works Contract/Construction of Immovable Property,works_contract,Blocked,"Sec 17(5)(c)/(d) blocks ITC on works contract services and goods/services for construction of immovable property (other than plant & machinery), even when used for business.",synthetic
TXN001079,2026-06-08,"NAYAK, SEKHON AND APTE - PROCESSING FEE","Nayak, Sekhon and Apte - processing fee",3209.07,18,288.81,288.81,0.0,"Nayak, Sekhon and Apte",,bank_statement_line,Bank Charges/Financial Services,bank_charges,Eligible,,synthetic
TXN000431,2025-07-20,Professional fees to Ranganathan Ltd for legal consultation,Professional fees to Ranganathan Ltd for legal consultation,26140.04,18,2352.61,2352.61,0.0,Ranganathan Ltd,24UIJEG6308Q9ZF,receipt,Input Services (Professional/Consulting/IT),input_services,Eligible,,synthetic
TXN000738,2026-07-17,Lease rental to Behl LLC for warehouse space,Lease rental to Behl LLC for warehouse space,33166.79,18,2985.01,2985.01,0.0,Behl LLC,,bank_statement_line,Rent/Lease of Business Premises,rent,Eligible,,synthetic
TXN000264,2024-03-24,"generator set installation invoice from Krishna, Bal and Chand","generator set installation invoice from Krishna, Bal and Chand",75281.69,18,0.0,0.0,13550.7,"Krishna, Bal and Chand",23YVMQJ7887B5Z7,invoice,Capital Goods,capital_goods,Eligible,,synthetic
TXN001302,2025-07-19,"VALA, MISTRY AND MURTHY - CAR SERVICING","Vala, Mistry and Murthy - car servicing",24584.66,28,0.0,0.0,6883.7,"Vala, Mistry and Murthy",,bank_statement_line,Motor Vehicle Expenses,motor_vehicle,Blocked,"Sec 17(5)(a) blocks ITC on motor vehicles for transport of persons (seating <=13) and related services, unless used for further supply, passenger transport, or driving training.",synthetic
TXN000251,2024-12-28,Seshadri-Singhal - Capital Asset Purchase - 3-phase motor,Seshadri-Singhal - Capital Asset Purchase - 3-phase motor,366979.05,18,0.0,0.0,66056.23,Seshadri-Singhal,,bank_statement_line,Capital Goods,capital_goods,Eligible,,synthetic
TXN000549,2026-01-06,Professional fees to Keer Ltd for payroll processing,Professional fees to Keer Ltd for payroll processing,2823.38,18,254.1,254.1,0.0,Keer Ltd,,bank_statement_line,Input Services (Professional/Consulting/IT),input_services,Eligible,,synthetic
TXN002161,2025-11-24,employee group health insurance premium payment - Raj LLC,employee group health insurance premium payment - Raj LLC,81222.15,18,7309.99,7309.99,0.0,Raj LLC,,bank_statement_line,Employee Insurance/Reimbursements,employee_insurance,Blocked,Sec 17(5)(b) blocks ITC on health/life insurance for employees unless it is obligatory for the employer under any law for the time being in force.,synthetic
TXN001759,2025-12-20,"wellness center package - barad, verma and chopra","wellness center package - Barad, Verma and Chopra",18911.1,18,1702.0,1702.0,0.0,"Barad, Verma and Chopra",07GXFIV2851Q5Z1,invoice,Club/Health/Fitness Memberships,club_membership,Blocked,"Sec 17(5)(b)(ii) blocks ITC on membership of a club, health, or fitness centre.",synthetic
TXN001971,2026-02-09,home travel concession booking - Sibal-Borra,home travel concession booking - Sibal-Borra,3417.09,5,0.0,0.0,170.85,Sibal-Borra,29RLQKO6001S2Z3,invoice,Employee Travel Benefits,employee_travel,Blocked,"Sec 17(5)(b)(iii) blocks ITC on travel benefits extended to employees (e.g. leave/home travel concession), unless obligatory under law.",synthetic
TXN000326,2024-12-26,"generator set installation inv from Krishna, Shan and Mittal","generator set installation invoice from Krishna, Shan and Mittal",554490.13,18,0.0,0.0,99808.22,"Krishna, Shan and Mittal",23ERBQH4387B2ZD,receipt,Capital Goods,capital_goods,Eligible,,synthetic
TXN000842,2024-04-08,"electricity charges - Venkataraman, Kant and Sehgal","electricity charges - Venkataraman, Kant and Sehgal",14561.11,18,0.0,0.0,2621.0,"Venkataraman, Kant and Sehgal",36GISKF1105Q8ZH,invoice,Utilities (Business Electricity/Internet),utilities,Eligible,,synthetic
TXN000975,2024-07-14,"parsa, bhakta and tata - broadband internet bill payment","Parsa, Bhakta and Tata - broadband internet bill payment",6002.5,18,540.23,540.23,0.0,"Parsa, Bhakta and Tata",33HLGPQ6572H5ZV,receipt,Utilities (Business Electricity/Internet),utilities,Eligible,,synthetic
TXN000498,2026-02-21,payroll processing chgs - Palla-Bala,payroll processing charges - Palla-Bala,58324.68,18,5249.22,5249.22,0.0,Palla-Bala,,bank_statement_line,Input Services (Professional/Consulting/IT),input_services,Eligible,,synthetic
TXN000078,2024-08-15,purchse of raw cotton from ramakrishnan llc,Purchase of raw cotton from Ramakrishnan LLC,67565.92,18,6080.94,6080.94,0.0,Ramakrishnan LLC,27GVOSN1230N8ZE,invoice,Purchase of Goods (Raw Material/Trading Stock),purchase_goods,Eligible,,synthetic
TXN001657,2025-08-16,Ratti PLC - Membership Fee,Ratti PLC - Membership Fee,4720.81,18,0.0,0.0,849.75,Ratti PLC,07EYUTH9075Y7ZO,receipt,Club/Health/Fitness Memberships,club_membership,Blocked,"Sec 17(5)(b)(ii) blocks ITC on membership of a club, health, or fitness centre.",synthetic
TXN001420,2026-06-05,Catering paymnt - Bose PLC,Catering payment - Bose PLC,3655.09,5,91.38,91.38,0.0,Bose PLC,,bank_statement_line,Food & Beverages/Outdoor Catering,food_catering,Blocked,"Sec 17(5)(b)(i) explicitly blocks ITC on food and beverages and outdoor catering, unless used to make an outward taxable supply of the same category or as part of a composite/mixed supply.",synthetic
TXN001259,2025-11-23,Vehicle vehicle registration fee - Chowdhury-Sabharwal,Vehicle vehicle registration fee - Chowdhury-Sabharwal,35468.79,28,4965.63,4965.63,0.0,Chowdhury-Sabharwal,19PLBSB4468Z4ZM,receipt,Motor Vehicle Expenses,motor_vehicle,Blocked,"Sec 17(5)(a) blocks ITC on motor vehicles for transport of persons (seating <=13) and related services, unless used for further supply, passenger transport, or driving training.",synthetic
TXN001660,2024-11-29,"wellness center package - Nair, Prabhu and Sachar","wellness center package - Nair, Prabhu and Sachar",41330.56,18,3719.75,3719.75,0.0,"Nair, Prabhu and Sachar",33AECSF0205J9ZC,invoice,Club/Health/Fitness Memberships,club_membership,Blocked,"Sec 17(5)(b)(ii) blocks ITC on membership of a club, health, or fitness centre.",synthetic
TXN002258,2026-07-07,Sura-Choudhary - building repair works contract,Sura-Choudhary - building repair works contract,737760.63,18,66398.46,66398.46,0.0,Sura-Choudhary,,bank_statement_line,Works Contract/Construction of Immovable Property,works_contract,Blocked,"Sec 17(5)(c)/(d) blocks ITC on works contract services and goods/services for construction of immovable property (other than plant & machinery), even when used for business.",synthetic
TXN001004,2025-06-20,Ramesh  Inc - POS machine rental,Ramesh Inc - POS machine rental,4302.2,18,387.2,387.2,0.0,Ramesh Inc,,bank_statement_line,Bank Charges/Financial Services,bank_charges,Eligible,,synthetic
TXN001414,2024-01-23,Catering payment - Radhakrishnan-Pau,Catering payment - Radhakrishnan-Pau,18925.02,5,0.0,0.0,946.25,Radhakrishnan-Pau,09NBFZM9441P4ZS,receipt,Food & Beverages/Outdoor Catering,food_catering,Blocked,"Sec 17(5)(b)(i) explicitly blocks ITC on food and beverages and outdoor catering, unless used to make an outward taxable supply of the same category or as part of a composite/mixed supply.",synthetic
TXN001695,2026-01-30,gym membership - Sani-Naik,gym membership - Sani-Naik,18024.53,18,1622.21,1622.21,0.0,Sani-Naik,27EZKZF2839I6ZK,invoice,Club/Health/Fitness Memberships,club_membership,Blocked,"Sec 17(5)(b)(ii) blocks ITC on membership of a club, health, or fitness centre.",synthetic
TXN001037,2026-01-04,Korpal Ltd - cheque bounce fee,Korpal Ltd - cheque bounce fee,3138.37,18,0.0,0.0,564.91,Korpal Ltd,09QFYPI2194Z3ZK,receipt,Bank Charges/Financial Services,bank_charges,Eligible,,synthetic
TXN002414,2026-11-18,Payment received from Kumer-Gokhale for retail sale,Payment received from Kumer-Gokhale for retail sale,363241.45,18,32691.73,32691.73,0.0,Kumer-Gokhale,,bank_statement_line,Sales/Outward Supply,sales_revenue,Not Applicable,,synthetic
TXN002300,2024-01-18,Construction paymnt - Bhatt-Jani for shop renovation works,Construction payment - Bhatt-Jani for shop renovation works,310655.88,18,27959.03,27959.03,0.0,Bhatt-Jani,,bank_statement_line,Works Contract/Construction of Immovable Property,works_contract,Blocked,"Sec 17(5)(c)/(d) blocks ITC on works contract services and goods/services for construction of immovable property (other than plant & machinery), even when used for business.",synthetic
TXN002554,2024-01-29,Payment received from Dara LLC for bulk order,Payment received from Dara LLC for bulk order,185547.55,18,16699.28,16699.28,0.0,Dara LLC,,bank_statement_line,Sales/Outward Supply,sales_revenue,Not Applicable,,synthetic
TXN000877,2026-09-01,Murty Group - telephone/mobile plan bill payment,Murty Group - telephone/mobile plan bill payment,5337.42,18,480.37,480.37,0.0,Murty Group,29VFHIL3317L4Z0,invoice,Utilities (Business Electricity/Internet),utilities,Eligible,,synthetic
TXN000235,2025-02-02,ARORA PLC - CAPITAL ASSET PURCHASE - GENERATOR SET,Arora PLC - Capital Asset Purchase - generator set,82430.99,18,7418.79,7418.79,0.0,Arora PLC,09PNSPY8642V9ZS,receipt,Capital Goods,capital_goods,Eligible,,synthetic
TXN001425,2025-06-18,"Catering pmt - Srinivas, Srinivas and Kade","Catering payment - Srinivas, Srinivas and Kade",8158.91,5,203.97,203.97,0.0,"Srinivas, Srinivas and Kade",09LOPLK1780N1ZF,receipt,Food & Beverages/Outdoor Catering,food_catering,Blocked,"Sec 17(5)(b)(i) explicitly blocks ITC on food and beverages and outdoor catering, unless used to make an outward taxable supply of the same category or as part of a composite/mixed supply.",synthetic
TXN002592,2025-12-17,Payment received from Nagarajan and Sons for wholesale supply,Payment received from Nagarajan and Sons for wholesale supply,26154.98,18,0.0,0.0,4707.9,Nagarajan and Sons,,bank_statement_line,Sales/Outward Supply,sales_revenue,Not Applicable,,synthetic
TXN001843,2026-07-28,employee leave travel airfare - Dhar-Chaudhari,employee leave travel airfare - Dhar-Chaudhari,58532.1,5,0.0,0.0,2926.61,Dhar-Chaudhari,,bank_statement_line,Employee Travel Benefits,employee_travel,Blocked,"Sec 17(5)(b)(iii) blocks ITC on travel benefits extended to employees (e.g. leave/home travel concession), unless obligatory under law.",synthetic
TXN002667,2024-03-08,Bhakta-Mitra  - employee PF contribution,Bhakta-Mitra - employee PF contribution,57308.8,exempt,0.0,0.0,0.0,Bhakta-Mitra,,bank_statement_line,Exempt/Non-GST Expense,exempt_non_gst,Not Applicable,,synthetic
TXN000560,2026-03-12,Deshmukh Inc - payroll processing services inv,Deshmukh Inc - payroll processing services invoice,57586.39,18,5182.77,5182.77,0.0,Deshmukh Inc,,bank_statement_line,Input Services (Professional/Consulting/IT),input_services,Eligible,,synthetic
TXN002046,2025-03-22,Krishnamurthy-Natt - employee medical reimbursement,Krishnamurthy-Natt - employee medical reimbursement,48421.24,18,0.0,0.0,8715.82,Krishnamurthy-Natt,09VVNYX8878A4Z4,invoice,Employee Insurance/Reimbursements,employee_insurance,Blocked,Sec 17(5)(b) blocks ITC on health/life insurance for employees unless it is obligatory for the employer under any law for the time being in force.,synthetic
TXN001346,2026-11-08,HANS-NAGI - CAR REPAIR,Hans-Nagi - car repair,36111.15,28,0.0,0.0,10111.12,Hans-Nagi,36FEJOP4413L4ZP,receipt,Motor Vehicle Expenses,motor_vehicle,Blocked,"Sec 17(5)(a) blocks ITC on motor vehicles for transport of persons (seating <=13) and related services, unless used for further supply, passenger transport, or driving training.",synthetic
TXN001990,2025-08-17,"Employee home travel concession booking booking - Boase, Zachariah and Kara","Employee home travel concession booking booking - Boase, Zachariah and Kara",64377.46,5,1609.43,1609.43,0.0,"Boase, Zachariah and Kara",33XFLHG3778J4ZR,receipt,Employee Travel Benefits,employee_travel,Blocked,"Sec 17(5)(b)(iii) blocks ITC on travel benefits extended to employees (e.g. leave/home travel concession), unless obligatory under law.",synthetic
TXN000774,2024-11-03,Monthly rent - Brar-Prakash,Monthly rent - Brar-Prakash,23239.12,18,2091.52,2091.52,0.0,Brar-Prakash,19CGIPP3210W8Z2,invoice,Rent/Lease of Business Premises,rent,Eligible,,synthetic
TXN001497,2026-03-03,Mani Inc - festival sweets order,Mani Inc - festival sweets order,12802.87,5,320.07,320.07,0.0,Mani Inc,23DHNNO6135B4ZK,invoice,Food & Beverages/Outdoor Catering,food_catering,Blocked,"Sec 17(5)(b)(i) explicitly blocks ITC on food and beverages and outdoor catering, unless used to make an outward taxable supply of the same category or as part of a composite/mixed supply.",synthetic
TXN002025,2026-03-07,Ganguly-Pingle - employee medical reimbursement,Ganguly-Pingle - employee medical reimbursement,50982.08,18,4588.39,4588.39,0.0,Ganguly-Pingle,,bank_statement_line,Employee Insurance/Reimbursements,employee_insurance,Blocked,Sec 17(5)(b) blocks ITC on health/life insurance for employees unless it is obligatory for the employer under any law for the time being in force.,synthetic
TXN000229,2024-07-09,"Purchase  of packing machine - Mandal, Chaudhry and Hari","Purchase of packing machine - Mandal, Chaudhry and Hari",315004.85,18,28350.44,28350.44,0.0,"Mandal, Chaudhry and Hari",07NXRVP1958R9ZH,invoice,Capital Goods,capital_goods,Eligible,,synthetic
TXN002014,2026-11-04,EMPLOYEE MEDICAL REIMBURSEMENT PREMIUM PAYMENT - KIBE LTD,employee medical reimbursement premium payment - Kibe Ltd,53442.09,18,4809.79,4809.79,0.0,Kibe Ltd,23AJADU0473D5ZT,invoice,Employee Insurance/Reimbursements,employee_insurance,Blocked,Sec 17(5)(b) blocks ITC on health/life insurance for employees unless it is obligatory for the employer under any law for the time being in force.,synthetic
TXN001674,2026-07-14,"GYM MEMBERSHIP - RATTA, KALLA AND BRAHMBHATT","gym membership - Ratta, Kalla and Brahmbhatt",21184.09,18,0.0,0.0,3813.14,"Ratta, Kalla and Brahmbhatt",24IQJJG7525I4Z5,receipt,Club/Health/Fitness Memberships,club_membership,Blocked,"Sec 17(5)(b)(ii) blocks ITC on membership of a club, health, or fitness centre.",synthetic
TXN002212,2024-07-11,Atwal PLC - shop renovation works,Atwal PLC - shop renovation works,860079.39,18,77407.15,77407.15,0.0,Atwal PLC,23HMGSJ6662Y8ZC,receipt,Works Contract/Construction of Immovable Property,works_contract,Blocked,"Sec 17(5)(c)/(d) blocks ITC on works contract services and goods/services for construction of immovable property (other than plant & machinery), even when used for business.",synthetic
TXN002601,2025-08-07,staff  salary pmt payment,staff salary payment payment,12637.99,exempt,0.0,0.0,0.0,Bahl LLC,24QYNAK1418K9Z8,invoice,Exempt/Non-GST Expense,exempt_non_gst,Not Applicable,,synthetic
TXN000013,2025-01-23,"Payment to Lalla, Bassi and Sharaf for raw cotton","Payment to Lalla, Bassi and Sharaf for raw cotton",73103.35,18,6579.3,6579.3,0.0,"Lalla, Bassi and Sharaf",27EAKYU2677V8ZJ,receipt,Purchase of Goods (Raw Material/Trading Stock),purchase_goods,Eligible,,synthetic
TXN000341,2026-04-28,purch of commercial printer - Gala-Kurian,Purchase of commercial printer - Gala-Kurian,685967.17,18,61737.04,61737.04,0.0,Gala-Kurian,27HJZWC7498J3Z1,receipt,Capital Goods,capital_goods,Eligible,,synthetic
TXN000199,2026-03-30,Purchase of steel sheets from Mitra Ltd,Purchase of steel sheets from Mitra Ltd,64186.28,18,5776.77,5776.77,0.0,Mitra Ltd,27WREJL6808F2ZZ,invoice,Purchase of Goods (Raw Material/Trading Stock),purchase_goods,Eligible,,synthetic
TXN000904,2024-06-21,"RAMASWAMY, SURI AND DHAR - TELEPHONE/MOBILE PLAN BILL PAYMENT","Ramaswamy, Suri and Dhar - telephone/mobile plan bill payment",11569.94,18,1041.3,1041.3,0.0,"Ramaswamy, Suri and Dhar",09NONVR4107K1Z3,invoice,Utilities (Business Electricity/Internet),utilities,Eligible,,synthetic
TXN000350,2024-08-19,CNC lathe installation invoice from Narang PLC,CNC lathe installation invoice from Narang PLC,23376.56,18,0.0,0.0,4207.78,Narang PLC,36WMSER1894Q4Z0,invoice,Capital Goods,capital_goods,Eligible,,synthetic
TXN002174,2026-01-17,Nagarajan Group - employee group health insurance,Nagarajan Group - employee group health insurance,61465.6,18,5531.9,5531.9,0.0,Nagarajan Group,,bank_statement_line,Employee Insurance/Reimbursements,employee_insurance,Blocked,Sec 17(5)(b) blocks ITC on health/life insurance for employees unless it is obligatory for the employer under any law for the time being in force.,synthetic
TXN001304,2026-11-08,"mannan, pai and deo - car repair","Mannan, Pai and Deo - car repair",20508.26,28,0.0,0.0,5742.31,"Mannan, Pai and Deo",09JGWMR0862H1ZY,receipt,Motor Vehicle Expenses,motor_vehicle,Blocked,"Sec 17(5)(a) blocks ITC on motor vehicles for transport of persons (seating <=13) and related services, unless used for further supply, passenger transport, or driving training.",synthetic
TXN000579,2025-06-11,Professional fees to Pal PLC for legal consultation,Professional fees to Pal PLC for legal consultation,30200.81,18,2718.07,2718.07,0.0,Pal PLC,33WRGRE5435H1ZQ,invoice,Input Services (Professional/Consulting/IT),input_services,Eligible,,synthetic
TXN000109,2024-04-02,"Purchase of raw plastic pellets from Sane, Andra and Choudhury","Purchase of raw plastic pellets from Sane, Andra and Choudhury",73579.78,18,0.0,0.0,13244.36,"Sane, Andra and Choudhury",27LNLBM8738X4ZE,receipt,Purchase of Goods (Raw Material/Trading Stock),purchase_goods,Eligible,,synthetic
TXN002272,2026-10-09,CONSTRUCTION PAYMNT - BAHRI PLC FOR SHOP RENOVATION WORKS,Construction payment - Bahri PLC for shop renovation works,431676.41,18,38850.88,38850.88,0.0,Bahri PLC,07PQMKC0287K1ZB,invoice,Works Contract/Construction of Immovable Property,works_contract,Blocked,"Sec 17(5)(c)/(d) blocks ITC on works contract services and goods/services for construction of immovable property (other than plant & machinery), even when used for business.",synthetic
TXN002051,2025-08-31,"employee medical reimbursement premium payment - Saxena, Nanda and Saini","employee medical reimbursement premium payment - Saxena, Nanda and Saini",88403.13,18,7956.28,7956.28,0.0,"Saxena, Nanda and Saini",19OKYSC7347L8ZT,receipt,Employee Insurance/Reimbursements,employee_insurance,Blocked,Sec 17(5)(b) blocks ITC on health/life insurance for employees unless it is obligatory for the employer under any law for the time being in force.,synthetic
TXN000931,2025-09-28,"Chaudry, Chauhan and Munshi - electricity bill pmt","Chaudry, Chauhan and Munshi - electricity bill payment",14482.84,18,1303.45,1303.45,0.0,"Chaudry, Chauhan and Munshi",,bank_statement_line,Utilities (Business Electricity/Internet),utilities,Eligible,,synthetic
TXN001331,2024-12-03,"Parmar, Bora and Nadkarni - car repair","Parmar, Bora and Nadkarni - car repair",11420.06,28,0.0,0.0,3197.62,"Parmar, Bora and Nadkarni",23YJKYK4455S7ZK,invoice,Motor Vehicle Expenses,motor_vehicle,Blocked,"Sec 17(5)(a) blocks ITC on motor vehicles for transport of persons (seating <=13) and related services, unless used for further supply, passenger transport, or driving training.",synthetic
TXN001622,2026-02-12,PALAN-SARNA - MEMBERSHIP FEE,Palan-Sarna - Membership Fee,9038.13,18,813.43,813.43,0.0,Palan-Sarna,,bank_statement_line,Club/Health/Fitness Memberships,club_membership,Blocked,"Sec 17(5)(b)(ii) blocks ITC on membership of a club, health, or fitness centre.",synthetic
TXN002681,2025-06-19,bhasin and sons - professional tax payment,Bhasin and Sons - professional tax payment,28690.87,exempt,0.0,0.0,0.0,Bhasin and Sons,,bank_statement_line,Exempt/Non-GST Expense,exempt_non_gst,Not Applicable,,synthetic
TXN000400,2024-06-08,Sampath-Behl - Capital Asset Purchase - packing machine,Sampath-Behl - Capital Asset Purchase - packing machine,425339.99,18,38280.6,38280.6,0.0,Sampath-Behl,36PVJCS8008P4Z2,receipt,Capital Goods,capital_goods,Eligible,,synthetic
TXN002386,2026-04-17,Patel-Sani - building repair works contract,Patel-Sani - building repair works contract,215187.4,18,19366.87,19366.87,0.0,Patel-Sani,29UYIUK4396S7ZL,invoice,Works Contract/Construction of Immovable Property,works_contract,Blocked,"Sec 17(5)(c)/(d) blocks ITC on works contract services and goods/services for construction of immovable property (other than plant & machinery), even when used for business.",synthetic
TXN000841,2024-03-17,telephone/mobile plan chgs - Kuruvilla and Sons,telephone/mobile plan charges - Kuruvilla and Sons,8190.15,18,0.0,0.0,1474.23,Kuruvilla and Sons,07TJONE9394W1ZV,invoice,Utilities (Business Electricity/Internet),utilities,Eligible,,synthetic
TXN001793,2026-07-17,Bansal-Dhillon - Membership Fee,Bansal-Dhillon - Membership Fee,17760.55,18,1598.45,1598.45,0.0,Bansal-Dhillon,,bank_statement_line,Club/Health/Fitness Memberships,club_membership,Blocked,"Sec 17(5)(b)(ii) blocks ITC on membership of a club, health, or fitness centre.",synthetic
TXN000155,2024-09-01,"PURCHASE OF PACKAGING MATERIAL FROM AHLUWALIA, CHHABRA AND SANDAL","Purchase of packaging material from Ahluwalia, Chhabra and Sandal",8726.78,18,785.41,785.41,0.0,"Ahluwalia, Chhabra and Sandal",,bank_statement_line,Purchase of Goods (Raw Material/Trading Stock),purchase_goods,Eligible,,synthetic
TXN000238,2026-02-11,Krishnan Group - Capital Asset Purchase - office desktop computers,Krishnan Group - Capital Asset Purchase - office desktop computers,654254.93,18,58882.94,58882.94,0.0,Krishnan Group,,bank_statement_line,Capital Goods,capital_goods,Eligible,,synthetic
TXN001628,2025-06-05,NAIK-SIDHU - MEMBERSHIP FEE,Naik-Sidhu - Membership Fee,31764.99,18,0.0,0.0,5717.7,Naik-Sidhu,32UMQRR8325K8ZT,receipt,Club/Health/Fitness Memberships,club_membership,Blocked,"Sec 17(5)(b)(ii) blocks ITC on membership of a club, health, or fitness centre.",synthetic
TXN002327,2026-05-13,PILLAI-MORAR - BUILDING REPAIR WORKS CONTRACT,Pillai-Morar - building repair works contract,332331.4,18,29909.83,29909.83,0.0,Pillai-Morar,,bank_statement_line,Works Contract/Construction of Immovable Property,works_contract,Blocked,"Sec 17(5)(c)/(d) blocks ITC on works contract services and goods/services for construction of immovable property (other than plant & machinery), even when used for business.",synthetic
TXN000594,2026-09-12,"auditing services charges - Pai, Rastogi and De","auditing services charges - Pai, Rastogi and De",29923.1,18,2693.08,2693.08,0.0,"Pai, Rastogi and De",,bank_statement_line,Input Services (Professional/Consulting/IT),input_services,Eligible,,synthetic
TXN002041,2026-05-21,employee medical reimbursement premium paymnt - Bera-Hari,employee medical reimbursement premium payment - Bera-Hari,34619.74,18,0.0,0.0,6231.55,Bera-Hari,32KMIKL6025S6ZR,invoice,Employee Insurance/Reimbursements,employee_insurance,Blocked,Sec 17(5)(b) blocks ITC on health/life insurance for employees unless it is obligatory for the employer under any law for the time being in force.,synthetic
TXN002335,2025-02-18,Construction payment - Dyal Group for shop renovation works,Construction payment - Dyal Group for shop renovation works,341070.79,18,0.0,0.0,61392.74,Dyal Group,07VUIUW1597C7ZJ,receipt,Works Contract/Construction of Immovable Property,works_contract,Blocked,"Sec 17(5)(c)/(d) blocks ITC on works contract services and goods/services for construction of immovable property (other than plant & machinery), even when used for business.",synthetic
TXN000487,2024-08-14,PAYROLL PROCESSING CHARGES - WALLA AND SONS,payroll processing charges - Walla and Sons,1342.8,18,0.0,0.0,241.7,Walla and Sons,,bank_statement_line,Input Services (Professional/Consulting/IT),input_services,Eligible,,synthetic
TXN002692,2026-12-15,"Sibal, Narula and Nayak - municipal tax payment","Sibal, Narula and Nayak - municipal tax payment",53809.0,exempt,0.0,0.0,0.0,"Sibal, Narula and Nayak",07ZMOEG5246P6ZQ,receipt,Exempt/Non-GST Expense,exempt_non_gst,Not Applicable,,synthetic
TXN001061,2026-12-23,"POS MACHINE RENTAL FEE - JAGGI, DE AND OAK","POS machine rental fee - Jaggi, De and Oak",4574.2,18,0.0,0.0,823.36,"Jaggi, De and Oak",,bank_statement_line,Bank Charges/Financial Services,bank_charges,Eligible,,synthetic
TXN001626,2024-01-25,wellness center package - Menon-Suri,wellness center package - Menon-Suri,16096.2,18,1448.66,1448.66,0.0,Menon-Suri,24ZCYOA6015L1ZL,invoice,Club/Health/Fitness Memberships,club_membership,Blocked,"Sec 17(5)(b)(ii) blocks ITC on membership of a club, health, or fitness centre.",synthetic
TXN000021,2026-06-02,"Purchase of packaging material from Loke, Bora and Garg","Purchase of packaging material from Loke, Bora and Garg",6219.45,18,559.75,559.75,0.0,"Loke, Bora and Garg",24LZDXE0458V4ZX,receipt,Purchase of Goods (Raw Material/Trading Stock),purchase_goods,Eligible,,synthetic
TXN001979,2024-01-23,Employee home travel concession booking booking - Swamy Inc,Employee home travel concession booking booking - Swamy Inc,57995.12,5,1449.88,1449.88,0.0,Swamy Inc,33LLPLY1108R4ZI,receipt,Employee Travel Benefits,employee_travel,Blocked,"Sec 17(5)(b)(iii) blocks ITC on travel benefits extended to employees (e.g. leave/home travel concession), unless obligatory under law.",synthetic
TXN002685,2024-07-19,"Oza, Manne and Pillay - professional tax payment","Oza, Manne and Pillay - professional tax payment",56903.06,exempt,0.0,0.0,0.0,"Oza, Manne and Pillay",27VYEBH2823T8Z6,invoice,Exempt/Non-GST Expense,exempt_non_gst,Not Applicable,,synthetic
TXN001954,2024-04-25,STAFF OUTING TRAVEL BOOKING - MUTTI-WAGLE,staff outing travel booking - Mutti-Wagle,14881.7,5,0.0,0.0,744.09,Mutti-Wagle,09SGENW5845V8ZG,receipt,Employee Travel Benefits,employee_travel,Blocked,"Sec 17(5)(b)(iii) blocks ITC on travel benefits extended to employees (e.g. leave/home travel concession), unless obligatory under law.",synthetic
TXN002612,2024-12-30,GOVERNMENT LICENSE FEE PMT,government license fee payment,28508.63,exempt,0.0,0.0,0.0,"Kala, Uppal and Manda",32JPEOA5302Z4ZR,invoice,Exempt/Non-GST Expense,exempt_non_gst,Not Applicable,,synthetic
TXN002588,2024-01-04,Sale invoice to Mohanty Group,Sale invoice to Mohanty Group,258616.13,18,0.0,0.0,46550.9,Mohanty Group,,bank_statement_line,Sales/Outward Supply,sales_revenue,Not Applicable,,synthetic
TXN000104,2026-10-08,"PURCHASE OF PRINTED LABELS FROM LALLA, TIWARI AND SURESH","Purchase of printed labels from Lalla, Tiwari and Suresh",43041.97,18,0.0,0.0,7747.55,"Lalla, Tiwari and Suresh",,bank_statement_line,Purchase of Goods (Raw Material/Trading Stock),purchase_goods,Eligible,,synthetic
TXN000290,2026-10-16,cnc lathe installation invoice from rajagopal and sons,CNC lathe installation invoice from Rajagopal and Sons,510603.31,18,0.0,0.0,91908.6,Rajagopal and Sons,32YZHPI5931S8Z7,receipt,Capital Goods,capital_goods,Eligible,,synthetic
TXN002199,2026-08-10,sandal ltd - staff life insurance premium,Sandal Ltd - staff life insurance premium,84274.29,18,7584.69,7584.69,0.0,Sandal Ltd,09CBOEC0046S5ZU,invoice,Employee Insurance/Reimbursements,employee_insurance,Blocked,Sec 17(5)(b) blocks ITC on health/life insurance for employees unless it is obligatory for the employer under any law for the time being in force.,synthetic
TXN001036,2024-05-26,sehgal-dixit - bank charges,Sehgal-Dixit - Bank Charges,3431.43,18,0.0,0.0,617.66,Sehgal-Dixit,,bank_statement_line,Bank Charges/Financial Services,bank_charges,Eligible,,synthetic
TXN001457,2025-07-01,Dubey Group - client meeting refreshments,Dubey Group - client meeting refreshments,3326.43,5,83.16,83.16,0.0,Dubey Group,,bank_statement_line,Food & Beverages/Outdoor Catering,food_catering,Blocked,"Sec 17(5)(b)(i) explicitly blocks ITC on food and beverages and outdoor catering, unless used to make an outward taxable supply of the same category or as part of a composite/mixed supply.",synthetic
TXN001292,2024-06-12,"Payment to Thaman, Desai and Tara for fuel purchase","Payment to Thaman, Desai and Tara for fuel purchase",35275.3,28,4938.54,4938.54,0.0,"Thaman, Desai and Tara",07XECDY8580M5Z6,receipt,Motor Vehicle Expenses,motor_vehicle,Blocked,"Sec 17(5)(a) blocks ITC on motor vehicles for transport of persons (seating <=13) and related services, unless used for further supply, passenger transport, or driving training.",synthetic
TXN001975,2024-12-08,home travel concession booking - Rama-Natarajan,home travel concession booking - Rama-Natarajan,14918.7,5,0.0,0.0,745.94,Rama-Natarajan,,bank_statement_line,Employee Travel Benefits,employee_travel,Blocked,"Sec 17(5)(b)(iii) blocks ITC on travel benefits extended to employees (e.g. leave/home travel concession), unless obligatory under law.",synthetic
TXN001141,2025-06-05,account maintenance charge fee - Chaudhari-Kari,account maintenance charge fee - Chaudhari-Kari,1670.49,18,0.0,0.0,300.69,Chaudhari-Kari,19UIRTK0454W6ZW,receipt,Bank Charges/Financial Services,bank_charges,Eligible,,synthetic
TXN000634,2026-03-09,Sastry LLC - Shop Rent pmt,Sastry LLC - Shop Rent Payment,76316.55,18,6868.49,6868.49,0.0,Sastry LLC,,bank_statement_line,Rent/Lease of Business Premises,rent,Eligible,,synthetic
TXN000133,2025-03-28,GUPTA-KUMAR  - YARN SUPPLY,Gupta-Kumar - yarn supply,33689.16,18,0.0,0.0,6064.05,Gupta-Kumar,,bank_statement_line,Purchase of Goods (Raw Material/Trading Stock),purchase_goods,Eligible,,synthetic
TXN001248,2026-12-06,"vehicle vehicle registration fee - garde, narasimhan and parmar","Vehicle vehicle registration fee - Garde, Narasimhan and Parmar",15952.86,28,2233.4,2233.4,0.0,"Garde, Narasimhan and Parmar",32TRMNL6913Q7ZR,invoice,Motor Vehicle Expenses,motor_vehicle,Blocked,"Sec 17(5)(a) blocks ITC on motor vehicles for transport of persons (seating <=13) and related services, unless used for further supply, passenger transport, or driving training.",synthetic
TXN000783,2025-05-29,"Monthly rent - Soman, Madan and Batra","Monthly rent - Soman, Madan and Batra",11889.17,18,0.0,0.0,2140.05,"Soman, Madan and Batra",27HNMTO7846Q6ZZ,invoice,Rent/Lease of Business Premises,rent,Eligible,,synthetic
TXN000048,2025-11-10,Payment to Brar Inc for yarn,Payment to Brar Inc for yarn,74551.63,18,6709.65,6709.65,0.0,Brar Inc,,bank_statement_line,Purchase of Goods (Raw Material/Trading Stock),purchase_goods,Eligible,,synthetic
TXN000318,2024-01-07,"packing machine installation invoice from Gole, Garde and Gill","packing machine installation invoice from Gole, Garde and Gill",629130.89,18,0.0,0.0,113243.56,"Gole, Garde and Gill",,bank_statement_line,Capital Goods,capital_goods,Eligible,,synthetic
TXN002633,2025-08-30,"Parmar, Handa and Chana - employee PF contribution","Parmar, Handa and Chana - employee PF contribution",9136.79,exempt,0.0,0.0,0.0,"Parmar, Handa and Chana",19ZOOUR8267G5ZJ,receipt,Exempt/Non-GST Expense,exempt_non_gst,Not Applicable,,synthetic
TXN000049,2024-03-14,"PURCHSE OF ADHESIVE TAPE ROLLS FROM SUNDER, BISWAS AND WALIA","Purchase of adhesive tape rolls from Sunder, Biswas and Walia",130704.48,18,0.0,0.0,23526.81,"Sunder, Biswas and Walia",23UGQKC3659U8Z8,invoice,Purchase of Goods (Raw Material/Trading Stock),purchase_goods,Eligible,,synthetic
TXN000406,2026-04-25,"KARA, SANGHVI AND BAL - PAYROLL PROCESSING SERVICES INVOICE","Kara, Sanghvi and Bal - payroll processing services invoice",32964.98,18,2966.85,2966.85,0.0,"Kara, Sanghvi and Bal",19TEYRB9172D6ZJ,invoice,Input Services (Professional/Consulting/IT),input_services,Eligible,,synthetic
TXN000555,2026-08-02,"Professional fees to Mallick, Krish and Comar for website maintenance","Professional fees to Mallick, Krish and Comar for website maintenance",55700.0,18,5013.0,5013.0,0.0,"Mallick, Krish and Comar",09UVCNS5633O7Z0,invoice,Input Services (Professional/Consulting/IT),input_services,Eligible,,synthetic
TXN002170,2024-03-19,"employee medical reimbursement premium pmt - Pathak, Srivastava and Sarin","employee medical reimbursement premium payment - Pathak, Srivastava and Sarin",65999.23,18,5939.93,5939.93,0.0,"Pathak, Srivastava and Sarin",07UKOKM8335X2Z5,invoice,Employee Insurance/Reimbursements,employee_insurance,Blocked,Sec 17(5)(b) blocks ITC on health/life insurance for employees unless it is obligatory for the employer under any law for the time being in force.,synthetic
TXN001930,2024-09-08,staff outing travel booking - Menon-Mann,staff outing travel booking - Menon-Mann,69822.48,5,0.0,0.0,3491.12,Menon-Mann,,bank_statement_line,Employee Travel Benefits,employee_travel,Blocked,"Sec 17(5)(b)(iii) blocks ITC on travel benefits extended to employees (e.g. leave/home travel concession), unless obligatory under law.",synthetic
TXN000772,2024-08-16,HANDA PLC - SHOP RENT PAYMENT,Handa PLC - Shop Rent Payment,41242.81,18,0.0,0.0,7423.71,Handa PLC,27WHOGU9628S1ZA,invoice,Rent/Lease of Business Premises,rent,Eligible,,synthetic
TXN001898,2024-03-10,"Employee employee leave travel airfare booking - Anand, Uppal and Raval","Employee employee leave travel airfare booking - Anand, Uppal and Raval",46108.51,5,1152.71,1152.71,0.0,"Anand, Uppal and Raval",,bank_statement_line,Employee Travel Benefits,employee_travel,Blocked,"Sec 17(5)(b)(iii) blocks ITC on travel benefits extended to employees (e.g. leave/home travel concession), unless obligatory under law.",synthetic
TXN000533,2025-01-29,Professional fees to Dash-Pillai for auditing srvcs,Professional fees to Dash-Pillai for auditing services,48704.39,18,4383.4,4383.4,0.0,Dash-Pillai,33RQWDI3950Q5ZH,invoice,Input Services (Professional/Consulting/IT),input_services,Eligible,,synthetic
TXN001440,2025-10-05,CATERING PAYMENT - VIRK PLC,Catering payment - Virk PLC,15354.59,5,383.87,383.87,0.0,Virk PLC,,bank_statement_line,Food & Beverages/Outdoor Catering,food_catering,Blocked,"Sec 17(5)(b)(i) explicitly blocks ITC on food and beverages and outdoor catering, unless used to make an outward taxable supply of the same category or as part of a composite/mixed supply.",synthetic
TXN000624,2026-03-26,Gaba-Ramaswamy - Shop Rent pymt,Gaba-Ramaswamy - Shop Rent Payment,67393.11,18,6065.38,6065.38,0.0,Gaba-Ramaswamy,27FLIRL2380N3ZK,invoice,Rent/Lease of Business Premises,rent,Eligible,,synthetic
TXN002745,2026-03-21,EMPLOYEE PF CONTRIBUTION PAYMENT,employee PF contribution payment,39781.27,exempt,0.0,0.0,0.0,Thaker-Varghese,27SLYYA3619E9ZU,invoice,Exempt/Non-GST Expense,exempt_non_gst,Not Applicable,,synthetic
TXN001464,2025-11-10,"Dani, Karpe and Sekhon - client meeting refreshments","Dani, Karpe and Sekhon - client meeting refreshments",8295.02,5,207.38,207.38,0.0,"Dani, Karpe and Sekhon",32IFRKA5874U9Z0,invoice,Food & Beverages/Outdoor Catering,food_catering,Blocked,"Sec 17(5)(b)(i) explicitly blocks ITC on food and beverages and outdoor catering, unless used to make an outward taxable supply of the same category or as part of a composite/mixed supply.",synthetic
TXN000836,2024-05-12,"Sahota,  Bansal and Parsa - water supply bill pymt","Sahota, Bansal and Parsa - water supply bill payment",10857.18,18,977.14,977.14,0.0,"Sahota, Bansal and Parsa",09FKWOQ7066Q3ZI,invoice,Utilities (Business Electricity/Internet),utilities,Eligible,,synthetic
TXN001750,2025-09-18,gade and sons - membership fee,Gade and Sons - Membership Fee,19062.66,18,1715.64,1715.64,0.0,Gade and Sons,,bank_statement_line,Club/Health/Fitness Memberships,club_membership,Blocked,"Sec 17(5)(b)(ii) blocks ITC on membership of a club, health, or fitness centre.",synthetic
TXN000267,2024-03-18,VENKATARAMAN-SATHE  - CAPITAL ASSET PURCHASE - COMMERCIAL PRINTER,Venkataraman-Sathe - Capital Asset Purchase - commercial printer,241896.09,18,21770.65,21770.65,0.0,Venkataraman-Sathe,19AZFIU9895S3ZG,invoice,Capital Goods,capital_goods,Eligible,,synthetic
TXN001915,2026-03-16,Employee home travel concession booking booking - Sengupta-Rajagopalan,Employee home travel concession booking booking - Sengupta-Rajagopalan,72298.04,5,1807.45,1807.45,0.0,Sengupta-Rajagopalan,,bank_statement_line,Employee Travel Benefits,employee_travel,Blocked,"Sec 17(5)(b)(iii) blocks ITC on travel benefits extended to employees (e.g. leave/home travel concession), unless obligatory under law.",synthetic
TXN001932,2024-07-21,"EMPLOYEE EMPLOYEE LEAVE TRAVEL AIRFARE BOOKING - MODI, LAD AND BHAT","Employee employee leave travel airfare booking - Modi, Lad and Bhat",44748.39,5,0.0,0.0,2237.42,"Modi, Lad and Bhat",,bank_statement_line,Employee Travel Benefits,employee_travel,Blocked,"Sec 17(5)(b)(iii) blocks ITC on travel benefits extended to employees (e.g. leave/home travel concession), unless obligatory under law.",synthetic
TXN001212,2024-06-12,VEHICLE VEHICLE INSURANCE PREMIUM - BHATTACHARYYA INC,Vehicle vehicle insurance premium - Bhattacharyya Inc,30230.67,28,4232.3,4232.3,0.0,Bhattacharyya Inc,23MHSHS9058Y3ZM,invoice,Motor Vehicle Expenses,motor_vehicle,Blocked,"Sec 17(5)(a) blocks ITC on motor vehicles for transport of persons (seating <=13) and related services, unless used for further supply, passenger transport, or driving training.",synthetic
TXN002018,2024-03-02,staff life insurance premium premium payment - Comar Group,staff life insurance premium premium payment - Comar Group,34178.68,18,3076.08,3076.08,0.0,Comar Group,,bank_statement_line,Employee Insurance/Reimbursements,employee_insurance,Blocked,Sec 17(5)(b) blocks ITC on health/life insurance for employees unless it is obligatory for the employer under any law for the time being in force.,synthetic
TXN002131,2026-07-29,staff life insurance premium premium payment - Bakshi Group,staff life insurance premium premium payment - Bakshi Group,67845.09,18,6106.06,6106.06,0.0,Bakshi Group,,bank_statement_line,Employee Insurance/Reimbursements,employee_insurance,Blocked,Sec 17(5)(b) blocks ITC on health/life insurance for employees unless it is obligatory for the employer under any law for the time being in force.,synthetic
TXN000504,2024-12-30,mangat group - chartered accountant srvcs invoice,Mangat Group - chartered accountant services invoice,55272.54,18,0.0,0.0,9949.06,Mangat Group,,bank_statement_line,Input Services (Professional/Consulting/IT),input_services,Eligible,,synthetic
TXN002116,2024-05-29,"Saxena, Shankar and Modi - employee group health insurance","Saxena, Shankar and Modi - employee group health insurance",5593.37,18,503.4,503.4,0.0,"Saxena, Shankar and Modi",24WATRO2232D5ZP,receipt,Employee Insurance/Reimbursements,employee_insurance,Blocked,Sec 17(5)(b) blocks ITC on health/life insurance for employees unless it is obligatory for the employer under any law for the time being in force.,synthetic
TXN001093,2024-02-17,"Subramanian, Balasubramanian and Sankar - loan processing fee","Subramanian, Balasubramanian and Sankar - loan processing fee",1151.1,18,103.6,103.6,0.0,"Subramanian, Balasubramanian and Sankar",19TLVCS6619G9Z0,receipt,Bank Charges/Financial Services,bank_charges,Eligible,,synthetic
TXN000897,2026-02-17,"PANCHAL, WALIA AND MAND - ELECTRICITY BILL PMT","Panchal, Walia and Mand - electricity bill payment",1106.84,18,99.61,99.61,0.0,"Panchal, Walia and Mand",23DITNL2972J4Z1,invoice,Utilities (Business Electricity/Internet),utilities,Eligible,,synthetic
TXN001353,2024-08-09,Barad-Chahal - vehicle registration fee,Barad-Chahal - vehicle registration fee,46766.44,28,6547.3,6547.3,0.0,Barad-Chahal,,bank_statement_line,Motor Vehicle Expenses,motor_vehicle,Blocked,"Sec 17(5)(a) blocks ITC on motor vehicles for transport of persons (seating <=13) and related services, unless used for further supply, passenger transport, or driving training.",synthetic
TXN001587,2024-11-01,Catering payment - Choudhry-Shah,Catering payment - Choudhry-Shah,18200.43,5,0.0,0.0,910.02,Choudhry-Shah,27XRNFE4797J9ZW,invoice,Food & Beverages/Outdoor Catering,food_catering,Blocked,"Sec 17(5)(b)(i) explicitly blocks ITC on food and beverages and outdoor catering, unless used to make an outward taxable supply of the same category or as part of a composite/mixed supply.",synthetic
TXN002543,2025-06-03,pmt received from Soni and Sons for retail sale,Payment received from Soni and Sons for retail sale,288740.62,18,25986.65,25986.65,0.0,Soni and Sons,19SXQHH3685G9ZM,receipt,Sales/Outward Supply,sales_revenue,Not Applicable,,synthetic
TXN000900,2025-07-23,"Chandran, Deshmukh and Sabharwal - telephone/mobile plan bill payment","Chandran, Deshmukh and Sabharwal - telephone/mobile plan bill payment",11557.3,18,1040.15,1040.15,0.0,"Chandran, Deshmukh and Sabharwal",19YXUAZ9431H9Z5,invoice,Utilities (Business Electricity/Internet),utilities,Eligible,,synthetic
TXN001295,2024-07-31,Payment to Trivedi-Goel for car servicing,Payment to Trivedi-Goel for car servicing,4158.71,28,582.22,582.22,0.0,Trivedi-Goel,,bank_statement_line,Motor Vehicle Expenses,motor_vehicle,Blocked,"Sec 17(5)(a) blocks ITC on motor vehicles for transport of persons (seating <=13) and related services, unless used for further supply, passenger transport, or driving training.",synthetic
TXN000938,2025-11-08,chaudhry and sons - electricity bill payment,Chaudhry and Sons - electricity bill payment,12117.34,18,1090.56,1090.56,0.0,Chaudhry and Sons,07VGSFK9935E5ZO,receipt,Utilities (Business Electricity/Internet),utilities,Eligible,,synthetic
TXN001109,2026-03-06,raj-pingle - pos machine rental,Raj-Pingle - POS machine rental,4001.69,18,360.15,360.15,0.0,Raj-Pingle,09OTDGR2486Y8ZC,invoice,Bank Charges/Financial Services,bank_charges,Eligible,,synthetic
TXN000499,2024-11-14,IT support charges - Bera-Randhawa,IT support charges - Bera-Randhawa,14017.7,18,1261.6,1261.6,0.0,Bera-Randhawa,,bank_statement_line,Input Services (Professional/Consulting/IT),input_services,Eligible,,synthetic
TXN002067,2025-08-12,"EMPLOYEE GROUP HEALTH INSURANCE PREMIUM PAYMNT - DUGAR, GARDE AND KARPE","employee group health insurance premium payment - Dugar, Garde and Karpe",28399.13,18,2555.92,2555.92,0.0,"Dugar, Garde and Karpe",36VQXSX1300M8Z8,invoice,Employee Insurance/Reimbursements,employee_insurance,Blocked,Sec 17(5)(b) blocks ITC on health/life insurance for employees unless it is obligatory for the employer under any law for the time being in force.,synthetic
TXN002799,2024-06-20,"Bassi, Khatri and Dugar - professional tax payment","Bassi, Khatri and Dugar - professional tax payment",53728.27,exempt,0.0,0.0,0.0,"Bassi, Khatri and Dugar",33WGJLE1075T5ZR,invoice,Exempt/Non-GST Expense,exempt_non_gst,Not Applicable,,synthetic
TXN002790,2026-10-17,Sehgal Inc - municipal tax payment,Sehgal Inc - municipal tax payment,14432.75,exempt,0.0,0.0,0.0,Sehgal Inc,24FMBLZ1172I9Z4,invoice,Exempt/Non-GST Expense,exempt_non_gst,Not Applicable,,synthetic
TXN000494,2026-01-19,"legal consultation chrgs - Varty, Dash and Mane","legal consultation charges - Varty, Dash and Mane",45801.95,18,0.0,0.0,8244.35,"Varty, Dash and Mane",,bank_statement_line,Input Services (Professional/Consulting/IT),input_services,Eligible,,synthetic
TXN000246,2026-12-29,"sanghvi, mody and bhasin - capital asset purch - cnc lathe","Sanghvi, Mody and Bhasin - Capital Asset Purchase - CNC lathe",124887.91,18,0.0,0.0,22479.82,"Sanghvi, Mody and Bhasin",,bank_statement_line,Capital Goods,capital_goods,Eligible,,synthetic
TXN002724,2024-01-05,BHATTACHARYYA-GANESH - MUNICIPAL TAX PAYMENT,Bhattacharyya-Ganesh - municipal tax payment,56904.26,exempt,0.0,0.0,0.0,Bhattacharyya-Ganesh,,bank_statement_line,Exempt/Non-GST Expense,exempt_non_gst,Not Applicable,,synthetic
TXN000139,2026-01-05,pymt to Merchant-Datta for steel sheets,Payment to Merchant-Datta for steel sheets,76868.32,18,6918.15,6918.15,0.0,Merchant-Datta,32JEQSQ9541K8ZD,invoice,Purchase of Goods (Raw Material/Trading Stock),purchase_goods,Eligible,,synthetic
TXN002053,2025-02-18,staff life insurance premium premium pmt - nanda and sons,staff life insurance premium premium payment - Nanda and Sons,67118.82,18,0.0,0.0,12081.39,Nanda and Sons,,bank_statement_line,Employee Insurance/Reimbursements,employee_insurance,Blocked,Sec 17(5)(b) blocks ITC on health/life insurance for employees unless it is obligatory for the employer under any law for the time being in force.,synthetic
TXN001108,2026-12-03,Ram and Sons - Bank Charges,Ram and Sons - Bank Charges,1677.82,18,0.0,0.0,302.01,Ram and Sons,27BANGH7421A1Z7,invoice,Bank Charges/Financial Services,bank_charges,Eligible,,synthetic
TXN001181,2026-08-12,Kapadia-Warrior  - Bank chgs,Kapadia-Warrior - Bank Charges,776.16,18,0.0,0.0,139.71,Kapadia-Warrior,,bank_statement_line,Bank Charges/Financial Services,bank_charges,Eligible,,synthetic
TXN002499,2024-10-28,sale invc to toor-tara,Sale invoice to Toor-Tara,32972.88,18,2967.56,2967.56,0.0,Toor-Tara,09WMVTG7306Z2ZT,invoice,Sales/Outward Supply,sales_revenue,Not Applicable,,synthetic
TXN002715,2024-11-10,GOVERNMENT LICENSE FEE PAYMENT,government license fee payment,48612.89,exempt,0.0,0.0,0.0,"Saraf, Bhattacharyya and Dani",29QMSVR0043A7ZO,receipt,Exempt/Non-GST Expense,exempt_non_gst,Not Applicable,,synthetic
TXN001301,2025-09-30,Sachar PLC - car repair,Sachar PLC - car repair,49917.85,28,6988.5,6988.5,0.0,Sachar PLC,,bank_statement_line,Motor Vehicle Expenses,motor_vehicle,Blocked,"Sec 17(5)(a) blocks ITC on motor vehicles for transport of persons (seating <=13) and related services, unless used for further supply, passenger transport, or driving training.",synthetic
TXN001134,2025-08-18,"Sunder, Solanki and Barad - account maintenance charge","Sunder, Solanki and Barad - account maintenance charge",1140.93,18,102.69,102.69,0.0,"Sunder, Solanki and Barad",09PVVIF1304L9ZY,invoice,Bank Charges/Financial Services,bank_charges,Eligible,,synthetic
TXN000762,2026-11-10,"Monthly rent - Kashyap, Bir and Dora","Monthly rent - Kashyap, Bir and Dora",99679.88,18,8971.19,8971.19,0.0,"Kashyap, Bir and Dora",23BUEKO2117A6ZD,receipt,Rent/Lease of Business Premises,rent,Eligible,,synthetic
TXN000497,2024-04-27,Chand-Kapadia - website maintenance svcs invoice,Chand-Kapadia - website maintenance services invoice,52529.59,18,4727.66,4727.66,0.0,Chand-Kapadia,07NAJPJ0757N5ZU,invoice,Input Services (Professional/Consulting/IT),input_services,Eligible,,synthetic
TXN001798,2026-10-02,"Parsa, Banik and Chander - Membership Fee","Parsa, Banik and Chander - Membership Fee",42581.81,18,3832.36,3832.36,0.0,"Parsa, Banik and Chander",24PIAEL4673D3ZJ,receipt,Club/Health/Fitness Memberships,club_membership,Blocked,"Sec 17(5)(b)(ii) blocks ITC on membership of a club, health, or fitness centre.",synthetic
TXN000094,2026-10-21,"Purchase of packaging material from Chaudhry, Borah and Yogi","Purchase of packaging material from Chaudhry, Borah and Yogi",113367.29,18,10203.06,10203.06,0.0,"Chaudhry, Borah and Yogi",,bank_statement_line,Purchase of Goods (Raw Material/Trading Stock),purchase_goods,Eligible,,synthetic
TXN001396,2025-07-04,Bansal PLC - car repair,Bansal PLC - car repair,35468.33,28,4965.56,4965.56,0.0,Bansal PLC,23EBJCS0040D7ZP,receipt,Motor Vehicle Expenses,motor_vehicle,Blocked,"Sec 17(5)(a) blocks ITC on motor vehicles for transport of persons (seating <=13) and related services, unless used for further supply, passenger transport, or driving training.",synthetic
TXN002365,2024-05-11,"KALE, MANDAL AND GULATI - BUILDING REPAIR WORKS CONTRACT","Kale, Mandal and Gulati - building repair works contract",866837.73,18,78015.4,78015.4,0.0,"Kale, Mandal and Gulati",29OOAIC0984V3ZU,receipt,Works Contract/Construction of Immovable Property,works_contract,Blocked,"Sec 17(5)(c)/(d) blocks ITC on works contract services and goods/services for construction of immovable property (other than plant & machinery), even when used for business.",synthetic
TXN001372,2024-02-04,Sachar Ltd - car servicing,Sachar Ltd - car servicing,3276.08,28,458.65,458.65,0.0,Sachar Ltd,27SEHSE9583O1ZO,invoice,Motor Vehicle Expenses,motor_vehicle,Blocked,"Sec 17(5)(a) blocks ITC on motor vehicles for transport of persons (seating <=13) and related services, unless used for further supply, passenger transport, or driving training.",synthetic
TXN002462,2026-01-29,"Kibe, Jaggi and Menon - Sales inv","Kibe, Jaggi and Menon - Sales Invoice",131356.3,18,0.0,0.0,23644.13,"Kibe, Jaggi and Menon",24SWDKP5374F2Z4,receipt,Sales/Outward Supply,sales_revenue,Not Applicable,,synthetic
TXN001537,2025-08-23,Catering payment - Patel-Parsa,Catering payment - Patel-Parsa,16003.24,5,400.08,400.08,0.0,Patel-Parsa,07AMHGX6094D3ZJ,invoice,Food & Beverages/Outdoor Catering,food_catering,Blocked,"Sec 17(5)(b)(i) explicitly blocks ITC on food and beverages and outdoor catering, unless used to make an outward taxable supply of the same category or as part of a composite/mixed supply.",synthetic
TXN000316,2024-08-10,sankar-dhingra - capital asset purchse - industrial sewing machine,Sankar-Dhingra - Capital Asset Purchase - industrial sewing machine,176521.91,18,15886.97,15886.97,0.0,Sankar-Dhingra,,bank_statement_line,Capital Goods,capital_goods,Eligible,,synthetic
TXN001214,2024-01-06,"vehicle car repair - venkatesh, viswanathan and nazareth","Vehicle car repair - Venkatesh, Viswanathan and Nazareth",12785.76,28,0.0,0.0,3580.01,"Venkatesh, Viswanathan and Nazareth",,bank_statement_line,Motor Vehicle Expenses,motor_vehicle,Blocked,"Sec 17(5)(a) blocks ITC on motor vehicles for transport of persons (seating <=13) and related services, unless used for further supply, passenger transport, or driving training.",synthetic
TXN002156,2025-05-21,Vohra-Nayak - employee medical reimbursement,Vohra-Nayak - employee medical reimbursement,73832.9,18,6644.96,6644.96,0.0,Vohra-Nayak,27NOTIM6577G8Z1,receipt,Employee Insurance/Reimbursements,employee_insurance,Blocked,Sec 17(5)(b) blocks ITC on health/life insurance for employees unless it is obligatory for the employer under any law for the time being in force.,synthetic
TXN000200,2024-02-29,"Dara, Barman and Palan - printed labels supply","Dara, Barman and Palan - printed labels supply",63550.1,18,0.0,0.0,11439.02,"Dara, Barman and Palan",29DSZVC9454T7ZW,invoice,Purchase of Goods (Raw Material/Trading Stock),purchase_goods,Eligible,,synthetic
TXN001761,2024-06-19,Venkataraman PLC - Membership Fee,Venkataraman PLC - Membership Fee,20060.71,18,1805.46,1805.46,0.0,Venkataraman PLC,,bank_statement_line,Club/Health/Fitness Memberships,club_membership,Blocked,"Sec 17(5)(b)(ii) blocks ITC on membership of a club, health, or fitness centre.",synthetic
TXN001760,2026-08-28,Shan-Basak  - Membership Fee,Shan-Basak - Membership Fee,20662.33,18,1859.61,1859.61,0.0,Shan-Basak,,bank_statement_line,Club/Health/Fitness Memberships,club_membership,Blocked,"Sec 17(5)(b)(ii) blocks ITC on membership of a club, health, or fitness centre.",synthetic
TXN000743,2025-02-04,"LEASE RENTAL TO DALAL, SRINIVAS AND KIBE FOR GODOWN","Lease rental to Dalal, Srinivas and Kibe for godown",61505.66,18,5535.51,5535.51,0.0,"Dalal, Srinivas and Kibe",09FNXTH5512T5ZV,invoice,Rent/Lease of Business Premises,rent,Eligible,,synthetic
TXN001624,2024-02-10,wellness center package - Desai-Krishna,wellness center package - Desai-Krishna,38526.54,18,0.0,0.0,6934.78,Desai-Krishna,36RGJRC3050T9ZQ,invoice,Club/Health/Fitness Memberships,club_membership,Blocked,"Sec 17(5)(b)(ii) blocks ITC on membership of a club, health, or fitness centre.",synthetic
TXN000480,2026-05-06,Professional fees to Chaudhuri-Tripathi for legal consultation,Professional fees to Chaudhuri-Tripathi for legal consultation,32369.25,18,2913.24,2913.24,0.0,Chaudhuri-Tripathi,23PGRSR1529U6ZP,receipt,Input Services (Professional/Consulting/IT),input_services,Eligible,,synthetic
TXN001722,2025-10-03,"Bains,  Baral and Kota - Membership Fee","Bains, Baral and Kota - Membership Fee",38218.82,18,0.0,0.0,6879.39,"Bains, Baral and Kota",,bank_statement_line,Club/Health/Fitness Memberships,club_membership,Blocked,"Sec 17(5)(b)(ii) blocks ITC on membership of a club, health, or fitness centre.",synthetic
TXN001530,2025-11-11,Sama Group - office tea/coffee supplies,Sama Group - office tea/coffee supplies,19386.31,5,0.0,0.0,969.32,Sama Group,24GDAKP0772U1ZG,invoice,Food & Beverages/Outdoor Catering,food_catering,Blocked,"Sec 17(5)(b)(i) explicitly blocks ITC on food and beverages and outdoor catering, unless used to make an outward taxable supply of the same category or as part of a composite/mixed supply.",synthetic
TXN001455,2024-01-23,"Amble, Prashad and Jha - staff lunch catering","Amble, Prashad and Jha - staff lunch catering",16032.69,5,0.0,0.0,801.63,"Amble, Prashad and Jha",,bank_statement_line,Food & Beverages/Outdoor Catering,food_catering,Blocked,"Sec 17(5)(b)(i) explicitly blocks ITC on food and beverages and outdoor catering, unless used to make an outward taxable supply of the same category or as part of a composite/mixed supply.",synthetic
TXN002541,2025-02-19,Payment received from Sabharwal-Bumb for retail sale,Payment received from Sabharwal-Bumb for retail sale,221950.81,18,0.0,0.0,39951.15,Sabharwal-Bumb,36SREOA2565Z6ZK,invoice,Sales/Outward Supply,sales_revenue,Not Applicable,,synthetic
TXN001929,2024-12-18,"employee staff outing travel booking booking - singh, narula and sama","Employee staff outing travel booking booking - Singh, Narula and Sama",61304.41,5,0.0,0.0,3065.22,"Singh, Narula and Sama",29HMJGB1754N4ZQ,receipt,Employee Travel Benefits,employee_travel,Blocked,"Sec 17(5)(b)(iii) blocks ITC on travel benefits extended to employees (e.g. leave/home travel concession), unless obligatory under law.",synthetic
TXN000101,2024-04-17,D’Alia-Chhabra - steel sheets supply,D’Alia-Chhabra - steel sheets supply,52281.35,18,4705.32,4705.32,0.0,D’Alia-Chhabra,23FVHOH1720Q4ZO,receipt,Purchase of Goods (Raw Material/Trading Stock),purchase_goods,Eligible,,synthetic
TXN002375,2026-06-15,Construction pymt - Keer-Sinha for warehouse construction contract,Construction payment - Keer-Sinha for warehouse construction contract,491310.08,18,0.0,0.0,88435.81,Keer-Sinha,09UIHJH2777X8ZH,invoice,Works Contract/Construction of Immovable Property,works_contract,Blocked,"Sec 17(5)(c)/(d) blocks ITC on works contract services and goods/services for construction of immovable property (other than plant & machinery), even when used for business.",synthetic
TXN001777,2026-12-28,"Rajagopalan, Vaidya and Dutta - Membership Fee","Rajagopalan, Vaidya and Dutta - Membership Fee",31727.89,18,2855.51,2855.51,0.0,"Rajagopalan, Vaidya and Dutta",32DBYOV0806N1Z4,receipt,Club/Health/Fitness Memberships,club_membership,Blocked,"Sec 17(5)(b)(ii) blocks ITC on membership of a club, health, or fitness centre.",synthetic
TXN002517,2025-03-01,Payment received from Saini-Ratti for bulk order,Payment received from Saini-Ratti for bulk order,87321.14,18,7858.9,7858.9,0.0,Saini-Ratti,,bank_statement_line,Sales/Outward Supply,sales_revenue,Not Applicable,,synthetic
TXN002282,2024-03-19,Construction  pmt - Borra-Wason for shop renovation works,Construction payment - Borra-Wason for shop renovation works,538345.2,18,48451.07,48451.07,0.0,Borra-Wason,,bank_statement_line,Works Contract/Construction of Immovable Property,works_contract,Blocked,"Sec 17(5)(c)/(d) blocks ITC on works contract services and goods/services for construction of immovable property (other than plant & machinery), even when used for business.",synthetic
TXN001651,2024-08-28,Venkataraman Inc - Membership Fee,Venkataraman Inc - Membership Fee,30455.58,18,0.0,0.0,5482.0,Venkataraman Inc,09HMAOI0172H9ZB,invoice,Club/Health/Fitness Memberships,club_membership,Blocked,"Sec 17(5)(b)(ii) blocks ITC on membership of a club, health, or fitness centre.",synthetic
TXN002312,2025-12-04,"Construction  pmt - Misra, Bhatt and Ray for flooring and fixtures work","Construction payment - Misra, Bhatt and Ray for flooring and fixtures work",326681.98,18,29401.38,29401.38,0.0,"Misra, Bhatt and Ray",23RGCKE3537R9Z5,receipt,Works Contract/Construction of Immovable Property,works_contract,Blocked,"Sec 17(5)(c)/(d) blocks ITC on works contract services and goods/services for construction of immovable property (other than plant & machinery), even when used for business.",synthetic
TXN001565,2024-05-22,Office  staff lunch catering order - Zachariah-Magar,Office staff lunch catering order - Zachariah-Magar,18634.22,5,465.86,465.86,0.0,Zachariah-Magar,23HNMHO7685Q5Z7,receipt,Food & Beverages/Outdoor Catering,food_catering,Blocked,"Sec 17(5)(b)(i) explicitly blocks ITC on food and beverages and outdoor catering, unless used to make an outward taxable supply of the same category or as part of a composite/mixed supply.",synthetic
TXN002623,2026-03-07,government license fee payment,government license fee payment,50159.02,exempt,0.0,0.0,0.0,Ghose Group,,bank_statement_line,Exempt/Non-GST Expense,exempt_non_gst,Not Applicable,,synthetic
TXN002597,2026-10-19,"rajan, contractor and luthra - sales invoice","Rajan, Contractor and Luthra - Sales Invoice",8693.35,18,782.4,782.4,0.0,"Rajan, Contractor and Luthra",19QJELK2400D2ZS,receipt,Sales/Outward Supply,sales_revenue,Not Applicable,,synthetic
TXN001894,2025-07-07,Employee home travel concession booking booking - Ramakrishnan-Sekhon,Employee home travel concession booking booking - Ramakrishnan-Sekhon,14788.11,5,0.0,0.0,739.41,Ramakrishnan-Sekhon,07TJFGD7181V6ZT,receipt,Employee Travel Benefits,employee_travel,Blocked,"Sec 17(5)(b)(iii) blocks ITC on travel benefits extended to employees (e.g. leave/home travel concession), unless obligatory under law.",synthetic
TXN000868,2025-11-08,Gera-Mishra - electricity bill payment,Gera-Mishra - electricity bill payment,2511.79,18,226.06,226.06,0.0,Gera-Mishra,32YONRG6578F3ZC,receipt,Utilities (Business Electricity/Internet),utilities,Eligible,,synthetic
TXN000089,2024-03-03,"purchse of printed labels from virk, mutti and lal","Purchase of printed labels from Virk, Mutti and Lal",88975.36,18,8007.78,8007.78,0.0,"Virk, Mutti and Lal",32SPVOV0065U4Z0,invoice,Purchase of Goods (Raw Material/Trading Stock),purchase_goods,Eligible,,synthetic
TXN002115,2024-10-01,"STAFF LIFE INSURANCE PREMIUM PREMIUM PAYMENT - NARAIN, SUNDER AND WAGLE","staff life insurance premium premium payment - Narain, Sunder and Wagle",25887.77,18,0.0,0.0,4659.8,"Narain, Sunder and Wagle",24FGNPP7339R1ZK,receipt,Employee Insurance/Reimbursements,employee_insurance,Blocked,Sec 17(5)(b) blocks ITC on health/life insurance for employees unless it is obligatory for the employer under any law for the time being in force.,synthetic
TXN001829,2026-09-26,employee leave travel airfare - Dixit LLC,employee leave travel airfare - Dixit LLC,77494.05,5,0.0,0.0,3874.7,Dixit LLC,27TBBJJ8037G4ZE,invoice,Employee Travel Benefits,employee_travel,Blocked,"Sec 17(5)(b)(iii) blocks ITC on travel benefits extended to employees (e.g. leave/home travel concession), unless obligatory under law.",synthetic
TXN001121,2024-12-01,POS machine rental fee - Ganesh and Sons,POS machine rental fee - Ganesh and Sons,671.49,18,60.44,60.44,0.0,Ganesh and Sons,07HHKTJ1107N5ZW,receipt,Bank Charges/Financial Services,bank_charges,Eligible,,synthetic
TXN000095,2024-11-28,purchse of raw cotton from Toor LLC,Purchase of raw cotton from Toor LLC,134023.19,18,12062.08,12062.08,0.0,Toor LLC,,bank_statement_line,Purchase of Goods (Raw Material/Trading Stock),purchase_goods,Eligible,,synthetic
TXN001227,2026-03-07,"paymnt to Dua, Jha and Andra for car servicing","Payment to Dua, Jha and Andra for car servicing",14305.56,28,2002.78,2002.78,0.0,"Dua, Jha and Andra",23RPNXA6330I6ZI,receipt,Motor Vehicle Expenses,motor_vehicle,Blocked,"Sec 17(5)(a) blocks ITC on motor vehicles for transport of persons (seating <=13) and related services, unless used for further supply, passenger transport, or driving training.",synthetic
TXN001081,2025-02-03,"POS MACHINE RENTAL FEE - BIR, PALLA AND KUNDA","POS machine rental fee - Bir, Palla and Kunda",2823.36,18,254.1,254.1,0.0,"Bir, Palla and Kunda",32FVJQR7507X1ZU,receipt,Bank Charges/Financial Services,bank_charges,Eligible,,synthetic
TXN000926,2024-04-29,water  supply charges - Kara PLC,water supply charges - Kara PLC,2299.69,18,206.97,206.97,0.0,Kara PLC,,bank_statement_line,Utilities (Business Electricity/Internet),utilities,Eligible,,synthetic
TXN002490,2024-12-27,"payment  received from kapur, sur and kuruvilla for finished goods","Payment received from Kapur, Sur and Kuruvilla for finished goods",259696.13,18,23372.65,23372.65,0.0,"Kapur, Sur and Kuruvilla",29USGPH1272S3ZM,invoice,Sales/Outward Supply,sales_revenue,Not Applicable,,synthetic
TXN001503,2025-09-13,Jhaveri-Karnik - office tea/coffee supplies,Jhaveri-Karnik - office tea/coffee supplies,9747.38,5,243.69,243.69,0.0,Jhaveri-Karnik,24VWLMM8613Q8ZD,invoice,Food & Beverages/Outdoor Catering,food_catering,Blocked,"Sec 17(5)(b)(i) explicitly blocks ITC on food and beverages and outdoor catering, unless used to make an outward taxable supply of the same category or as part of a composite/mixed supply.",synthetic
TXN002443,2026-06-06,"pymt received from sengupta, lanka and om for export order","Payment received from Sengupta, Lanka and Om for export order",312447.2,18,28120.25,28120.25,0.0,"Sengupta, Lanka and Om",29ETTME6676U5ZI,invoice,Sales/Outward Supply,sales_revenue,Not Applicable,,synthetic
TXN002534,2024-10-06,pymt received from ahluwalia-setty for export order,Payment received from Ahluwalia-Setty for export order,146277.59,18,13164.99,13164.99,0.0,Ahluwalia-Setty,09MJFUY8269P5ZM,receipt,Sales/Outward Supply,sales_revenue,Not Applicable,,synthetic
TXN000348,2024-08-31,"purch of packing machine - Lala, Raj and Prabhu","Purchase of packing machine - Lala, Raj and Prabhu",196728.06,18,17705.53,17705.53,0.0,"Lala, Raj and Prabhu",29LTCAM4106S1Z4,invoice,Capital Goods,capital_goods,Eligible,,synthetic
TXN001337,2025-07-03,Memon-Kamdar - car repair,Memon-Kamdar - car repair,39299.25,28,0.0,0.0,11003.79,Memon-Kamdar,07ABDUD8887Q5Z6,receipt,Motor Vehicle Expenses,motor_vehicle,Blocked,"Sec 17(5)(a) blocks ITC on motor vehicles for transport of persons (seating <=13) and related services, unless used for further supply, passenger transport, or driving training.",synthetic
TXN000755,2026-10-03,MONTHLY RENT - KORPAL-TATA,Monthly rent - Korpal-Tata,25085.7,18,0.0,0.0,4515.43,Korpal-Tata,29GYKJK6332N8ZC,invoice,Rent/Lease of Business Premises,rent,Eligible,,synthetic
TXN002572,2025-12-16,Sale invoice to Chakrabarti-Gandhi,Sale invoice to Chakrabarti-Gandhi,53322.35,18,0.0,0.0,9598.02,Chakrabarti-Gandhi,,bank_statement_line,Sales/Outward Supply,sales_revenue,Not Applicable,,synthetic
TXN001525,2024-06-19,Office  office tea/coffee supplies order - Deep PLC,Office office tea/coffee supplies order - Deep PLC,16877.89,5,0.0,0.0,843.89,Deep PLC,,bank_statement_line,Food & Beverages/Outdoor Catering,food_catering,Blocked,"Sec 17(5)(b)(i) explicitly blocks ITC on food and beverages and outdoor catering, unless used to make an outward taxable supply of the same category or as part of a composite/mixed supply.",synthetic
TXN000779,2025-08-13,monthly  rent - andra ltd,Monthly rent - Andra Ltd,68225.22,18,0.0,0.0,12280.54,Andra Ltd,,bank_statement_line,Rent/Lease of Business Premises,rent,Eligible,,synthetic
TXN001159,2024-11-21,loan processing fee fee - Chana-Mane,loan processing fee fee - Chana-Mane,900.91,18,0.0,0.0,162.16,Chana-Mane,09MRUJY8633Z7ZK,receipt,Bank Charges/Financial Services,bank_charges,Eligible,,synthetic
TXN000023,2024-06-22,Madan-Kanda - raw plastic pellets supply,Madan-Kanda - raw plastic pellets supply,71241.33,18,0.0,0.0,12823.44,Madan-Kanda,,bank_statement_line,Purchase of Goods (Raw Material/Trading Stock),purchase_goods,Eligible,,synthetic
TXN000174,2024-06-28,Pandey  LLC - steel sheets supply,Pandey LLC - steel sheets supply,49998.64,18,0.0,0.0,8999.76,Pandey LLC,36SSGHG0581L1Z1,receipt,Purchase of Goods (Raw Material/Trading Stock),purchase_goods,Eligible,,synthetic
TXN002124,2025-03-13,employee medical reimbursement premium payment - Dada Inc,employee medical reimbursement premium payment - Dada Inc,72708.73,18,0.0,0.0,13087.57,Dada Inc,32DZCOT1936C5Z3,receipt,Employee Insurance/Reimbursements,employee_insurance,Blocked,Sec 17(5)(b) blocks ITC on health/life insurance for employees unless it is obligatory for the employer under any law for the time being in force.,synthetic
TXN000147,2024-07-28,Payment  to Varma-Nayak for printed labels,Payment to Varma-Nayak for printed labels,14729.96,18,1325.69,1325.69,0.0,Varma-Nayak,33PNLAI1864H7ZF,invoice,Purchase of Goods (Raw Material/Trading Stock),purchase_goods,Eligible,,synthetic
TXN000828,2024-11-18,comar-iyengar - telephone/mobile plan bill payment,Comar-Iyengar - telephone/mobile plan bill payment,12722.16,18,1144.99,1144.99,0.0,Comar-Iyengar,33FDCFV2556S6Z2,invoice,Utilities (Business Electricity/Internet),utilities,Eligible,,synthetic
TXN002566,2026-01-03,Sale invc to Deo-Devi,Sale invoice to Deo-Devi,298286.18,18,26845.76,26845.76,0.0,Deo-Devi,,bank_statement_line,Sales/Outward Supply,sales_revenue,Not Applicable,,synthetic
TXN002714,2026-02-09,municipal tax paymnt payment,municipal tax payment payment,11686.8,exempt,0.0,0.0,0.0,Pradhan-Garg,,bank_statement_line,Exempt/Non-GST Expense,exempt_non_gst,Not Applicable,,synthetic
TXN002778,2024-01-03,KAUL LLC - EMPLOYEE PF CONTRIBUTION,Kaul LLC - employee PF contribution,58853.09,exempt,0.0,0.0,0.0,Kaul LLC,,bank_statement_line,Exempt/Non-GST Expense,exempt_non_gst,Not Applicable,,synthetic
TXN001821,2024-01-16,"employee  leave travel airfare - Balakrishnan, Gill and Hari","employee leave travel airfare - Balakrishnan, Gill and Hari",61501.12,5,1537.53,1537.53,0.0,"Balakrishnan, Gill and Hari",24IKYXR4871X6ZH,receipt,Employee Travel Benefits,employee_travel,Blocked,"Sec 17(5)(b)(iii) blocks ITC on travel benefits extended to employees (e.g. leave/home travel concession), unless obligatory under law.",synthetic
TXN000323,2025-05-13,"Andra, Shroff and Mani - Capital Asset Purchase - office desktop computers","Andra, Shroff and Mani - Capital Asset Purchase - office desktop computers",781165.55,18,70304.9,70304.9,0.0,"Andra, Shroff and Mani",24VUTPI1146R3Z2,invoice,Capital Goods,capital_goods,Eligible,,synthetic
TXN001803,2025-01-13,employee leave travel airfare - Narayan-Vyas,employee leave travel airfare - Narayan-Vyas,8105.75,5,202.65,202.65,0.0,Narayan-Vyas,33BKBPE6225H8ZC,invoice,Employee Travel Benefits,employee_travel,Blocked,"Sec 17(5)(b)(iii) blocks ITC on travel benefits extended to employees (e.g. leave/home travel concession), unless obligatory under law.",synthetic
TXN001056,2025-01-01,"Dhar, Guha and Tailor - Bank chrgs","Dhar, Guha and Tailor - Bank Charges",874.99,18,78.75,78.75,0.0,"Dhar, Guha and Tailor",27IEVZE1432T1ZB,receipt,Bank Charges/Financial Services,bank_charges,Eligible,,synthetic
TXN002065,2024-01-04,employee group health insurance premium payment - Sahota-Garg,employee group health insurance premium payment - Sahota-Garg,53843.67,18,4845.93,4845.93,0.0,Sahota-Garg,19BTNIP9918L2ZG,receipt,Employee Insurance/Reimbursements,employee_insurance,Blocked,Sec 17(5)(b) blocks ITC on health/life insurance for employees unless it is obligatory for the employer under any law for the time being in force.,synthetic
TXN000060,2026-07-27,Purchase  of raw cotton from Narayanan Inc,Purchase of raw cotton from Narayanan Inc,40172.44,18,3615.52,3615.52,0.0,Narayanan Inc,36CBLJP4267V9ZT,receipt,Purchase of Goods (Raw Material/Trading Stock),purchase_goods,Eligible,,synthetic
TXN000816,2026-05-10,electricity charges - Sule-Bose,electricity charges - Sule-Bose,12706.68,18,1143.6,1143.6,0.0,Sule-Bose,27LPKVH1945I4ZH,invoice,Utilities (Business Electricity/Internet),utilities,Eligible,,synthetic
TXN000308,2025-06-17,"buch, narasimhan and walla - capital asset purchase - packing machine","Buch, Narasimhan and Walla - Capital Asset Purchase - packing machine",642516.63,18,57826.5,57826.5,0.0,"Buch, Narasimhan and Walla",24NALXO3392F1ZT,invoice,Capital Goods,capital_goods,Eligible,,synthetic
TXN000669,2026-10-06,monthly rent - hans-chowdhury,Monthly rent - Hans-Chowdhury,18341.77,18,1650.76,1650.76,0.0,Hans-Chowdhury,36LWVAM8235T2Z4,receipt,Rent/Lease of Business Premises,rent,Eligible,,synthetic
TXN001907,2025-12-31,Employee staff outing travel booking booking - Parsa-Sahni,Employee staff outing travel booking booking - Parsa-Sahni,8299.97,5,207.5,207.5,0.0,Parsa-Sahni,36CDAAD8171P5ZV,invoice,Employee Travel Benefits,employee_travel,Blocked,"Sec 17(5)(b)(iii) blocks ITC on travel benefits extended to employees (e.g. leave/home travel concession), unless obligatory under law.",synthetic
TXN001319,2024-01-11,"VEHICLE VEHICLE INSURANCE PREMIUM - BHAGAT, ARYA AND KRISHNAMURTHY","Vehicle vehicle insurance premium - Bhagat, Arya and Krishnamurthy",8270.23,28,1157.83,1157.83,0.0,"Bhagat, Arya and Krishnamurthy",27HKOTX3214T4Z4,invoice,Motor Vehicle Expenses,motor_vehicle,Blocked,"Sec 17(5)(a) blocks ITC on motor vehicles for transport of persons (seating <=13) and related services, unless used for further supply, passenger transport, or driving training.",synthetic
TXN002722,2026-11-04,government license fee payment,government license fee payment,58226.5,exempt,0.0,0.0,0.0,Date-Trivedi,,bank_statement_line,Exempt/Non-GST Expense,exempt_non_gst,Not Applicable,,synthetic
TXN002780,2026-11-12,PILLAY PLC - PROFESSIONAL TAX PAYMNT,Pillay PLC - professional tax payment,32890.4,exempt,0.0,0.0,0.0,Pillay PLC,,bank_statement_line,Exempt/Non-GST Expense,exempt_non_gst,Not Applicable,,synthetic
TXN002664,2025-11-30,Chada Inc - municipal tax payment,Chada Inc - municipal tax payment,34876.08,exempt,0.0,0.0,0.0,Chada Inc,07ERCBQ1701Y8ZL,invoice,Exempt/Non-GST Expense,exempt_non_gst,Not Applicable,,synthetic
TXN002088,2025-11-07,johal-buch - employee medical reimbursement,Johal-Buch - employee medical reimbursement,42798.86,18,3851.89,3851.89,0.0,Johal-Buch,27SIULZ4551X9Z6,invoice,Employee Insurance/Reimbursements,employee_insurance,Blocked,Sec 17(5)(b) blocks ITC on health/life insurance for employees unless it is obligatory for the employer under any law for the time being in force.,synthetic
TXN002704,2024-12-23,EMPLOYEE  PF CONTRIBUTION PMT,employee PF contribution payment,47157.41,exempt,0.0,0.0,0.0,Parsa Inc,,bank_statement_line,Exempt/Non-GST Expense,exempt_non_gst,Not Applicable,,synthetic
TXN002146,2024-01-25,staff life insurance premium premium payment - Vaidya-Bhalla,staff life insurance premium premium payment - Vaidya-Bhalla,5479.49,18,493.15,493.15,0.0,Vaidya-Bhalla,,bank_statement_line,Employee Insurance/Reimbursements,employee_insurance,Blocked,Sec 17(5)(b) blocks ITC on health/life insurance for employees unless it is obligatory for the employer under any law for the time being in force.,synthetic
TXN001799,2026-01-14,Naidu-Pillay - Membership Fee,Naidu-Pillay - Membership Fee,47211.86,18,0.0,0.0,8498.13,Naidu-Pillay,07HMYVB2357L6ZV,invoice,Club/Health/Fitness Memberships,club_membership,Blocked,"Sec 17(5)(b)(ii) blocks ITC on membership of a club, health, or fitness centre.",synthetic
TXN000942,2025-06-03,Kothari PLC - electricity bill pmt,Kothari PLC - electricity bill payment,2017.48,18,0.0,0.0,363.15,Kothari PLC,,bank_statement_line,Utilities (Business Electricity/Internet),utilities,Eligible,,synthetic
TXN001452,2024-06-17,Catering pmt - Rege-Kurian,Catering payment - Rege-Kurian,16044.36,5,401.11,401.11,0.0,Rege-Kurian,29UTEPD9853B7ZT,receipt,Food & Beverages/Outdoor Catering,food_catering,Blocked,"Sec 17(5)(b)(i) explicitly blocks ITC on food and beverages and outdoor catering, unless used to make an outward taxable supply of the same category or as part of a composite/mixed supply.",synthetic
TXN001427,2026-06-09,Office festival sweets order order - Bassi and Sons,Office festival sweets order order - Bassi and Sons,6650.69,5,166.26,166.26,0.0,Bassi and Sons,36SKACM2571J4ZX,invoice,Food & Beverages/Outdoor Catering,food_catering,Blocked,"Sec 17(5)(b)(i) explicitly blocks ITC on food and beverages and outdoor catering, unless used to make an outward taxable supply of the same category or as part of a composite/mixed supply.",synthetic
TXN002142,2026-06-14,"employee group health insurance premium payment - kapadia, mall and hayre","employee group health insurance premium payment - Kapadia, Mall and Hayre",80260.21,18,0.0,0.0,14446.84,"Kapadia, Mall and Hayre",09RXIPE6315R8ZB,receipt,Employee Insurance/Reimbursements,employee_insurance,Blocked,Sec 17(5)(b) blocks ITC on health/life insurance for employees unless it is obligatory for the employer under any law for the time being in force.,synthetic
TXN002731,2024-01-02,municipal tax payment pymt,municipal tax payment payment,10552.77,exempt,0.0,0.0,0.0,Jain Group,36PTKJM3666Z4Z9,invoice,Exempt/Non-GST Expense,exempt_non_gst,Not Applicable,,synthetic
TXN000193,2024-12-08,Payment to Contractor-Kamdar for raw cotton,Payment to Contractor-Kamdar for raw cotton,19775.15,18,1779.77,1779.77,0.0,Contractor-Kamdar,,bank_statement_line,Purchase of Goods (Raw Material/Trading Stock),purchase_goods,Eligible,,synthetic
TXN002266,2024-11-05,"om, rai and chatterjee - building repair works contract","Om, Rai and Chatterjee - building repair works contract",714108.02,18,64269.72,64269.72,0.0,"Om, Rai and Chatterjee",19ICIGB1969U7ZD,invoice,Works Contract/Construction of Immovable Property,works_contract,Blocked,"Sec 17(5)(c)/(d) blocks ITC on works contract services and goods/services for construction of immovable property (other than plant & machinery), even when used for business.",synthetic
TXN001637,2026-07-02,Rout-Nagy - Membership Fee,Rout-Nagy - Membership Fee,6977.3,18,0.0,0.0,1255.91,Rout-Nagy,23ZWCLL4583E3Z1,receipt,Club/Health/Fitness Memberships,club_membership,Blocked,"Sec 17(5)(b)(ii) blocks ITC on membership of a club, health, or fitness centre.",synthetic
TXN001325,2026-04-13,Sangha  LLC - car servicing,Sangha LLC - car servicing,35164.51,28,4923.03,4923.03,0.0,Sangha LLC,,bank_statement_line,Motor Vehicle Expenses,motor_vehicle,Blocked,"Sec 17(5)(a) blocks ITC on motor vehicles for transport of persons (seating <=13) and related services, unless used for further supply, passenger transport, or driving training.",synthetic
TXN000608,2026-03-16,Monthly  rent - Talwar-Singhal,Monthly rent - Talwar-Singhal,81908.55,18,7371.77,7371.77,0.0,Talwar-Singhal,23WIXBN4635D4Z9,invoice,Rent/Lease of Business Premises,rent,Eligible,,synthetic
TXN000145,2024-04-09,kala-vaidya - adhesive tape rolls supply,Kala-Vaidya - adhesive tape rolls supply,110042.24,18,0.0,0.0,19807.6,Kala-Vaidya,24WUKZV4325E8ZV,receipt,Purchase of Goods (Raw Material/Trading Stock),purchase_goods,Eligible,,synthetic
TXN001807,2025-07-25,"Employee employee leave travel airfare booking - Mani, Sane and Nadig","Employee employee leave travel airfare booking - Mani, Sane and Nadig",36777.41,5,919.43,919.43,0.0,"Mani, Sane and Nadig",09VFUQI0384U3ZM,receipt,Employee Travel Benefits,employee_travel,Blocked,"Sec 17(5)(b)(iii) blocks ITC on travel benefits extended to employees (e.g. leave/home travel concession), unless obligatory under law.",synthetic
TXN001161,2024-12-14,loan processing fee fee - Kala and Sons,loan processing fee fee - Kala and Sons,1297.16,18,116.75,116.75,0.0,Kala and Sons,29WEEXC5100W7ZZ,invoice,Bank Charges/Financial Services,bank_charges,Eligible,,synthetic
TXN002104,2024-09-01,chahal-buch - employee medical reimbursement,Chahal-Buch - employee medical reimbursement,13399.48,18,1205.95,1205.95,0.0,Chahal-Buch,33PLQNB8692O5Z9,invoice,Employee Insurance/Reimbursements,employee_insurance,Blocked,Sec 17(5)(b) blocks ITC on health/life insurance for employees unless it is obligatory for the employer under any law for the time being in force.,synthetic
TXN000248,2025-12-04,generator set installation inv from Bumb-Dugar,generator set installation invoice from Bumb-Dugar,418146.73,18,0.0,0.0,75266.41,Bumb-Dugar,29JHQDE8365C2ZK,receipt,Capital Goods,capital_goods,Eligible,,synthetic
TXN000992,2026-04-02,pillay-tak - broadband internet bill pymt,Pillay-Tak - broadband internet bill payment,1624.45,18,0.0,0.0,292.4,Pillay-Tak,36MAZGW7366P6Z3,receipt,Utilities (Business Electricity/Internet),utilities,Eligible,,synthetic
TXN002798,2025-12-13,EMPLOYEE PF CONTRIBUTION PYMT,employee PF contribution payment,51661.63,exempt,0.0,0.0,0.0,"Goswami, Chandran and Ramaswamy",,bank_statement_line,Exempt/Non-GST Expense,exempt_non_gst,Not Applicable,,synthetic
TXN002307,2024-06-03,"bansal, jaggi and dutta - flooring and fixtures work","Bansal, Jaggi and Dutta - flooring and fixtures work",774303.78,18,69687.34,69687.34,0.0,"Bansal, Jaggi and Dutta",23GJQAS1488U1Z1,invoice,Works Contract/Construction of Immovable Property,works_contract,Blocked,"Sec 17(5)(c)/(d) blocks ITC on works contract services and goods/services for construction of immovable property (other than plant & machinery), even when used for business.",synthetic
TXN000351,2026-09-01,Bhatnagar Ltd - Capital Asset Purchase - industrial sewing machine,Bhatnagar Ltd - Capital Asset Purchase - industrial sewing machine,244851.58,18,0.0,0.0,44073.28,Bhatnagar Ltd,24MKLTR8249N4ZE,invoice,Capital Goods,capital_goods,Eligible,,synthetic
TXN000003,2024-05-22,"Payment to Chaudry, Chahal and Sami for packaging material","Payment to Chaudry, Chahal and Sami for packaging material",92968.7,18,0.0,0.0,16734.37,"Chaudry, Chahal and Sami",,bank_statement_line,Purchase of Goods (Raw Material/Trading Stock),purchase_goods,Eligible,,synthetic
TXN001401,2025-10-03,OFFICE STAFF LUNCH CATERING ORDER - RANGANATHAN LLC,Office staff lunch catering order - Ranganathan LLC,15626.88,5,390.67,390.67,0.0,Ranganathan LLC,29JHFPZ7292A5ZY,invoice,Food & Beverages/Outdoor Catering,food_catering,Blocked,"Sec 17(5)(b)(i) explicitly blocks ITC on food and beverages and outdoor catering, unless used to make an outward taxable supply of the same category or as part of a composite/mixed supply.",synthetic
TXN002693,2025-01-16,professional tax pmt payment,professional tax payment payment,44530.94,exempt,0.0,0.0,0.0,"Mistry, Sahota and Narasimhan",19VEDZZ9025G5ZG,receipt,Exempt/Non-GST Expense,exempt_non_gst,Not Applicable,,synthetic
TXN000277,2024-03-01,"Purchase  of CNC lathe - Shere, Sachdev and Bhagat","Purchase of CNC lathe - Shere, Sachdev and Bhagat",212965.87,18,19166.93,19166.93,0.0,"Shere, Sachdev and Bhagat",23KEJJQ2958U5ZY,receipt,Capital Goods,capital_goods,Eligible,,synthetic
TXN001127,2026-08-23,Nanda-Majumdar - Bank Charges,Nanda-Majumdar - Bank Charges,1676.85,18,150.91,150.91,0.0,Nanda-Majumdar,29CYIIE1415O9ZA,invoice,Bank Charges/Financial Services,bank_charges,Eligible,,synthetic
TXN001889,2025-05-15,EMPLOYEE EMPLOYEE LEAVE TRAVEL AIRFARE BOOKING - CHOPRA LTD,Employee employee leave travel airfare booking - Chopra Ltd,44791.89,5,1119.8,1119.8,0.0,Chopra Ltd,27ZNMAG3766H1Z3,invoice,Employee Travel Benefits,employee_travel,Blocked,"Sec 17(5)(b)(iii) blocks ITC on travel benefits extended to employees (e.g. leave/home travel concession), unless obligatory under law.",synthetic
TXN001491,2025-10-22,Catering pymt - Nori Group,Catering payment - Nori Group,3491.69,5,87.29,87.29,0.0,Nori Group,,bank_statement_line,Food & Beverages/Outdoor Catering,food_catering,Blocked,"Sec 17(5)(b)(i) explicitly blocks ITC on food and beverages and outdoor catering, unless used to make an outward taxable supply of the same category or as part of a composite/mixed supply.",synthetic
TXN001593,2025-11-06,"Office client meeting refreshments order - Sarma, Anand and Kaul","Office client meeting refreshments order - Sarma, Anand and Kaul",10411.34,5,260.29,260.29,0.0,"Sarma, Anand and Kaul",29DAVRZ4570X4ZH,receipt,Food & Beverages/Outdoor Catering,food_catering,Blocked,"Sec 17(5)(b)(i) explicitly blocks ITC on food and beverages and outdoor catering, unless used to make an outward taxable supply of the same category or as part of a composite/mixed supply.",synthetic
TXN000272,2026-06-21,Sabharwal-Tandon - Capital Asset purch - CNC lathe,Sabharwal-Tandon - Capital Asset Purchase - CNC lathe,660835.56,18,0.0,0.0,118950.4,Sabharwal-Tandon,,bank_statement_line,Capital Goods,capital_goods,Eligible,,synthetic
TXN002429,2025-04-08,"SALE INVOICE TO VOHRA, CHACKO AND MANNAN","Sale invoice to Vohra, Chacko and Mannan",228629.85,18,20576.69,20576.69,0.0,"Vohra, Chacko and Mannan",33MNZCV4878X4ZP,receipt,Sales/Outward Supply,sales_revenue,Not Applicable,,synthetic
TXN002048,2026-10-07,"employee medical reimbursement premium pmt - Ben, Yogi and Goda","employee medical reimbursement premium payment - Ben, Yogi and Goda",3428.24,18,308.54,308.54,0.0,"Ben, Yogi and Goda",36CIFVC8504O7Z2,receipt,Employee Insurance/Reimbursements,employee_insurance,Blocked,Sec 17(5)(b) blocks ITC on health/life insurance for employees unless it is obligatory for the employer under any law for the time being in force.,synthetic
TXN001906,2024-03-23,EMPLOYEE STAFF OUTING TRAVEL BOOKING BOOKING - GUHA PLC,Employee staff outing travel booking booking - Guha PLC,68300.51,5,0.0,0.0,3415.03,Guha PLC,27EPFWX4148W1ZR,receipt,Employee Travel Benefits,employee_travel,Blocked,"Sec 17(5)(b)(iii) blocks ITC on travel benefits extended to employees (e.g. leave/home travel concession), unless obligatory under law.",synthetic
TXN001808,2025-07-03,home travel concession booking - Vora-Pandya,home travel concession booking - Vora-Pandya,2866.52,5,71.67,71.67,0.0,Vora-Pandya,,bank_statement_line,Employee Travel Benefits,employee_travel,Blocked,"Sec 17(5)(b)(iii) blocks ITC on travel benefits extended to employees (e.g. leave/home travel concession), unless obligatory under law.",synthetic
TXN000010,2026-09-21,Payment to Kale LLC for printed labels,Payment to Kale LLC for printed labels,67997.18,18,6119.74,6119.74,0.0,Kale LLC,24AOPAS0003Q4ZR,invoice,Purchase of Goods (Raw Material/Trading Stock),purchase_goods,Eligible,,synthetic
TXN002680,2025-06-14,employee PF contribution payment,employee PF contribution payment,40696.39,exempt,0.0,0.0,0.0,Kibe and Sons,32AXWQM1073C3ZB,receipt,Exempt/Non-GST Expense,exempt_non_gst,Not Applicable,,synthetic
TXN001823,2024-08-09,Employee home travel concession booking booking - Banik-Deshpande,Employee home travel concession booking booking - Banik-Deshpande,20045.02,5,501.12,501.12,0.0,Banik-Deshpande,19NTSZW4404J4ZJ,receipt,Employee Travel Benefits,employee_travel,Blocked,"Sec 17(5)(b)(iii) blocks ITC on travel benefits extended to employees (e.g. leave/home travel concession), unless obligatory under law.",synthetic
TXN001053,2025-12-21,GHOSE-GODA - BANK CHARGES,Ghose-Goda - Bank Charges,2402.14,18,0.0,0.0,432.39,Ghose-Goda,09PZBLQ4555J8ZQ,receipt,Bank Charges/Financial Services,bank_charges,Eligible,,synthetic
TXN001439,2025-09-22,OFFICE FESTIVAL SWEETS ORDER ORDER - CHOPRA INC,Office festival sweets order order - Chopra Inc,14789.88,5,369.75,369.75,0.0,Chopra Inc,,bank_statement_line,Food & Beverages/Outdoor Catering,food_catering,Blocked,"Sec 17(5)(b)(i) explicitly blocks ITC on food and beverages and outdoor catering, unless used to make an outward taxable supply of the same category or as part of a composite/mixed supply.",synthetic
TXN000792,2025-10-04,Kata-Borra  - Shop Rent Payment,Kata-Borra - Shop Rent Payment,22944.98,18,2065.05,2065.05,0.0,Kata-Borra,,bank_statement_line,Rent/Lease of Business Premises,rent,Eligible,,synthetic
TXN001781,2025-02-28,Behl Group - Membership Fee,Behl Group - Membership Fee,27004.03,18,2430.36,2430.36,0.0,Behl Group,,bank_statement_line,Club/Health/Fitness Memberships,club_membership,Blocked,"Sec 17(5)(b)(ii) blocks ITC on membership of a club, health, or fitness centre.",synthetic
TXN001756,2024-12-03,sane group - membership fee,Sane Group - Membership Fee,46540.7,18,0.0,0.0,8377.33,Sane Group,,bank_statement_line,Club/Health/Fitness Memberships,club_membership,Blocked,"Sec 17(5)(b)(ii) blocks ITC on membership of a club, health, or fitness centre.",synthetic
TXN001680,2025-07-08,Apte Ltd - Membership Fee,Apte Ltd - Membership Fee,35375.02,18,0.0,0.0,6367.5,Apte Ltd,33MEAAK9887C8ZN,receipt,Club/Health/Fitness Memberships,club_membership,Blocked,"Sec 17(5)(b)(ii) blocks ITC on membership of a club, health, or fitness centre.",synthetic
TXN002510,2026-07-27,Payment received from Varty-Pathak for retail sale,Payment received from Varty-Pathak for retail sale,385782.64,18,34720.44,34720.44,0.0,Varty-Pathak,,bank_statement_line,Sales/Outward Supply,sales_revenue,Not Applicable,,synthetic
TXN001468,2024-11-16,CATERING PAYMENT - CHAND AND SONS,Catering payment - Chand and Sons,14173.93,5,354.35,354.35,0.0,Chand and Sons,,bank_statement_line,Food & Beverages/Outdoor Catering,food_catering,Blocked,"Sec 17(5)(b)(i) explicitly blocks ITC on food and beverages and outdoor catering, unless used to make an outward taxable supply of the same category or as part of a composite/mixed supply.",synthetic
TXN001350,2026-08-18,vehicle car servicing - chawla-jha,Vehicle car servicing - Chawla-Jha,41000.13,28,0.0,0.0,11480.04,Chawla-Jha,36XYDSA4857F8Z4,invoice,Motor Vehicle Expenses,motor_vehicle,Blocked,"Sec 17(5)(a) blocks ITC on motor vehicles for transport of persons (seating <=13) and related services, unless used for further supply, passenger transport, or driving training.",synthetic
TXN001548,2025-05-10,Nadig-Manne - office tea/coffee supplies,Nadig-Manne - office tea/coffee supplies,18338.88,5,458.47,458.47,0.0,Nadig-Manne,32YAAJV3372P8Z4,invoice,Food & Beverages/Outdoor Catering,food_catering,Blocked,"Sec 17(5)(b)(i) explicitly blocks ITC on food and beverages and outdoor catering, unless used to make an outward taxable supply of the same category or as part of a composite/mixed supply.",synthetic
TXN002151,2026-12-18,Chahal-Kale - staff life insurance premium,Chahal-Kale - staff life insurance premium,40720.09,18,3664.81,3664.81,0.0,Chahal-Kale,,bank_statement_line,Employee Insurance/Reimbursements,employee_insurance,Blocked,Sec 17(5)(b) blocks ITC on health/life insurance for employees unless it is obligatory for the employer under any law for the time being in force.,synthetic
TXN001252,2024-02-25,Vehicle vehicle insurance premium - Magar-Rajan,Vehicle vehicle insurance premium - Magar-Rajan,32861.29,28,4600.58,4600.58,0.0,Magar-Rajan,,bank_statement_line,Motor Vehicle Expenses,motor_vehicle,Blocked,"Sec 17(5)(a) blocks ITC on motor vehicles for transport of persons (seating <=13) and related services, unless used for further supply, passenger transport, or driving training.",synthetic
TXN000986,2026-05-05,"ben, gola and kapoor - electricity bill payment","Ben, Gola and Kapoor - electricity bill payment",7765.76,18,698.92,698.92,0.0,"Ben, Gola and Kapoor",,bank_statement_line,Utilities (Business Electricity/Internet),utilities,Eligible,,synthetic
TXN001610,2024-08-15,Patel Inc - Membership Fee,Patel Inc - Membership Fee,35353.31,18,0.0,0.0,6363.6,Patel Inc,33AKMBK3975Z8ZZ,invoice,Club/Health/Fitness Memberships,club_membership,Blocked,"Sec 17(5)(b)(ii) blocks ITC on membership of a club, health, or fitness centre.",synthetic
TXN001044,2024-07-03,THAKKAR-NAGY - ACCOUNT MAINTENANCE CHARGE,Thakkar-Nagy - account maintenance charge,4654.3,18,0.0,0.0,837.77,Thakkar-Nagy,29FARBE2292P9ZH,invoice,Bank Charges/Financial Services,bank_charges,Eligible,,synthetic
TXN002208,2026-11-12,"Panchal, Balakrishnan and Chana - building repair works contract","Panchal, Balakrishnan and Chana - building repair works contract",662289.46,18,0.0,0.0,119212.1,"Panchal, Balakrishnan and Chana",19XNDYB4927Z2Z1,invoice,Works Contract/Construction of Immovable Property,works_contract,Blocked,"Sec 17(5)(c)/(d) blocks ITC on works contract services and goods/services for construction of immovable property (other than plant & machinery), even when used for business.",synthetic
TXN002594,2026-11-22,Sale invoice to Dara-Ben,Sale invoice to Dara-Ben,267835.84,18,24105.22,24105.22,0.0,Dara-Ben,33QQLEI1671J6Z5,invoice,Sales/Outward Supply,sales_revenue,Not Applicable,,synthetic
TXN002595,2026-10-25,Sale invc to Khatri PLC,Sale invoice to Khatri PLC,187065.7,18,16835.92,16835.92,0.0,Khatri PLC,33HBADF2330H8Z4,invoice,Sales/Outward Supply,sales_revenue,Not Applicable,,synthetic
TXN001835,2025-12-26,staff outing travel booking - Prabhu Group,staff outing travel booking - Prabhu Group,48792.04,5,1219.8,1219.8,0.0,Prabhu Group,27ZLQZJ6515F3ZC,receipt,Employee Travel Benefits,employee_travel,Blocked,"Sec 17(5)(b)(iii) blocks ITC on travel benefits extended to employees (e.g. leave/home travel concession), unless obligatory under law.",synthetic
TXN000584,2026-04-14,"Nazareth, Barman and Balakrishnan - IT support services invoice","Nazareth, Barman and Balakrishnan - IT support services invoice",49780.25,18,4480.22,4480.22,0.0,"Nazareth, Barman and Balakrishnan",,bank_statement_line,Input Services (Professional/Consulting/IT),input_services,Eligible,,synthetic
TXN000642,2026-01-14,Lease  rental to Koshy LLC for shop premises,Lease rental to Koshy LLC for shop premises,82672.94,18,0.0,0.0,14881.13,Koshy LLC,,bank_statement_line,Rent/Lease of Business Premises,rent,Eligible,,synthetic
TXN002387,2025-09-23,Lall-Lalla - warehouse construction contract,Lall-Lalla - warehouse construction contract,948292.42,18,85346.32,85346.32,0.0,Lall-Lalla,07RQCRB4769I2ZO,invoice,Works Contract/Construction of Immovable Property,works_contract,Blocked,"Sec 17(5)(c)/(d) blocks ITC on works contract services and goods/services for construction of immovable property (other than plant & machinery), even when used for business.",synthetic
TXN000832,2024-01-24,water supply charges - mitter and sons,water supply charges - Mitter and Sons,12649.57,18,1138.46,1138.46,0.0,Mitter and Sons,29NQBSO7312K1ZC,invoice,Utilities (Business Electricity/Internet),utilities,Eligible,,synthetic
TXN000384,2026-06-07,"industrial sewing machine installation invc from Chokshi, Swaminathan and Sawhney","industrial sewing machine installation invoice from Chokshi, Swaminathan and Sawhney",84966.64,18,0.0,0.0,15294.0,"Chokshi, Swaminathan and Sawhney",24PLRQG9811X5ZG,receipt,Capital Goods,capital_goods,Eligible,,synthetic
TXN002700,2026-08-07,staff salary pymt payment,staff salary payment payment,46148.94,exempt,0.0,0.0,0.0,Gour-Ahuja,19QJZLO6019G2ZF,receipt,Exempt/Non-GST Expense,exempt_non_gst,Not Applicable,,synthetic
TXN002472,2025-07-05,"PAYMENT RECEIVED FROM PALAN, SEN AND SARIN FOR BULK ORDER","Payment received from Palan, Sen and Sarin for bulk order",416078.53,18,37447.07,37447.07,0.0,"Palan, Sen and Sarin",33RKITG5735Y9Z5,receipt,Sales/Outward Supply,sales_revenue,Not Applicable,,synthetic
TXN000952,2024-08-30,Bora-Badal - telephone/mobile plan bill payment,Bora-Badal - telephone/mobile plan bill payment,8591.44,18,773.23,773.23,0.0,Bora-Badal,,bank_statement_line,Utilities (Business Electricity/Internet),utilities,Eligible,,synthetic
TXN001732,2026-05-14,wellness center package - Khosla-Dua,wellness center package - Khosla-Dua,42622.37,18,3836.01,3836.01,0.0,Khosla-Dua,32SQOKO9330E1ZN,invoice,Club/Health/Fitness Memberships,club_membership,Blocked,"Sec 17(5)(b)(ii) blocks ITC on membership of a club, health, or fitness centre.",synthetic
TXN000610,2025-07-13,Sankar and Sons - Shop Rent Payment,Sankar and Sons - Shop Rent Payment,88619.12,18,0.0,0.0,15951.44,Sankar and Sons,09JYZFJ1539I9ZA,invoice,Rent/Lease of Business Premises,rent,Eligible,,synthetic
TXN002235,2025-06-22,Construction payment - Iyer-Raval for warehouse construction contract,Construction payment - Iyer-Raval for warehouse construction contract,138091.76,18,0.0,0.0,24856.52,Iyer-Raval,27QMVZA2670R2Z0,invoice,Works Contract/Construction of Immovable Property,works_contract,Blocked,"Sec 17(5)(c)/(d) blocks ITC on works contract services and goods/services for construction of immovable property (other than plant & machinery), even when used for business.",synthetic
TXN001778,2026-08-26,Rai-Bassi - Membership Fee,Rai-Bassi - Membership Fee,48884.15,18,4399.57,4399.57,0.0,Rai-Bassi,23OMNZW0028O6ZR,receipt,Club/Health/Fitness Memberships,club_membership,Blocked,"Sec 17(5)(b)(ii) blocks ITC on membership of a club, health, or fitness centre.",synthetic
TXN000813,2025-09-01,Loyal-Tailor - water supply bill pmt,Loyal-Tailor - water supply bill payment,8857.96,18,797.22,797.22,0.0,Loyal-Tailor,07BITTX0798R5Z9,invoice,Utilities (Business Electricity/Internet),utilities,Eligible,,synthetic
TXN002187,2024-07-12,DUBEY PLC - EMPLOYEE GROUP HEALTH INSURANCE,Dubey PLC - employee group health insurance,88873.69,18,0.0,0.0,15997.26,Dubey PLC,,bank_statement_line,Employee Insurance/Reimbursements,employee_insurance,Blocked,Sec 17(5)(b) blocks ITC on health/life insurance for employees unless it is obligatory for the employer under any law for the time being in force.,synthetic
TXN001921,2024-01-06,employee leave travel airfare - chowdhury-subramaniam,employee leave travel airfare - Chowdhury-Subramaniam,46849.3,5,0.0,0.0,2342.47,Chowdhury-Subramaniam,09TJRND8994A5Z2,invoice,Employee Travel Benefits,employee_travel,Blocked,"Sec 17(5)(b)(iii) blocks ITC on travel benefits extended to employees (e.g. leave/home travel concession), unless obligatory under law.",synthetic
TXN000780,2024-05-17,Lease rental to Butala Group for godown,Lease rental to Butala Group for godown,82311.04,18,7407.99,7407.99,0.0,Butala Group,,bank_statement_line,Rent/Lease of Business Premises,rent,Eligible,,synthetic
TXN000257,2024-09-07,CNC lathe installation invoice from Bora Inc,CNC lathe installation invoice from Bora Inc,510748.12,18,45967.33,45967.33,0.0,Bora Inc,,bank_statement_line,Capital Goods,capital_goods,Eligible,,synthetic
TXN001429,2024-05-27,office office tea/coffee supplies order - din inc,Office office tea/coffee supplies order - Din Inc,18043.78,5,0.0,0.0,902.19,Din Inc,,bank_statement_line,Food & Beverages/Outdoor Catering,food_catering,Blocked,"Sec 17(5)(b)(i) explicitly blocks ITC on food and beverages and outdoor catering, unless used to make an outward taxable supply of the same category or as part of a composite/mixed supply.",synthetic
TXN000034,2025-12-27,Payment to Dutta Ltd for printed labels,Payment to Dutta Ltd for printed labels,123947.32,18,11155.26,11155.26,0.0,Dutta Ltd,07VCWGM6308F8ZN,receipt,Purchase of Goods (Raw Material/Trading Stock),purchase_goods,Eligible,,synthetic
TXN002691,2026-11-13,Soni  Ltd - employee PF contribution,Soni Ltd - employee PF contribution,16509.91,exempt,0.0,0.0,0.0,Soni Ltd,24CHGKU4577F6ZI,receipt,Exempt/Non-GST Expense,exempt_non_gst,Not Applicable,,synthetic
TXN000518,2025-03-11,"Tripathi, Tripathi and Bahri - IT support services invoice","Tripathi, Tripathi and Bahri - IT support services invoice",40479.88,18,3643.19,3643.19,0.0,"Tripathi, Tripathi and Bahri",36XMCTX9713K6Z5,receipt,Input Services (Professional/Consulting/IT),input_services,Eligible,,synthetic
TXN002176,2026-07-06,staff life insurance premium premium payment - Mahajan LLC,staff life insurance premium premium payment - Mahajan LLC,62838.84,18,5655.49,5655.49,0.0,Mahajan LLC,07QCIMY0239C5ZQ,receipt,Employee Insurance/Reimbursements,employee_insurance,Blocked,Sec 17(5)(b) blocks ITC on health/life insurance for employees unless it is obligatory for the employer under any law for the time being in force.,synthetic
TXN001629,2024-04-25,Dyal-Biswas - Membership Fee,Dyal-Biswas - Membership Fee,38650.48,18,3478.55,3478.55,0.0,Dyal-Biswas,,bank_statement_line,Club/Health/Fitness Memberships,club_membership,Blocked,"Sec 17(5)(b)(ii) blocks ITC on membership of a club, health, or fitness centre.",synthetic
TXN000552,2024-09-09,Professional fees to Prabhu-Sawhney for payroll processing,Professional fees to Prabhu-Sawhney for payroll processing,18016.1,18,0.0,0.0,3242.9,Prabhu-Sawhney,33MDZQR3270B4ZS,receipt,Input Services (Professional/Consulting/IT),input_services,Eligible,,synthetic
TXN002348,2026-01-29,Construction pmt - Sridhar-Deol for flooring and fixtures work,Construction payment - Sridhar-Deol for flooring and fixtures work,511092.59,18,45998.33,45998.33,0.0,Sridhar-Deol,,bank_statement_line,Works Contract/Construction of Immovable Property,works_contract,Blocked,"Sec 17(5)(c)/(d) blocks ITC on works contract services and goods/services for construction of immovable property (other than plant & machinery), even when used for business.",synthetic
TXN000389,2024-09-25,"Purchase of office desktop computers - Sani, Chaudhary and Contractor","Purchase of office desktop computers - Sani, Chaudhary and Contractor",478373.79,18,43053.64,43053.64,0.0,"Sani, Chaudhary and Contractor",,bank_statement_line,Capital Goods,capital_goods,Eligible,,synthetic
TXN000043,2026-07-20,"Payment to Issac, Dua and Prakash for raw cotton","Payment to Issac, Dua and Prakash for raw cotton",42084.41,18,0.0,0.0,7575.19,"Issac, Dua and Prakash",23ZMKIC1446M9ZC,receipt,Purchase of Goods (Raw Material/Trading Stock),purchase_goods,Eligible,,synthetic
TXN001300,2026-03-06,Sethi-Deol - car repair,Sethi-Deol - car repair,19258.07,28,0.0,0.0,5392.26,Sethi-Deol,33GDJWB2920T7ZL,receipt,Motor Vehicle Expenses,motor_vehicle,Blocked,"Sec 17(5)(a) blocks ITC on motor vehicles for transport of persons (seating <=13) and related services, unless used for further supply, passenger transport, or driving training.",synthetic
TXN002650,2025-02-15,municipal tax paymnt payment,municipal tax payment payment,23973.19,exempt,0.0,0.0,0.0,"Kapur, Batta and Mall",33OYMAA7164W8ZB,receipt,Exempt/Non-GST Expense,exempt_non_gst,Not Applicable,,synthetic
TXN001852,2024-01-01,"EMPLOYEE STAFF OUTING TRAVEL BOOKING BOOKING - NAGAR, SASTRY AND DALAL","Employee staff outing travel booking booking - Nagar, Sastry and Dalal",34535.41,5,0.0,0.0,1726.77,"Nagar, Sastry and Dalal",32NZBPU1112Y2ZL,invoice,Employee Travel Benefits,employee_travel,Blocked,"Sec 17(5)(b)(iii) blocks ITC on travel benefits extended to employees (e.g. leave/home travel concession), unless obligatory under law.",synthetic
TXN000404,2026-12-04,IT support chgs - Palla PLC,IT support charges - Palla PLC,3703.36,18,333.3,333.3,0.0,Palla PLC,19QWSOU7515G9ZD,receipt,Input Services (Professional/Consulting/IT),input_services,Eligible,,synthetic
TXN000819,2026-12-09,telephone/mobile plan charges - Deshmukh LLC,telephone/mobile plan charges - Deshmukh LLC,9708.25,18,873.74,873.74,0.0,Deshmukh LLC,07WWRMY4241Z1Z3,receipt,Utilities (Business Electricity/Internet),utilities,Eligible,,synthetic
TXN000220,2024-05-29,purchse of industrial sewing machine - Mohan Ltd,Purchase of industrial sewing machine - Mohan Ltd,603671.34,18,0.0,0.0,108660.84,Mohan Ltd,07KQNEF8117B9Z3,receipt,Capital Goods,capital_goods,Eligible,,synthetic
TXN001687,2025-05-08,Ramesh-Divan - Membership Fee,Ramesh-Divan - Membership Fee,43182.98,18,0.0,0.0,7772.94,Ramesh-Divan,,bank_statement_line,Club/Health/Fitness Memberships,club_membership,Blocked,"Sec 17(5)(b)(ii) blocks ITC on membership of a club, health, or fitness centre.",synthetic
TXN002150,2024-08-23,staff life insurance premium premium payment - Panchal-Morar,staff life insurance premium premium payment - Panchal-Morar,39631.97,18,3566.88,3566.88,0.0,Panchal-Morar,,bank_statement_line,Employee Insurance/Reimbursements,employee_insurance,Blocked,Sec 17(5)(b) blocks ITC on health/life insurance for employees unless it is obligatory for the employer under any law for the time being in force.,synthetic
TXN001618,2024-06-11,Chand-Nigam - Membership Fee,Chand-Nigam - Membership Fee,26890.55,18,2420.15,2420.15,0.0,Chand-Nigam,,bank_statement_line,Club/Health/Fitness Memberships,club_membership,Blocked,"Sec 17(5)(b)(ii) blocks ITC on membership of a club, health, or fitness centre.",synthetic
TXN001854,2024-08-26,Employee staff outing travel booking booking - Contractor-Aurora,Employee staff outing travel booking booking - Contractor-Aurora,28190.53,5,704.76,704.76,0.0,Contractor-Aurora,07LJUDI9809W6Z9,invoice,Employee Travel Benefits,employee_travel,Blocked,"Sec 17(5)(b)(iii) blocks ITC on travel benefits extended to employees (e.g. leave/home travel concession), unless obligatory under law.",synthetic
TXN001836,2025-08-01,home travel concession booking - Kalita-Vohra,home travel concession booking - Kalita-Vohra,67044.87,5,0.0,0.0,3352.24,Kalita-Vohra,,bank_statement_line,Employee Travel Benefits,employee_travel,Blocked,"Sec 17(5)(b)(iii) blocks ITC on travel benefits extended to employees (e.g. leave/home travel concession), unless obligatory under law.",synthetic
TXN001510,2026-05-03,Office staff lunch catering order - Vaidya LLC,Office staff lunch catering order - Vaidya LLC,5304.86,5,132.62,132.62,0.0,Vaidya LLC,,bank_statement_line,Food & Beverages/Outdoor Catering,food_catering,Blocked,"Sec 17(5)(b)(i) explicitly blocks ITC on food and beverages and outdoor catering, unless used to make an outward taxable supply of the same category or as part of a composite/mixed supply.",synthetic
TXN001865,2025-10-15,"Employee home travel concession booking booking - Parekh, Muni and Natarajan","Employee home travel concession booking booking - Parekh, Muni and Natarajan",28883.89,5,722.1,722.1,0.0,"Parekh, Muni and Natarajan",19XLVZP2194X4Z9,receipt,Employee Travel Benefits,employee_travel,Blocked,"Sec 17(5)(b)(iii) blocks ITC on travel benefits extended to employees (e.g. leave/home travel concession), unless obligatory under law.",synthetic
TXN002610,2025-11-18,subramaniam llc - government license fee,Subramaniam LLC - government license fee,10486.91,exempt,0.0,0.0,0.0,Subramaniam LLC,32ISZFE3070S7ZH,invoice,Exempt/Non-GST Expense,exempt_non_gst,Not Applicable,,synthetic
TXN001552,2026-04-07,OFFICE OFFICE TEA/COFFEE SUPPLIES ORDER - BAJAJ AND SONS,Office office tea/coffee supplies order - Bajaj and Sons,11414.59,5,285.37,285.37,0.0,Bajaj and Sons,19KKNMF0631E8ZU,receipt,Food & Beverages/Outdoor Catering,food_catering,Blocked,"Sec 17(5)(b)(i) explicitly blocks ITC on food and beverages and outdoor catering, unless used to make an outward taxable supply of the same category or as part of a composite/mixed supply.",synthetic
TXN000319,2026-02-25,Raja PLC - Capital Asset Purchase - packing machine,Raja PLC - Capital Asset Purchase - packing machine,299956.29,18,26996.06,26996.06,0.0,Raja PLC,27QYCNY0476F9ZC,receipt,Capital Goods,capital_goods,Eligible,,synthetic
TXN001959,2025-01-01,"Employee staff outing travel booking booking - Raman, Shenoy and Khurana","Employee staff outing travel booking booking - Raman, Shenoy and Khurana",52011.57,5,1300.29,1300.29,0.0,"Raman, Shenoy and Khurana",09BBDLF1800Z8ZJ,receipt,Employee Travel Benefits,employee_travel,Blocked,"Sec 17(5)(b)(iii) blocks ITC on travel benefits extended to employees (e.g. leave/home travel concession), unless obligatory under law.",synthetic
TXN000576,2025-08-11,"payroll processing charges - Bhakta, Dash and Vasa","payroll processing charges - Bhakta, Dash and Vasa",45391.64,18,0.0,0.0,8170.5,"Bhakta, Dash and Vasa",,bank_statement_line,Input Services (Professional/Consulting/IT),input_services,Eligible,,synthetic
TXN002311,2025-09-27,Construction payment - Chacko LLC for shop renovation works,Construction payment - Chacko LLC for shop renovation works,865885.26,18,0.0,0.0,155859.35,Chacko LLC,07RGQJY4199Z5ZP,invoice,Works Contract/Construction of Immovable Property,works_contract,Blocked,"Sec 17(5)(c)/(d) blocks ITC on works contract services and goods/services for construction of immovable property (other than plant & machinery), even when used for business.",synthetic
TXN000157,2025-04-04,"paymnt to Shetty, Bedi and Krish for raw plastic pellets","Payment to Shetty, Bedi and Krish for raw plastic pellets",134193.13,18,12077.38,12077.38,0.0,"Shetty, Bedi and Krish",07TAWAB3919B9Z0,invoice,Purchase of Goods (Raw Material/Trading Stock),purchase_goods,Eligible,,synthetic
TXN002747,2024-06-09,Dani Inc - government license fee,Dani Inc - government license fee,33441.98,exempt,0.0,0.0,0.0,Dani Inc,33PCVKF8872T9Z2,invoice,Exempt/Non-GST Expense,exempt_non_gst,Not Applicable,,synthetic
TXN001813,2024-10-08,Employee home travel concession booking booking - Dalal-Johal,Employee home travel concession booking booking - Dalal-Johal,4840.84,5,121.02,121.02,0.0,Dalal-Johal,09JWUEB1954O2ZX,receipt,Employee Travel Benefits,employee_travel,Blocked,"Sec 17(5)(b)(iii) blocks ITC on travel benefits extended to employees (e.g. leave/home travel concession), unless obligatory under law.",synthetic
TXN001763,2024-05-27,"Bawa, Gupta and Manne - Membership Fee","Bawa, Gupta and Manne - Membership Fee",46227.01,18,4160.43,4160.43,0.0,"Bawa, Gupta and Manne",07XKOEK4445L9Z1,receipt,Club/Health/Fitness Memberships,club_membership,Blocked,"Sec 17(5)(b)(ii) blocks ITC on membership of a club, health, or fitness centre.",synthetic
TXN001471,2024-04-09,Buch-Barad  - staff lunch catering,Buch-Barad - staff lunch catering,15220.3,5,380.5,380.5,0.0,Buch-Barad,33EHDHO7361M7Z9,receipt,Food & Beverages/Outdoor Catering,food_catering,Blocked,"Sec 17(5)(b)(i) explicitly blocks ITC on food and beverages and outdoor catering, unless used to make an outward taxable supply of the same category or as part of a composite/mixed supply.",synthetic
TXN000591,2025-11-17,legal consultation charges - sagar-sule,legal consultation charges - Sagar-Sule,50839.9,18,4575.59,4575.59,0.0,Sagar-Sule,23GWZTD3077K3Z6,receipt,Input Services (Professional/Consulting/IT),input_services,Eligible,,synthetic
TXN002730,2024-10-06,"Rattan, Bansal and Johal - municipal tax payment","Rattan, Bansal and Johal - municipal tax payment",43484.73,exempt,0.0,0.0,0.0,"Rattan, Bansal and Johal",29WGKTX5395R3ZN,invoice,Exempt/Non-GST Expense,exempt_non_gst,Not Applicable,,synthetic
TXN001917,2026-04-01,Employee home travel concession booking booking - Amble-Tara,Employee home travel concession booking booking - Amble-Tara,73237.75,5,1830.94,1830.94,0.0,Amble-Tara,,bank_statement_line,Employee Travel Benefits,employee_travel,Blocked,"Sec 17(5)(b)(iii) blocks ITC on travel benefits extended to employees (e.g. leave/home travel concession), unless obligatory under law.",synthetic
TXN000603,2026-05-21,tara-morar - shop rent pmt,Tara-Morar - Shop Rent Payment,63083.17,18,0.0,0.0,11354.97,Tara-Morar,07TUOIQ3758X2ZG,receipt,Rent/Lease of Business Premises,rent,Eligible,,synthetic
TXN000794,2024-06-28,Lease rental to Mahajan Group for office unit,Lease rental to Mahajan Group for office unit,15572.54,18,0.0,0.0,2803.06,Mahajan Group,36LXYUS1040J6ZW,invoice,Rent/Lease of Business Premises,rent,Eligible,,synthetic
TXN002083,2025-08-23,"staff life insurance premium premium pmt - Bajwa, Sha and Sheth","staff life insurance premium premium payment - Bajwa, Sha and Sheth",92483.76,18,8323.54,8323.54,0.0,"Bajwa, Sha and Sheth",,bank_statement_line,Employee Insurance/Reimbursements,employee_insurance,Blocked,Sec 17(5)(b) blocks ITC on health/life insurance for employees unless it is obligatory for the employer under any law for the time being in force.,synthetic
TXN000001,2024-03-06,"pmt to choudhury, bakshi and maharaj for packaging material","Payment to Choudhury, Bakshi and Maharaj for packaging material",111229.83,18,10010.68,10010.68,0.0,"Choudhury, Bakshi and Maharaj",,bank_statement_line,Purchase of Goods (Raw Material/Trading Stock),purchase_goods,Eligible,,synthetic
TXN002301,2025-04-26,Loke-Mangat - flooring and fixtures work,Loke-Mangat - flooring and fixtures work,341083.8,18,0.0,0.0,61395.08,Loke-Mangat,23CKWNM2839P9ZG,invoice,Works Contract/Construction of Immovable Property,works_contract,Blocked,"Sec 17(5)(c)/(d) blocks ITC on works contract services and goods/services for construction of immovable property (other than plant & machinery), even when used for business.",synthetic
TXN002440,2026-04-07,Sale invoice to Ramaswamy Inc,Sale invoice to Ramaswamy Inc,294668.11,18,0.0,0.0,53040.26,Ramaswamy Inc,,bank_statement_line,Sales/Outward Supply,sales_revenue,Not Applicable,,synthetic
TXN002677,2024-07-08,MUNICIPAL TAX PAYMNT PAYMENT,municipal tax payment payment,8127.04,exempt,0.0,0.0,0.0,"Bir, Hari and Date",32FJLMA8479V1ZZ,invoice,Exempt/Non-GST Expense,exempt_non_gst,Not Applicable,,synthetic
TXN002460,2024-08-01,SALE INVOICE TO SAXENA GROUP,Sale invoice to Saxena Group,245895.67,18,22130.61,22130.61,0.0,Saxena Group,32KMDQD5750X3ZV,invoice,Sales/Outward Supply,sales_revenue,Not Applicable,,synthetic
TXN000362,2025-03-12,Purchase of generator set - Chaudhary-Pillai,Purchase of generator set - Chaudhary-Pillai,528198.71,18,47537.89,47537.89,0.0,Chaudhary-Pillai,09RIKGN6586Q3Z5,receipt,Capital Goods,capital_goods,Eligible,,synthetic
TXN002168,2024-07-01,"konda, balakrishnan and dar - employee group health insurance","Konda, Balakrishnan and Dar - employee group health insurance",11307.77,18,1017.7,1017.7,0.0,"Konda, Balakrishnan and Dar",19PDJND7806U7Z1,receipt,Employee Insurance/Reimbursements,employee_insurance,Blocked,Sec 17(5)(b) blocks ITC on health/life insurance for employees unless it is obligatory for the employer under any law for the time being in force.,synthetic
TXN000454,2025-09-10,SOFTWARE SUBSCRIPTION CHARGES - MUKHERJEE GROUP,software subscription charges - Mukherjee Group,35122.17,18,3160.99,3160.99,0.0,Mukherjee Group,27DCSJS9098F7ZQ,invoice,Input Services (Professional/Consulting/IT),input_services,Eligible,,synthetic
TXN001314,2025-08-28,"Merchant, Jani and Bali - fuel purch","Merchant, Jani and Bali - fuel purchase",30990.28,28,4338.64,4338.64,0.0,"Merchant, Jani and Bali",,bank_statement_line,Motor Vehicle Expenses,motor_vehicle,Blocked,"Sec 17(5)(a) blocks ITC on motor vehicles for transport of persons (seating <=13) and related services, unless used for further supply, passenger transport, or driving training.",synthetic
TXN001532,2026-05-04,"Catering payment - Mutti, Sur and Mital","Catering payment - Mutti, Sur and Mital",4998.67,5,0.0,0.0,249.93,"Mutti, Sur and Mital",,bank_statement_line,Food & Beverages/Outdoor Catering,food_catering,Blocked,"Sec 17(5)(b)(i) explicitly blocks ITC on food and beverages and outdoor catering, unless used to make an outward taxable supply of the same category or as part of a composite/mixed supply.",synthetic
TXN001126,2025-06-13,Rama PLC - Bank chgs,Rama PLC - Bank Charges,2507.09,18,225.64,225.64,0.0,Rama PLC,36KUCQK9796T1Z6,receipt,Bank Charges/Financial Services,bank_charges,Eligible,,synthetic
TXN000646,2024-01-25,"Lease rental to Mahal, Mani and Dara for office unit","Lease rental to Mahal, Mani and Dara for office unit",88111.97,18,7930.07,7930.07,0.0,"Mahal, Mani and Dara",09AYIIF2776L8Z3,receipt,Rent/Lease of Business Premises,rent,Eligible,,synthetic
TXN000935,2025-09-17,Gala Group - telephone/mobile plan bill payment,Gala Group - telephone/mobile plan bill payment,4338.54,18,390.47,390.47,0.0,Gala Group,33DOTNW3790V7ZQ,receipt,Utilities (Business Electricity/Internet),utilities,Eligible,,synthetic
TXN002599,2025-09-21,"sale invoice to ray, bhatti and sule","Sale invoice to Ray, Bhatti and Sule",369585.56,18,33262.7,33262.7,0.0,"Ray, Bhatti and Sule",,bank_statement_line,Sales/Outward Supply,sales_revenue,Not Applicable,,synthetic
TXN001965,2026-11-17,Employee home travel concession booking booking - Mander LLC,Employee home travel concession booking booking - Mander LLC,62914.67,5,1572.87,1572.87,0.0,Mander LLC,19WZKCJ9273R1ZY,receipt,Employee Travel Benefits,employee_travel,Blocked,"Sec 17(5)(b)(iii) blocks ITC on travel benefits extended to employees (e.g. leave/home travel concession), unless obligatory under law.",synthetic
TXN000833,2025-10-02,dube-sampath - electricity bill payment,Dube-Sampath - electricity bill payment,11261.87,18,1013.57,1013.57,0.0,Dube-Sampath,29RMULX6069A3ZW,invoice,Utilities (Business Electricity/Internet),utilities,Eligible,,synthetic
TXN001221,2026-08-15,vehicle car servicing - peri ltd,Vehicle car servicing - Peri Ltd,28818.04,28,4034.53,4034.53,0.0,Peri Ltd,19HFPHO0327G2ZU,invoice,Motor Vehicle Expenses,motor_vehicle,Blocked,"Sec 17(5)(a) blocks ITC on motor vehicles for transport of persons (seating <=13) and related services, unless used for further supply, passenger transport, or driving training.",synthetic
TXN002093,2024-07-29,bhavsar plc - staff life insurance premium,Bhavsar PLC - staff life insurance premium,18107.71,18,1629.69,1629.69,0.0,Bhavsar PLC,,bank_statement_line,Employee Insurance/Reimbursements,employee_insurance,Blocked,Sec 17(5)(b) blocks ITC on health/life insurance for employees unless it is obligatory for the employer under any law for the time being in force.,synthetic
TXN001649,2025-08-31,"GYM MEMBERSHIP - LATA, WADHWA AND BARIA","gym membership - Lata, Wadhwa and Baria",28780.04,18,0.0,0.0,5180.41,"Lata, Wadhwa and Baria",24UKUHW4589K7ZA,invoice,Club/Health/Fitness Memberships,club_membership,Blocked,"Sec 17(5)(b)(ii) blocks ITC on membership of a club, health, or fitness centre.",synthetic
TXN001870,2024-08-07,Employee home travel concession booking booking - Kapur and Sons,Employee home travel concession booking booking - Kapur and Sons,4696.38,5,117.41,117.41,0.0,Kapur and Sons,24HPFRC7905P5ZV,invoice,Employee Travel Benefits,employee_travel,Blocked,"Sec 17(5)(b)(iii) blocks ITC on travel benefits extended to employees (e.g. leave/home travel concession), unless obligatory under law.",synthetic
TXN001255,2025-09-11,"vehicle vehicle insurance premium - bhargava, dutta and chawla","Vehicle vehicle insurance premium - Bhargava, Dutta and Chawla",16360.08,28,2290.41,2290.41,0.0,"Bhargava, Dutta and Chawla",,bank_statement_line,Motor Vehicle Expenses,motor_vehicle,Blocked,"Sec 17(5)(a) blocks ITC on motor vehicles for transport of persons (seating <=13) and related services, unless used for further supply, passenger transport, or driving training.",synthetic
TXN000916,2025-04-04,"TELEPHONE/MOBILE  PLAN CHARGES - SHARAF, BABU AND DASH","telephone/mobile plan charges - Sharaf, Babu and Dash",5642.3,18,0.0,0.0,1015.61,"Sharaf, Babu and Dash",29ULJBX6128W9Z9,receipt,Utilities (Business Electricity/Internet),utilities,Eligible,,synthetic
TXN001220,2026-05-16,Vehicle vehicle registration fee - Thaman and Sons,Vehicle vehicle registration fee - Thaman and Sons,43252.79,28,6055.39,6055.39,0.0,Thaman and Sons,09AFUBN0310O4ZF,receipt,Motor Vehicle Expenses,motor_vehicle,Blocked,"Sec 17(5)(a) blocks ITC on motor vehicles for transport of persons (seating <=13) and related services, unless used for further supply, passenger transport, or driving training.",synthetic
TXN000383,2024-06-16,Ratti-Sandhu - Capital Asset Purchase - commercial printer,Ratti-Sandhu - Capital Asset Purchase - commercial printer,119676.0,18,0.0,0.0,21541.68,Ratti-Sandhu,36LOOXN5447I6ZQ,invoice,Capital Goods,capital_goods,Eligible,,synthetic
TXN002423,2024-08-23,Loyal-Sampath  - Sales inv,Loyal-Sampath - Sales Invoice,157758.92,18,14198.31,14198.31,0.0,Loyal-Sampath,,bank_statement_line,Sales/Outward Supply,sales_revenue,Not Applicable,,synthetic
TXN001352,2026-08-19,VEHICLE VEHICLE INSURANCE PREMIUM - SHARAF LTD,Vehicle vehicle insurance premium - Sharaf Ltd,926.7,28,0.0,0.0,259.48,Sharaf Ltd,29BDWDH2260X8Z2,invoice,Motor Vehicle Expenses,motor_vehicle,Blocked,"Sec 17(5)(a) blocks ITC on motor vehicles for transport of persons (seating <=13) and related services, unless used for further supply, passenger transport, or driving training.",synthetic
TXN002068,2024-12-17,staff life insurance premium premium payment - Sabharwal PLC,staff life insurance premium premium payment - Sabharwal PLC,44765.63,18,4028.91,4028.91,0.0,Sabharwal PLC,19DFNFG2848U1Z3,invoice,Employee Insurance/Reimbursements,employee_insurance,Blocked,Sec 17(5)(b) blocks ITC on health/life insurance for employees unless it is obligatory for the employer under any law for the time being in force.,synthetic
TXN000633,2026-03-07,Monthly  rent - Choudhary and Sons,Monthly rent - Choudhary and Sons,46117.89,18,4150.61,4150.61,0.0,Choudhary and Sons,23PZIFA3027O7ZV,receipt,Rent/Lease of Business Premises,rent,Eligible,,synthetic
TXN000444,2024-05-18,PALLA LLC - SOFTWARE SUBSCRIPTION SRVCS INVOICE,Palla LLC - software subscription services invoice,59441.35,18,0.0,0.0,10699.44,Palla LLC,19YPZSR9636W6Z4,invoice,Input Services (Professional/Consulting/IT),input_services,Eligible,,synthetic
TXN001407,2024-06-06,Catering payment - Lalla LLC,Catering payment - Lalla LLC,1955.86,5,0.0,0.0,97.79,Lalla LLC,36WSQXB5961G1Z5,invoice,Food & Beverages/Outdoor Catering,food_catering,Blocked,"Sec 17(5)(b)(i) explicitly blocks ITC on food and beverages and outdoor catering, unless used to make an outward taxable supply of the same category or as part of a composite/mixed supply.",synthetic
TXN002219,2024-01-25,Varkey and Sons - flooring and fixtures work,Varkey and Sons - flooring and fixtures work,965275.76,18,86874.82,86874.82,0.0,Varkey and Sons,33MSEFQ2429D5ZJ,receipt,Works Contract/Construction of Immovable Property,works_contract,Blocked,"Sec 17(5)(c)/(d) blocks ITC on works contract services and goods/services for construction of immovable property (other than plant & machinery), even when used for business.",synthetic
TXN000286,2025-06-02,CNC lathe installation invoice from Dube Group,CNC lathe installation invoice from Dube Group,461083.43,18,41497.51,41497.51,0.0,Dube Group,33WESKI7461E4ZA,invoice,Capital Goods,capital_goods,Eligible,,synthetic
TXN001810,2024-10-08,"home travel concession booking - Tank, Tailor and Gole","home travel concession booking - Tank, Tailor and Gole",52356.96,5,1308.92,1308.92,0.0,"Tank, Tailor and Gole",,bank_statement_line,Employee Travel Benefits,employee_travel,Blocked,"Sec 17(5)(b)(iii) blocks ITC on travel benefits extended to employees (e.g. leave/home travel concession), unless obligatory under law.",synthetic
TXN002482,2025-04-04,Swamy Inc - Sales invc,Swamy Inc - Sales Invoice,254952.64,18,22945.74,22945.74,0.0,Swamy Inc,36JSLJZ5563Q8ZH,receipt,Sales/Outward Supply,sales_revenue,Not Applicable,,synthetic
TXN002553,2025-01-05,"PINGLE, DANI AND REGE - SALES INV","Pingle, Dani and Rege - Sales Invoice",498716.16,18,0.0,0.0,89768.91,"Pingle, Dani and Rege",24CFHWU5743U7ZV,receipt,Sales/Outward Supply,sales_revenue,Not Applicable,,synthetic
TXN001055,2026-12-28,"Parmer, Bala and Pandey - Bank Charges","Parmer, Bala and Pandey - Bank Charges",1749.65,18,157.47,157.47,0.0,"Parmer, Bala and Pandey",,bank_statement_line,Bank Charges/Financial Services,bank_charges,Eligible,,synthetic
TXN000377,2026-07-26,Vora-Comar - Capital Asset purchse - CNC lathe,Vora-Comar - Capital Asset Purchase - CNC lathe,532787.19,18,0.0,0.0,95901.69,Vora-Comar,07DFAGS4990L9Z5,invoice,Capital Goods,capital_goods,Eligible,,synthetic
TXN001729,2024-05-19,Doshi LLC - Membership Fee,Doshi LLC - Membership Fee,3984.73,18,358.62,358.62,0.0,Doshi LLC,23WBYMN3145M7ZG,invoice,Club/Health/Fitness Memberships,club_membership,Blocked,"Sec 17(5)(b)(ii) blocks ITC on membership of a club, health, or fitness centre.",synthetic
TXN002159,2026-06-24,Sachdeva-Gill - staff life insurance premium,Sachdeva-Gill - staff life insurance premium,17313.82,18,1558.24,1558.24,0.0,Sachdeva-Gill,36EHGIH0340O6ZN,receipt,Employee Insurance/Reimbursements,employee_insurance,Blocked,Sec 17(5)(b) blocks ITC on health/life insurance for employees unless it is obligatory for the employer under any law for the time being in force.,synthetic
TXN002089,2024-11-01,"employee group health insurance premium payment - Nayak, Bhakta and Varma","employee group health insurance premium payment - Nayak, Bhakta and Varma",71984.62,18,6478.61,6478.61,0.0,"Nayak, Bhakta and Varma",,bank_statement_line,Employee Insurance/Reimbursements,employee_insurance,Blocked,Sec 17(5)(b) blocks ITC on health/life insurance for employees unless it is obligatory for the employer under any law for the time being in force.,synthetic
TXN002784,2026-05-27,EMPLOYEE PF CONTRIBUTION PAYMENT,employee PF contribution payment,19651.4,exempt,0.0,0.0,0.0,Sridhar-Biswas,,bank_statement_line,Exempt/Non-GST Expense,exempt_non_gst,Not Applicable,,synthetic
TXN000674,2026-12-11,"Narang, Chadha and Rattan - Shop Rent paymnt","Narang, Chadha and Rattan - Shop Rent Payment",48127.1,18,0.0,0.0,8662.88,"Narang, Chadha and Rattan",36EVXND6717Q3Z7,invoice,Rent/Lease of Business Premises,rent,Eligible,,synthetic
TXN001973,2024-12-09,"home travel concession booking - Naik, Kurian and Edwin","home travel concession booking - Naik, Kurian and Edwin",4587.94,5,114.7,114.7,0.0,"Naik, Kurian and Edwin",32GZSAW9265D3ZN,invoice,Employee Travel Benefits,employee_travel,Blocked,"Sec 17(5)(b)(iii) blocks ITC on travel benefits extended to employees (e.g. leave/home travel concession), unless obligatory under law.",synthetic
TXN002182,2025-08-25,Patil-Char - staff life insurance premium,Patil-Char - staff life insurance premium,88204.99,18,7938.45,7938.45,0.0,Patil-Char,09LLPXU8587R8Z3,receipt,Employee Insurance/Reimbursements,employee_insurance,Blocked,Sec 17(5)(b) blocks ITC on health/life insurance for employees unless it is obligatory for the employer under any law for the time being in force.,synthetic
TXN000858,2024-04-21,"ELECTRICITY CHARGES - SANKARAN, RANDHAWA AND BALAKRISHNAN","electricity charges - Sankaran, Randhawa and Balakrishnan",6114.22,18,550.28,550.28,0.0,"Sankaran, Randhawa and Balakrishnan",07VIZWB0562J2ZU,invoice,Utilities (Business Electricity/Internet),utilities,Eligible,,synthetic
TXN000627,2025-01-01,Badal-Pillay - Shop Rent paymnt,Badal-Pillay - Shop Rent Payment,35245.29,18,0.0,0.0,6344.15,Badal-Pillay,,bank_statement_line,Rent/Lease of Business Premises,rent,Eligible,,synthetic
TXN000822,2024-02-10,electricity chgs - sani-deshpande,electricity charges - Sani-Deshpande,13329.73,18,1199.67,1199.67,0.0,Sani-Deshpande,19VTROP7514Q1ZJ,receipt,Utilities (Business Electricity/Internet),utilities,Eligible,,synthetic
TXN000425,2025-02-24,Mitra and Sons - auditing services services invoice,Mitra and Sons - auditing services services invoice,20803.97,18,1872.36,1872.36,0.0,Mitra and Sons,33CWXMX6642P6ZY,receipt,Input Services (Professional/Consulting/IT),input_services,Eligible,,synthetic
TXN000181,2024-07-01,pmt to bala-chacko for yarn,Payment to Bala-Chacko for yarn,40653.36,18,3658.8,3658.8,0.0,Bala-Chacko,19IVWRZ2377K5Z0,receipt,Purchase of Goods (Raw Material/Trading Stock),purchase_goods,Eligible,,synthetic
TXN001017,2026-03-16,Baria-Kale - loan processing fee,Baria-Kale - loan processing fee,2988.14,18,0.0,0.0,537.87,Baria-Kale,24JEEKF2986Q9ZV,invoice,Bank Charges/Financial Services,bank_charges,Eligible,,synthetic
TXN000885,2024-07-08,YOGI LLC - BROADBAND INTERNET BILL PYMT,Yogi LLC - broadband internet bill payment,13240.63,18,1191.65,1191.65,0.0,Yogi LLC,,bank_statement_line,Utilities (Business Electricity/Internet),utilities,Eligible,,synthetic
TXN000777,2026-11-25,"monthly rent - balay, chander and ravi","Monthly rent - Balay, Chander and Ravi",10012.9,18,901.16,901.16,0.0,"Balay, Chander and Ravi",09ALLLL3292F3ZO,receipt,Rent/Lease of Business Premises,rent,Eligible,,synthetic
TXN001454,2026-02-20,"Amble, Virk and Dalal - client meeting refreshments","Amble, Virk and Dalal - client meeting refreshments",18571.84,5,464.3,464.3,0.0,"Amble, Virk and Dalal",,bank_statement_line,Food & Beverages/Outdoor Catering,food_catering,Blocked,"Sec 17(5)(b)(i) explicitly blocks ITC on food and beverages and outdoor catering, unless used to make an outward taxable supply of the same category or as part of a composite/mixed supply.",synthetic
TXN000402,2026-05-13,PROFESSIONAL FEES TO TRIPATHI AND SONS FOR SOFTWARE SUBSCRIPTION,Professional fees to Tripathi and Sons for software subscription,33982.57,18,0.0,0.0,6116.86,Tripathi and Sons,32WCJHN1332A3ZJ,invoice,Input Services (Professional/Consulting/IT),input_services,Eligible,,synthetic
TXN000702,2025-02-20,lease rental to sodhi inc for shop premises,Lease rental to Sodhi Inc for shop premises,25317.99,18,0.0,0.0,4557.24,Sodhi Inc,09TNEJS9098W6ZE,invoice,Rent/Lease of Business Premises,rent,Eligible,,synthetic
TXN001312,2026-05-28,Vehicle fuel purchase - Mangat Ltd,Vehicle fuel purchase - Mangat Ltd,29821.65,28,4175.03,4175.03,0.0,Mangat Ltd,36TEXAK9502E9Z8,invoice,Motor Vehicle Expenses,motor_vehicle,Blocked,"Sec 17(5)(a) blocks ITC on motor vehicles for transport of persons (seating <=13) and related services, unless used for further supply, passenger transport, or driving training.",synthetic
TXN002207,2024-05-22,"Jha, Iyengar and Goyal - shop renovation works","Jha, Iyengar and Goyal - shop renovation works",911829.21,18,82064.63,82064.63,0.0,"Jha, Iyengar and Goyal",09SSWOY8042I3ZT,invoice,Works Contract/Construction of Immovable Property,works_contract,Blocked,"Sec 17(5)(c)/(d) blocks ITC on works contract services and goods/services for construction of immovable property (other than plant & machinery), even when used for business.",synthetic
TXN000729,2025-10-15,MONTHLY RENT - MITAL GROUP,Monthly rent - Mital Group,91047.8,18,8194.3,8194.3,0.0,Mital Group,29RXLZR3796T2ZQ,receipt,Rent/Lease of Business Premises,rent,Eligible,,synthetic
TXN000156,2026-07-21,Purchase of steel sheets from Goda Ltd,Purchase of steel sheets from Goda Ltd,117556.57,18,0.0,0.0,21160.18,Goda Ltd,24DUGXU0820W2Z5,invoice,Purchase of Goods (Raw Material/Trading Stock),purchase_goods,Eligible,,synthetic
TXN001580,2024-07-27,Rana-Krish  - office tea/coffee supplies,Rana-Krish - office tea/coffee supplies,16982.81,5,424.57,424.57,0.0,Rana-Krish,07DURST6918E7Z3,invoice,Food & Beverages/Outdoor Catering,food_catering,Blocked,"Sec 17(5)(b)(i) explicitly blocks ITC on food and beverages and outdoor catering, unless used to make an outward taxable supply of the same category or as part of a composite/mixed supply.",synthetic
TXN001567,2026-11-28,Catering pymt - Shan Ltd,Catering payment - Shan Ltd,16676.52,5,0.0,0.0,833.83,Shan Ltd,32AXGHY8354H4ZO,receipt,Food & Beverages/Outdoor Catering,food_catering,Blocked,"Sec 17(5)(b)(i) explicitly blocks ITC on food and beverages and outdoor catering, unless used to make an outward taxable supply of the same category or as part of a composite/mixed supply.",synthetic
TXN002732,2025-12-25,government license fee paymnt,government license fee payment,5601.33,exempt,0.0,0.0,0.0,Randhawa and Sons,23MAXWC0756E4ZE,receipt,Exempt/Non-GST Expense,exempt_non_gst,Not Applicable,,synthetic
TXN001417,2024-11-18,Office office tea/coffee supplies order - Pandit-Pai,Office office tea/coffee supplies order - Pandit-Pai,17089.53,5,427.24,427.24,0.0,Pandit-Pai,,bank_statement_line,Food & Beverages/Outdoor Catering,food_catering,Blocked,"Sec 17(5)(b)(i) explicitly blocks ITC on food and beverages and outdoor catering, unless used to make an outward taxable supply of the same category or as part of a composite/mixed supply.",synthetic
TXN002149,2024-06-04,Arora-Mane - staff life insurance premium,Arora-Mane - staff life insurance premium,26752.76,18,0.0,0.0,4815.5,Arora-Mane,24ZCHIQ2146U7ZK,invoice,Employee Insurance/Reimbursements,employee_insurance,Blocked,Sec 17(5)(b) blocks ITC on health/life insurance for employees unless it is obligatory for the employer under any law for the time being in force.,synthetic
TXN002675,2026-10-02,Hans-Chokshi - staff salary payment,Hans-Chokshi - staff salary payment,2651.92,exempt,0.0,0.0,0.0,Hans-Chokshi,,bank_statement_line,Exempt/Non-GST Expense,exempt_non_gst,Not Applicable,,synthetic
TXN002063,2024-07-03,employee group health insurance premium paymnt - bhasin llc,employee group health insurance premium payment - Bhasin LLC,75189.32,18,0.0,0.0,13534.08,Bhasin LLC,36UGFXI0828P5ZF,invoice,Employee Insurance/Reimbursements,employee_insurance,Blocked,Sec 17(5)(b) blocks ITC on health/life insurance for employees unless it is obligatory for the employer under any law for the time being in force.,synthetic
TXN000423,2026-01-02,"IT  SUPPORT CHARGES - MORAR, BATH AND KANNAN","IT support charges - Morar, Bath and Kannan",43084.66,18,3877.62,3877.62,0.0,"Morar, Bath and Kannan",32DNJMQ1101S7Z6,invoice,Input Services (Professional/Consulting/IT),input_services,Eligible,,synthetic
TXN000061,2024-08-22,"pmt to Khanna, Mallick and Sunder for raw cotton","Payment to Khanna, Mallick and Sunder for raw cotton",107004.0,18,9630.36,9630.36,0.0,"Khanna, Mallick and Sunder",24PBHQO3954T7ZG,invoice,Purchase of Goods (Raw Material/Trading Stock),purchase_goods,Eligible,,synthetic
TXN002406,2026-02-11,"Cherian, Naik and Dube - Sales invc","Cherian, Naik and Dube - Sales Invoice",281866.38,18,25367.97,25367.97,0.0,"Cherian, Naik and Dube",24NKNRU9125S3ZM,receipt,Sales/Outward Supply,sales_revenue,Not Applicable,,synthetic
TXN002523,2024-10-04,PAYMENT RECEIVED FROM BANSAL PLC FOR WHOLESALE SUPPLY,Payment received from Bansal PLC for wholesale supply,430854.29,18,38776.89,38776.89,0.0,Bansal PLC,,bank_statement_line,Sales/Outward Supply,sales_revenue,Not Applicable,,synthetic
TXN000037,2026-03-31,purch of printed labels from Apte-Contractor,Purchase of printed labels from Apte-Contractor,7304.6,18,657.41,657.41,0.0,Apte-Contractor,33QTCAH4392P2ZE,receipt,Purchase of Goods (Raw Material/Trading Stock),purchase_goods,Eligible,,synthetic
TXN000435,2024-02-24,Professional fees to Contractor-Ravel for website maintenance,Professional fees to Contractor-Ravel for website maintenance,52149.74,18,0.0,0.0,9386.95,Contractor-Ravel,09BKMIZ6316F1Z5,invoice,Input Services (Professional/Consulting/IT),input_services,Eligible,,synthetic
TXN000620,2025-09-07,Monthly rent - Barad and Sons,Monthly rent - Barad and Sons,44869.01,18,4038.21,4038.21,0.0,Barad and Sons,,bank_statement_line,Rent/Lease of Business Premises,rent,Eligible,,synthetic
TXN001543,2024-04-12,Office festival sweets order order - Raj PLC,Office festival sweets order order - Raj PLC,11993.8,5,299.85,299.85,0.0,Raj PLC,19EFZAY0700J7ZG,invoice,Food & Beverages/Outdoor Catering,food_catering,Blocked,"Sec 17(5)(b)(i) explicitly blocks ITC on food and beverages and outdoor catering, unless used to make an outward taxable supply of the same category or as part of a composite/mixed supply.",synthetic
TXN002064,2026-03-06,employee group health insurance premium paymnt - Choudhry Group,employee group health insurance premium payment - Choudhry Group,25187.59,18,2266.89,2266.89,0.0,Choudhry Group,,bank_statement_line,Employee Insurance/Reimbursements,employee_insurance,Blocked,Sec 17(5)(b) blocks ITC on health/life insurance for employees unless it is obligatory for the employer under any law for the time being in force.,synthetic
TXN002303,2025-12-03,construction paymnt - khare-comar for flooring and fixtures work,Construction payment - Khare-Comar for flooring and fixtures work,525645.09,18,0.0,0.0,94616.12,Khare-Comar,19XTILK3164V6Z1,receipt,Works Contract/Construction of Immovable Property,works_contract,Blocked,"Sec 17(5)(c)/(d) blocks ITC on works contract services and goods/services for construction of immovable property (other than plant & machinery), even when used for business.",synthetic
TXN002738,2024-12-31,Vala-Nayar - staff salary payment,Vala-Nayar - staff salary payment,47639.09,exempt,0.0,0.0,0.0,Vala-Nayar,23WDNPU1384S9Z8,receipt,Exempt/Non-GST Expense,exempt_non_gst,Not Applicable,,synthetic
TXN001344,2024-08-19,VARKEY-TRIVEDI - VEHICLE REGISTRATION FEE,Varkey-Trivedi - vehicle registration fee,39620.34,28,5546.85,5546.85,0.0,Varkey-Trivedi,32NOSMC0394Z9Z1,receipt,Motor Vehicle Expenses,motor_vehicle,Blocked,"Sec 17(5)(a) blocks ITC on motor vehicles for transport of persons (seating <=13) and related services, unless used for further supply, passenger transport, or driving training.",synthetic
TXN002281,2025-07-20,Construction payment - Sarin-Jaggi for shop renovation works,Construction payment - Sarin-Jaggi for shop renovation works,893113.79,18,0.0,0.0,160760.48,Sarin-Jaggi,27LIHHY9877H1ZA,invoice,Works Contract/Construction of Immovable Property,works_contract,Blocked,"Sec 17(5)(c)/(d) blocks ITC on works contract services and goods/services for construction of immovable property (other than plant & machinery), even when used for business.",synthetic
TXN000289,2026-04-27,packing machine installation invoice from Shan PLC,packing machine installation invoice from Shan PLC,375163.51,18,33764.71,33764.71,0.0,Shan PLC,29TIXVT8041I6Z7,invoice,Capital Goods,capital_goods,Eligible,,synthetic
TXN000324,2026-10-20,"industrial sewing machine installation invc from dugar, borah and sathe","industrial sewing machine installation invoice from Dugar, Borah and Sathe",24952.67,18,2245.74,2245.74,0.0,"Dugar, Borah and Sathe",32XKUUS2654F1ZL,invoice,Capital Goods,capital_goods,Eligible,,synthetic
TXN000617,2025-02-28,Monthly rent - Nori-Pau,Monthly rent - Nori-Pau,47914.51,18,4312.31,4312.31,0.0,Nori-Pau,,bank_statement_line,Rent/Lease of Business Premises,rent,Eligible,,synthetic
TXN002144,2025-09-07,employee group health insurance premium payment - Chahal-Vala,employee group health insurance premium payment - Chahal-Vala,73441.37,18,6609.73,6609.73,0.0,Chahal-Vala,,bank_statement_line,Employee Insurance/Reimbursements,employee_insurance,Blocked,Sec 17(5)(b) blocks ITC on health/life insurance for employees unless it is obligatory for the employer under any law for the time being in force.,synthetic
TXN001814,2025-11-27,"home  travel concession booking - Sachdeva, Sachdev and Bath","home travel concession booking - Sachdeva, Sachdev and Bath",77738.88,5,1943.47,1943.47,0.0,"Sachdeva, Sachdev and Bath",,bank_statement_line,Employee Travel Benefits,employee_travel,Blocked,"Sec 17(5)(b)(iii) blocks ITC on travel benefits extended to employees (e.g. leave/home travel concession), unless obligatory under law.",synthetic
TXN002776,2024-07-16,Grover and Sons - staff salary payment,Grover and Sons - staff salary payment,29569.91,exempt,0.0,0.0,0.0,Grover and Sons,24YNRUL8925W8Z3,receipt,Exempt/Non-GST Expense,exempt_non_gst,Not Applicable,,synthetic
TXN001250,2026-10-22,Oommen-Goswami - car repair,Oommen-Goswami - car repair,10884.45,28,0.0,0.0,3047.65,Oommen-Goswami,07SJEPR6639Q2Z3,receipt,Motor Vehicle Expenses,motor_vehicle,Blocked,"Sec 17(5)(a) blocks ITC on motor vehicles for transport of persons (seating <=13) and related services, unless used for further supply, passenger transport, or driving training.",synthetic
TXN000465,2025-03-24,"DUTT,  PATLA AND PRADHAN - PAYROLL PROCESSING SRVCS INVOICE","Dutt, Patla and Pradhan - payroll processing services invoice",32600.58,18,0.0,0.0,5868.1,"Dutt, Patla and Pradhan",24UUYDR5108K3ZS,receipt,Input Services (Professional/Consulting/IT),input_services,Eligible,,synthetic
TXN001616,2025-07-26,"Soman, Dubey and Prabhu - Membership Fee","Soman, Dubey and Prabhu - Membership Fee",33142.31,18,2982.81,2982.81,0.0,"Soman, Dubey and Prabhu",24FMEXB0585U8Z2,invoice,Club/Health/Fitness Memberships,club_membership,Blocked,"Sec 17(5)(b)(ii) blocks ITC on membership of a club, health, or fitness centre.",synthetic
TXN001670,2025-03-15,club membership renewal - sharma llc,club membership renewal - Sharma LLC,10952.2,18,985.7,985.7,0.0,Sharma LLC,36VDJYT3916D7ZB,receipt,Club/Health/Fitness Memberships,club_membership,Blocked,"Sec 17(5)(b)(ii) blocks ITC on membership of a club, health, or fitness centre.",synthetic
TXN001219,2024-10-12,Vehicle fuel purchase - Kakar Ltd,Vehicle fuel purchase - Kakar Ltd,16843.48,28,0.0,0.0,4716.17,Kakar Ltd,33PRDMM3409N2Z0,invoice,Motor Vehicle Expenses,motor_vehicle,Blocked,"Sec 17(5)(a) blocks ITC on motor vehicles for transport of persons (seating <=13) and related services, unless used for further supply, passenger transport, or driving training.",synthetic
TXN000188,2026-10-15,Purchase of plastic granules from Zacharia Inc,Purchase of plastic granules from Zacharia Inc,99249.28,18,8932.43,8932.43,0.0,Zacharia Inc,,bank_statement_line,Purchase of Goods (Raw Material/Trading Stock),purchase_goods,Eligible,,synthetic
TXN000731,2026-03-29,lease rental to kar llc for godown,Lease rental to Kar LLC for godown,37138.56,18,0.0,0.0,6684.94,Kar LLC,,bank_statement_line,Rent/Lease of Business Premises,rent,Eligible,,synthetic
TXN002701,2026-03-07,ANNE-BORAH - PROFESSIONAL TAX PAYMENT,Anne-Borah - professional tax payment,51413.75,exempt,0.0,0.0,0.0,Anne-Borah,29WBJHA1406E4ZG,invoice,Exempt/Non-GST Expense,exempt_non_gst,Not Applicable,,synthetic
TXN000144,2026-01-25,"payment to nagy, shroff and sathe for printed labels","Payment to Nagy, Shroff and Sathe for printed labels",115448.19,18,10390.33,10390.33,0.0,"Nagy, Shroff and Sathe",,bank_statement_line,Purchase of Goods (Raw Material/Trading Stock),purchase_goods,Eligible,,synthetic
TXN000484,2024-08-29,"Gandhi, Sarma and Bassi - chartered accountant services invc","Gandhi, Sarma and Bassi - chartered accountant services invoice",23023.74,18,2072.14,2072.14,0.0,"Gandhi, Sarma and Bassi",,bank_statement_line,Input Services (Professional/Consulting/IT),input_services,Eligible,,synthetic
TXN000391,2024-05-10,industrial sewing machine installation invoice from Sachdev LLC,industrial sewing machine installation invoice from Sachdev LLC,156277.54,18,0.0,0.0,28129.96,Sachdev LLC,,bank_statement_line,Capital Goods,capital_goods,Eligible,,synthetic
TXN001805,2026-06-09,"staff outing travel booking - Kadakia, Bhardwaj and Chopra","staff outing travel booking - Kadakia, Bhardwaj and Chopra",9748.5,5,0.0,0.0,487.43,"Kadakia, Bhardwaj and Chopra",09KTHVD0250J3ZZ,receipt,Employee Travel Benefits,employee_travel,Blocked,"Sec 17(5)(b)(iii) blocks ITC on travel benefits extended to employees (e.g. leave/home travel concession), unless obligatory under law.",synthetic
TXN000515,2025-09-25,website maintenance charges - Pandit and Sons,website maintenance charges - Pandit and Sons,21002.22,18,1890.2,1890.2,0.0,Pandit and Sons,27XUKFP0164Z1ZJ,receipt,Input Services (Professional/Consulting/IT),input_services,Eligible,,synthetic
TXN000912,2025-04-26,Talwar LLC - telephone/mobile plan bill pymt,Talwar LLC - telephone/mobile plan bill payment,10076.38,18,906.88,906.88,0.0,Talwar LLC,,bank_statement_line,Utilities (Business Electricity/Internet),utilities,Eligible,,synthetic
TXN000557,2024-10-22,"Ram, Dalal and Lala - payroll processing services inv","Ram, Dalal and Lala - payroll processing services invoice",50512.68,18,4546.14,4546.14,0.0,"Ram, Dalal and Lala",29ICHMI0767B4Z7,receipt,Input Services (Professional/Consulting/IT),input_services,Eligible,,synthetic
TXN000852,2026-08-26,Mital Inc - broadband internet bill pymt,Mital Inc - broadband internet bill payment,8757.48,18,0.0,0.0,1576.35,Mital Inc,33XCVUF7745B7ZB,invoice,Utilities (Business Electricity/Internet),utilities,Eligible,,synthetic
TXN001179,2024-06-27,Sahota-Ravel - cheque bounce fee,Sahota-Ravel - cheque bounce fee,1070.92,18,96.39,96.39,0.0,Sahota-Ravel,,bank_statement_line,Bank Charges/Financial Services,bank_charges,Eligible,,synthetic
TXN000784,2024-10-13,Lease rental to Mand PLC for godown,Lease rental to Mand PLC for godown,11350.33,18,1021.53,1021.53,0.0,Mand PLC,19DXJHA4727Y3Z2,receipt,Rent/Lease of Business Premises,rent,Eligible,,synthetic
TXN001848,2024-07-25,staff outing travel booking - Batra-Chauhan,staff outing travel booking - Batra-Chauhan,27034.84,5,675.87,675.87,0.0,Batra-Chauhan,,bank_statement_line,Employee Travel Benefits,employee_travel,Blocked,"Sec 17(5)(b)(iii) blocks ITC on travel benefits extended to employees (e.g. leave/home travel concession), unless obligatory under law.",synthetic
TXN002310,2024-04-03,"Construction pymt - Basak, Sunder and Bahri for warehouse construction contract","Construction payment - Basak, Sunder and Bahri for warehouse construction contract",822749.42,18,0.0,0.0,148094.9,"Basak, Sunder and Bahri",,bank_statement_line,Works Contract/Construction of Immovable Property,works_contract,Blocked,"Sec 17(5)(c)/(d) blocks ITC on works contract services and goods/services for construction of immovable property (other than plant & machinery), even when used for business.",synthetic
TXN000409,2024-03-26,website maintenance chrgs - Ahuja-Golla,website maintenance charges - Ahuja-Golla,32714.6,18,2944.32,2944.32,0.0,Ahuja-Golla,,bank_statement_line,Input Services (Professional/Consulting/IT),input_services,Eligible,,synthetic
TXN002516,2024-12-13,"DORA, BHARDWAJ AND VENKATESH - SALES INVOICE","Dora, Bhardwaj and Venkatesh - Sales Invoice",320444.69,18,0.0,0.0,57680.04,"Dora, Bhardwaj and Venkatesh",29TMSQA2009X1Z2,invoice,Sales/Outward Supply,sales_revenue,Not Applicable,,synthetic
TXN000051,2025-06-04,PURCHASE OF PRINTED LABELS FROM GANDHI-LANKA,Purchase of printed labels from Gandhi-Lanka,44358.48,18,3992.26,3992.26,0.0,Gandhi-Lanka,07NOUEC8629E4Z3,invoice,Purchase of Goods (Raw Material/Trading Stock),purchase_goods,Eligible,,synthetic
TXN002448,2024-06-19,Sale invoice to Arya and Sons,Sale invoice to Arya and Sons,370359.22,18,33332.33,33332.33,0.0,Arya and Sons,23TLAFT3476Y5Z5,receipt,Sales/Outward Supply,sales_revenue,Not Applicable,,synthetic
TXN000492,2026-12-19,"professional fees to devi, krishna and ben for chartered accountant","Professional fees to Devi, Krishna and Ben for chartered accountant",19976.74,18,1797.9,1797.9,0.0,"Devi, Krishna and Ben",32CEYJH0058K6ZX,receipt,Input Services (Professional/Consulting/IT),input_services,Eligible,,synthetic
TXN000472,2024-02-17,"software  subscription chgs - ramanathan, dayal and chad","software subscription charges - Ramanathan, Dayal and Chad",29863.89,18,2687.75,2687.75,0.0,"Ramanathan, Dayal and Chad",,bank_statement_line,Input Services (Professional/Consulting/IT),input_services,Eligible,,synthetic
TXN000663,2025-02-26,MONTHLY RENT - BANSAL GROUP,Monthly rent - Bansal Group,47297.77,18,4256.8,4256.8,0.0,Bansal Group,32RILRU5388E4ZJ,invoice,Rent/Lease of Business Premises,rent,Eligible,,synthetic
TXN000236,2025-12-13,Purchase of 3-phase motor - Singh-Srinivas,Purchase of 3-phase motor - Singh-Srinivas,48127.68,18,4331.49,4331.49,0.0,Singh-Srinivas,33CHKRK2079R5Z9,invoice,Capital Goods,capital_goods,Eligible,,synthetic
TXN001403,2024-08-21,"CATERING PAYMENT - DEY, SEHGAL AND DUTTA","Catering payment - Dey, Sehgal and Dutta",4616.47,5,115.41,115.41,0.0,"Dey, Sehgal and Dutta",27JYDCO1521G1ZF,receipt,Food & Beverages/Outdoor Catering,food_catering,Blocked,"Sec 17(5)(b)(i) explicitly blocks ITC on food and beverages and outdoor catering, unless used to make an outward taxable supply of the same category or as part of a composite/mixed supply.",synthetic
TXN000073,2026-01-11,"Payment to Chaudhari, Bedi and Zachariah for steel sheets","Payment to Chaudhari, Bedi and Zachariah for steel sheets",19778.27,18,0.0,0.0,3560.09,"Chaudhari, Bedi and Zachariah",19OQIDS9990V7Z6,invoice,Purchase of Goods (Raw Material/Trading Stock),purchase_goods,Eligible,,synthetic
TXN001633,2025-05-27,"club membership renewal - Goyal, Bahl and Patla","club membership renewal - Goyal, Bahl and Patla",22963.03,18,2066.68,2066.68,0.0,"Goyal, Bahl and Patla",07IZTCX0995Z2Z8,receipt,Club/Health/Fitness Memberships,club_membership,Blocked,"Sec 17(5)(b)(ii) blocks ITC on membership of a club, health, or fitness centre.",synthetic
TXN001009,2025-10-19,POS MACHINE RENTAL FEE - BORDE AND SONS,POS machine rental fee - Borde and Sons,3149.74,18,283.48,283.48,0.0,Borde and Sons,09ZGCTR3256S7ZN,invoice,Bank Charges/Financial Services,bank_charges,Eligible,,synthetic
TXN000177,2026-07-08,Payment to Sarin-Sunder for plastic granules,Payment to Sarin-Sunder for plastic granules,80559.4,18,0.0,0.0,14500.69,Sarin-Sunder,32WMCXS5986T3ZH,receipt,Purchase of Goods (Raw Material/Trading Stock),purchase_goods,Eligible,,synthetic
TXN000957,2025-07-27,"Ratti, Butala and Yadav - telephone/mobile plan bill pymt","Ratti, Butala and Yadav - telephone/mobile plan bill payment",7794.93,18,0.0,0.0,1403.09,"Ratti, Butala and Yadav",,bank_statement_line,Utilities (Business Electricity/Internet),utilities,Eligible,,synthetic
TXN000407,2026-10-06,"Professional fees to Loke, Balakrishnan and Gole for IT support","Professional fees to Loke, Balakrishnan and Gole for IT support",12951.01,18,0.0,0.0,2331.18,"Loke, Balakrishnan and Gole",,bank_statement_line,Input Services (Professional/Consulting/IT),input_services,Eligible,,synthetic
TXN000754,2025-01-26,Narayan and Sons - Shop Rent Payment,Narayan and Sons - Shop Rent Payment,35862.9,18,3227.66,3227.66,0.0,Narayan and Sons,,bank_statement_line,Rent/Lease of Business Premises,rent,Eligible,,synthetic
TXN000369,2026-04-12,Kalita and Sons - Capital Asset Purchase - generator set,Kalita and Sons - Capital Asset Purchase - generator set,554493.7,18,49904.43,49904.43,0.0,Kalita and Sons,23KXKZG0822F8ZU,invoice,Capital Goods,capital_goods,Eligible,,synthetic
TXN000944,2025-03-10,broadband internet charges - Vasa PLC,broadband internet charges - Vasa PLC,7962.92,18,716.66,716.66,0.0,Vasa PLC,,bank_statement_line,Utilities (Business Electricity/Internet),utilities,Eligible,,synthetic
TXN001994,2026-10-27,Employee home travel concession booking booking - Bhakta-Chana,Employee home travel concession booking booking - Bhakta-Chana,64161.12,5,1604.03,1604.03,0.0,Bhakta-Chana,23WERGI4813G2ZB,receipt,Employee Travel Benefits,employee_travel,Blocked,"Sec 17(5)(b)(iii) blocks ITC on travel benefits extended to employees (e.g. leave/home travel concession), unless obligatory under law.",synthetic
TXN001728,2024-10-03,Balan-Mammen - Membership Fee,Balan-Mammen - Membership Fee,28807.98,18,0.0,0.0,5185.44,Balan-Mammen,27MXCKD5217I6ZK,receipt,Club/Health/Fitness Memberships,club_membership,Blocked,"Sec 17(5)(b)(ii) blocks ITC on membership of a club, health, or fitness centre.",synthetic
TXN000981,2026-11-18,Doctor-Gola - electricity bill payment,Doctor-Gola - electricity bill payment,11601.02,18,1044.09,1044.09,0.0,Doctor-Gola,29OJYNP8829J1ZG,invoice,Utilities (Business Electricity/Internet),utilities,Eligible,,synthetic
TXN002220,2025-08-11,Construction paymnt - Chowdhury-Murthy for warehouse construction contract,Construction payment - Chowdhury-Murthy for warehouse construction contract,652988.1,18,58768.93,58768.93,0.0,Chowdhury-Murthy,,bank_statement_line,Works Contract/Construction of Immovable Property,works_contract,Blocked,"Sec 17(5)(c)/(d) blocks ITC on works contract services and goods/services for construction of immovable property (other than plant & machinery), even when used for business.",synthetic
TXN002278,2026-06-16,Chaudhry-Jha - building repair works contract,Chaudhry-Jha - building repair works contract,851403.55,18,0.0,0.0,153252.64,Chaudhry-Jha,27TKGBX9686K2ZZ,invoice,Works Contract/Construction of Immovable Property,works_contract,Blocked,"Sec 17(5)(c)/(d) blocks ITC on works contract services and goods/services for construction of immovable property (other than plant & machinery), even when used for business.",synthetic
TXN001326,2026-06-23,"Payment to Lalla, De and Dyal for car servicing","Payment to Lalla, De and Dyal for car servicing",33921.04,28,4748.94,4748.94,0.0,"Lalla, De and Dyal",,bank_statement_line,Motor Vehicle Expenses,motor_vehicle,Blocked,"Sec 17(5)(a) blocks ITC on motor vehicles for transport of persons (seating <=13) and related services, unless used for further supply, passenger transport, or driving training.",synthetic
TXN000632,2026-03-27,"Lease rental to Rai, Divan and Kibe for godown","Lease rental to Rai, Divan and Kibe for godown",71375.42,18,6423.79,6423.79,0.0,"Rai, Divan and Kibe",,bank_statement_line,Rent/Lease of Business Premises,rent,Eligible,,synthetic
TXN000106,2025-03-28,"purch of raw cotton from Sampath, Malhotra and Basu","Purchase of raw cotton from Sampath, Malhotra and Basu",87577.88,18,7882.01,7882.01,0.0,"Sampath, Malhotra and Basu",24SBDHK5873D5ZX,receipt,Purchase of Goods (Raw Material/Trading Stock),purchase_goods,Eligible,,synthetic
TXN002461,2025-04-01,Bahri-Sengupta - Sales Invoice,Bahri-Sengupta - Sales Invoice,263580.54,18,23722.25,23722.25,0.0,Bahri-Sengupta,23MFCYI0695O7ZZ,invoice,Sales/Outward Supply,sales_revenue,Not Applicable,,synthetic
TXN001089,2024-08-25,processing  fee fee - Nagar LLC,processing fee fee - Nagar LLC,3362.93,18,302.67,302.67,0.0,Nagar LLC,23ZADKK9516V5Z3,invoice,Bank Charges/Financial Services,bank_charges,Eligible,,synthetic
TXN001592,2026-04-13,luthra-dass - client meeting refreshments,Luthra-Dass - client meeting refreshments,18215.66,5,455.39,455.39,0.0,Luthra-Dass,09CKPAR2730K2Z5,invoice,Food & Beverages/Outdoor Catering,food_catering,Blocked,"Sec 17(5)(b)(i) explicitly blocks ITC on food and beverages and outdoor catering, unless used to make an outward taxable supply of the same category or as part of a composite/mixed supply.",synthetic
TXN002363,2025-09-25,Construction pmt - Talwar-Raja for flooring and fixtures work,Construction payment - Talwar-Raja for flooring and fixtures work,559770.73,18,50379.36,50379.36,0.0,Talwar-Raja,29VWMMP7621M6Z2,invoice,Works Contract/Construction of Immovable Property,works_contract,Blocked,"Sec 17(5)(c)/(d) blocks ITC on works contract services and goods/services for construction of immovable property (other than plant & machinery), even when used for business.",synthetic
TXN001972,2026-07-15,"Employee home travel concession booking booking - Setty, Malhotra and Sane","Employee home travel concession booking booking - Setty, Malhotra and Sane",26094.78,5,652.37,652.37,0.0,"Setty, Malhotra and Sane",36XMJBH4414U1Z9,invoice,Employee Travel Benefits,employee_travel,Blocked,"Sec 17(5)(b)(iii) blocks ITC on travel benefits extended to employees (e.g. leave/home travel concession), unless obligatory under law.",synthetic
TXN002598,2025-04-20,Nadkarni Group - Sales Invoice,Nadkarni Group - Sales Invoice,48480.02,18,4363.2,4363.2,0.0,Nadkarni Group,27TDYJO2692R2ZT,receipt,Sales/Outward Supply,sales_revenue,Not Applicable,,synthetic
TXN000490,2025-04-14,PROFESSIONAL FEES TO RAJA-THAKKAR FOR AUDITING SERVICES,Professional fees to Raja-Thakkar for auditing services,37054.93,18,3334.95,3334.95,0.0,Raja-Thakkar,,bank_statement_line,Input Services (Professional/Consulting/IT),input_services,Eligible,,synthetic
TXN001742,2025-04-15,MAHAL-DOSHI - MEMBERSHIP FEE,Mahal-Doshi - Membership Fee,46090.02,18,4148.1,4148.1,0.0,Mahal-Doshi,,bank_statement_line,Club/Health/Fitness Memberships,club_membership,Blocked,"Sec 17(5)(b)(ii) blocks ITC on membership of a club, health, or fitness centre.",synthetic
TXN000718,2026-02-19,Basu Group - Shop Rent paymnt,Basu Group - Shop Rent Payment,18896.52,18,0.0,0.0,3401.37,Basu Group,33OQSHW2199D1ZI,receipt,Rent/Lease of Business Premises,rent,Eligible,,synthetic
TXN001374,2025-05-04,vehicle vehicle registration fee - krishnan and sons,Vehicle vehicle registration fee - Krishnan and Sons,19529.87,28,0.0,0.0,5468.36,Krishnan and Sons,23QADGE3717S8ZX,invoice,Motor Vehicle Expenses,motor_vehicle,Blocked,"Sec 17(5)(a) blocks ITC on motor vehicles for transport of persons (seating <=13) and related services, unless used for further supply, passenger transport, or driving training.",synthetic
TXN001661,2026-06-24,"Sani,  Naik and Khosla - Membership Fee","Sani, Naik and Khosla - Membership Fee",20232.61,18,1820.93,1820.93,0.0,"Sani, Naik and Khosla",33EVCOP5023R4ZG,receipt,Club/Health/Fitness Memberships,club_membership,Blocked,"Sec 17(5)(b)(ii) blocks ITC on membership of a club, health, or fitness centre.",synthetic
TXN002645,2025-01-23,Sane Ltd - municipal tax payment,Sane Ltd - municipal tax payment,6251.74,exempt,0.0,0.0,0.0,Sane Ltd,24YTQKK7233Q9ZL,invoice,Exempt/Non-GST Expense,exempt_non_gst,Not Applicable,,synthetic
TXN002500,2025-07-06,"SALE INVOICE TO CHAUDHARY, DUBE AND PATLA","Sale invoice to Chaudhary, Dube and Patla",108932.64,18,9803.94,9803.94,0.0,"Chaudhary, Dube and Patla",,bank_statement_line,Sales/Outward Supply,sales_revenue,Not Applicable,,synthetic
TXN000241,2026-01-30,packing machine installation invoice from Dixit PLC,packing machine installation invoice from Dixit PLC,208804.08,18,18792.37,18792.37,0.0,Dixit PLC,07VVJUD0940R1Z4,invoice,Capital Goods,capital_goods,Eligible,,synthetic
TXN000483,2025-04-05,auditing services charges - Golla Ltd,auditing services charges - Golla Ltd,36835.04,18,0.0,0.0,6630.31,Golla Ltd,,bank_statement_line,Input Services (Professional/Consulting/IT),input_services,Eligible,,synthetic
TXN002536,2026-10-18,"paymnt received from Kaur, Palla and Mistry for export order","Payment received from Kaur, Palla and Mistry for export order",443425.68,18,39908.31,39908.31,0.0,"Kaur, Palla and Mistry",,bank_statement_line,Sales/Outward Supply,sales_revenue,Not Applicable,,synthetic
TXN001330,2024-05-10,VEHICLE VEHICLE REGISTRATION FEE - MITRA GROUP,Vehicle vehicle registration fee - Mitra Group,44828.08,28,0.0,0.0,12551.86,Mitra Group,27CURAK3731O4ZX,invoice,Motor Vehicle Expenses,motor_vehicle,Blocked,"Sec 17(5)(a) blocks ITC on motor vehicles for transport of persons (seating <=13) and related services, unless used for further supply, passenger transport, or driving training.",synthetic
TXN002639,2024-06-23,professional tax payment pymt,professional tax payment payment,58826.09,exempt,0.0,0.0,0.0,"Tella, Tak and Garde",,bank_statement_line,Exempt/Non-GST Expense,exempt_non_gst,Not Applicable,,synthetic
TXN002606,2026-08-22,Korpal PLC - professional tax payment,Korpal PLC - professional tax payment,43431.81,exempt,0.0,0.0,0.0,Korpal PLC,23QVQJZ0041I2ZJ,receipt,Exempt/Non-GST Expense,exempt_non_gst,Not Applicable,,synthetic
TXN002376,2025-02-20,Construction  pmt - Bath-Ahluwalia for building repair works contract,Construction payment - Bath-Ahluwalia for building repair works contract,564333.46,18,50790.01,50790.01,0.0,Bath-Ahluwalia,32XZSJM9491O3ZQ,invoice,Works Contract/Construction of Immovable Property,works_contract,Blocked,"Sec 17(5)(c)/(d) blocks ITC on works contract services and goods/services for construction of immovable property (other than plant & machinery), even when used for business.",synthetic
TXN000159,2025-05-17,PURCHASE OF RAW COTTON FROM WALI-NADIG,Purchase of raw cotton from Wali-Nadig,42704.88,18,0.0,0.0,7686.88,Wali-Nadig,29OAFOH6454Y4Z8,receipt,Purchase of Goods (Raw Material/Trading Stock),purchase_goods,Eligible,,synthetic
TXN001276,2025-08-07,Payment to Sachar-Banik for vehicle registration fee,Payment to Sachar-Banik for vehicle registration fee,34566.08,28,4839.25,4839.25,0.0,Sachar-Banik,,bank_statement_line,Motor Vehicle Expenses,motor_vehicle,Blocked,"Sec 17(5)(a) blocks ITC on motor vehicles for transport of persons (seating <=13) and related services, unless used for further supply, passenger transport, or driving training.",synthetic
TXN000652,2025-09-05,Monthly rent - Magar-Devan,Monthly rent - Magar-Devan,24240.93,18,2181.68,2181.68,0.0,Magar-Devan,,bank_statement_line,Rent/Lease of Business Premises,rent,Eligible,,synthetic
TXN001969,2025-08-19,"home travel concession booking - de, prashad and goyal","home travel concession booking - De, Prashad and Goyal",9472.42,5,0.0,0.0,473.62,"De, Prashad and Goyal",27ADPJF9286V4ZE,invoice,Employee Travel Benefits,employee_travel,Blocked,"Sec 17(5)(b)(iii) blocks ITC on travel benefits extended to employees (e.g. leave/home travel concession), unless obligatory under law.",synthetic
TXN001730,2024-09-05,Devan-Chahal - Membership Fee,Devan-Chahal - Membership Fee,33183.99,18,0.0,0.0,5973.12,Devan-Chahal,32ZJBIR1148C9ZF,receipt,Club/Health/Fitness Memberships,club_membership,Blocked,"Sec 17(5)(b)(ii) blocks ITC on membership of a club, health, or fitness centre.",synthetic
TXN001692,2025-04-25,HORA-SURA - MEMBERSHIP FEE,Hora-Sura - Membership Fee,40134.81,18,0.0,0.0,7224.27,Hora-Sura,,bank_statement_line,Club/Health/Fitness Memberships,club_membership,Blocked,"Sec 17(5)(b)(ii) blocks ITC on membership of a club, health, or fitness centre.",synthetic
TXN000506,2025-01-07,"Ahluwalia, Buch and Bahl - IT support services invoice","Ahluwalia, Buch and Bahl - IT support services invoice",5505.8,18,495.52,495.52,0.0,"Ahluwalia, Buch and Bahl",33IKSUM0592C6ZI,invoice,Input Services (Professional/Consulting/IT),input_services,Eligible,,synthetic
TXN001381,2025-01-20,Payment to Boase-Hari for vehicle insurance premium,Payment to Boase-Hari for vehicle insurance premium,33067.71,28,0.0,0.0,9258.96,Boase-Hari,19FFBXP7668Y8ZV,invoice,Motor Vehicle Expenses,motor_vehicle,Blocked,"Sec 17(5)(a) blocks ITC on motor vehicles for transport of persons (seating <=13) and related services, unless used for further supply, passenger transport, or driving training.",synthetic
TXN000892,2025-03-14,Pall-Chahal - telephone/mobile plan bill pymt,Pall-Chahal - telephone/mobile plan bill payment,11516.31,18,0.0,0.0,2072.94,Pall-Chahal,,bank_statement_line,Utilities (Business Electricity/Internet),utilities,Eligible,,synthetic
TXN001897,2026-08-27,staff outing travel booking - Padmanabhan-Chakraborty,staff outing travel booking - Padmanabhan-Chakraborty,40675.31,5,1016.88,1016.88,0.0,Padmanabhan-Chakraborty,36CRXVV3789L3ZR,receipt,Employee Travel Benefits,employee_travel,Blocked,"Sec 17(5)(b)(iii) blocks ITC on travel benefits extended to employees (e.g. leave/home travel concession), unless obligatory under law.",synthetic
TXN000032,2024-07-27,Purchase of raw cotton from Upadhyay Group,Purchase of raw cotton from Upadhyay Group,141249.85,18,12712.49,12712.49,0.0,Upadhyay Group,,bank_statement_line,Purchase of Goods (Raw Material/Trading Stock),purchase_goods,Eligible,,synthetic
TXN002652,2026-10-19,GOVERNMENT LICENSE FEE PMT,government license fee payment,17044.82,exempt,0.0,0.0,0.0,Ahluwalia-Ramanathan,,bank_statement_line,Exempt/Non-GST Expense,exempt_non_gst,Not Applicable,,synthetic
TXN001203,2024-05-14,Payment to Sanghvi-Raval for vehicle insurance premium,Payment to Sanghvi-Raval for vehicle insurance premium,36722.24,28,0.0,0.0,10282.23,Sanghvi-Raval,19WHPUM0758Y4ZU,receipt,Motor Vehicle Expenses,motor_vehicle,Blocked,"Sec 17(5)(a) blocks ITC on motor vehicles for transport of persons (seating <=13) and related services, unless used for further supply, passenger transport, or driving training.",synthetic
TXN000959,2025-10-07,Brar-Vaidya - electricity bill payment,Brar-Vaidya - electricity bill payment,13345.67,18,1201.11,1201.11,0.0,Brar-Vaidya,,bank_statement_line,Utilities (Business Electricity/Internet),utilities,Eligible,,synthetic
TXN001561,2024-02-25,Mander Group - client meeting refreshments,Mander Group - client meeting refreshments,5522.11,5,138.06,138.06,0.0,Mander Group,,bank_statement_line,Food & Beverages/Outdoor Catering,food_catering,Blocked,"Sec 17(5)(b)(i) explicitly blocks ITC on food and beverages and outdoor catering, unless used to make an outward taxable supply of the same category or as part of a composite/mixed supply.",synthetic
TXN001246,2025-05-29,Vehicle car repair - D’Alia-Chandran,Vehicle car repair - D’Alia-Chandran,28865.33,28,4041.14,4041.14,0.0,D’Alia-Chandran,,bank_statement_line,Motor Vehicle Expenses,motor_vehicle,Blocked,"Sec 17(5)(a) blocks ITC on motor vehicles for transport of persons (seating <=13) and related services, unless used for further supply, passenger transport, or driving training.",synthetic
TXN000017,2025-07-20,Payment to Buch-Kaul for raw cotton,Payment to Buch-Kaul for raw cotton,131779.98,18,11860.2,11860.2,0.0,Buch-Kaul,36EHFIR8529B2Z1,invoice,Purchase of Goods (Raw Material/Trading Stock),purchase_goods,Eligible,,synthetic
TXN002771,2025-09-06,professional tax paymnt payment,professional tax payment payment,18760.38,exempt,0.0,0.0,0.0,Guha-Soman,07NLLBS5431U4ZV,receipt,Exempt/Non-GST Expense,exempt_non_gst,Not Applicable,,synthetic
TXN000004,2025-03-25,Purchase of plastic granules from Balan Inc,Purchase of plastic granules from Balan Inc,57328.87,18,5159.6,5159.6,0.0,Balan Inc,33JFGYQ6171M5Z9,receipt,Purchase of Goods (Raw Material/Trading Stock),purchase_goods,Eligible,,synthetic
TXN001000,2025-03-12,Mammen Inc - telephone/mobile plan bill payment,Mammen Inc - telephone/mobile plan bill payment,9525.3,18,857.27,857.27,0.0,Mammen Inc,36UESPE7873X6ZW,invoice,Utilities (Business Electricity/Internet),utilities,Eligible,,synthetic
TXN001240,2025-07-16,"Tak, Dixit and Chana - car servicing","Tak, Dixit and Chana - car servicing",22756.12,28,3185.86,3185.86,0.0,"Tak, Dixit and Chana",24MYYIT3409I8Z1,receipt,Motor Vehicle Expenses,motor_vehicle,Blocked,"Sec 17(5)(a) blocks ITC on motor vehicles for transport of persons (seating <=13) and related services, unless used for further supply, passenger transport, or driving training.",synthetic
TXN000081,2026-08-27,Purchase of raw cotton from Kalla-Bhardwaj,Purchase of raw cotton from Kalla-Bhardwaj,102860.04,18,0.0,0.0,18514.81,Kalla-Bhardwaj,33VBULH0109Q7Z8,receipt,Purchase of Goods (Raw Material/Trading Stock),purchase_goods,Eligible,,synthetic
TXN001640,2025-05-06,gym membership - balay and sons,gym membership - Balay and Sons,15382.4,18,0.0,0.0,2768.83,Balay and Sons,19MGSRK9035M3ZI,receipt,Club/Health/Fitness Memberships,club_membership,Blocked,"Sec 17(5)(b)(ii) blocks ITC on membership of a club, health, or fitness centre.",synthetic
TXN002746,2025-05-17,"Brar, Malhotra and Kari - professional tax payment","Brar, Malhotra and Kari - professional tax payment",14957.82,exempt,0.0,0.0,0.0,"Brar, Malhotra and Kari",29CJQOI0380B7ZA,invoice,Exempt/Non-GST Expense,exempt_non_gst,Not Applicable,,synthetic
TXN001597,2026-01-23,Sheth-Balay - staff lunch catering,Sheth-Balay - staff lunch catering,19393.52,5,484.84,484.84,0.0,Sheth-Balay,36XNSPD5088E3ZO,receipt,Food & Beverages/Outdoor Catering,food_catering,Blocked,"Sec 17(5)(b)(i) explicitly blocks ITC on food and beverages and outdoor catering, unless used to make an outward taxable supply of the same category or as part of a composite/mixed supply.",synthetic
TXN000327,2024-04-21,PURCH OF 3-PHASE MOTOR - RAJAGOPALAN GROUP,Purchase of 3-phase motor - Rajagopalan Group,366960.3,18,33026.43,33026.43,0.0,Rajagopalan Group,07TXFCF2418C8Z5,receipt,Capital Goods,capital_goods,Eligible,,synthetic
TXN002032,2025-11-06,"Date, Jhaveri and Dhar - employee medical reimbursement","Date, Jhaveri and Dhar - employee medical reimbursement",27340.55,18,2460.65,2460.65,0.0,"Date, Jhaveri and Dhar",,bank_statement_line,Employee Insurance/Reimbursements,employee_insurance,Blocked,Sec 17(5)(b) blocks ITC on health/life insurance for employees unless it is obligatory for the employer under any law for the time being in force.,synthetic
TXN000252,2026-12-31,generator set installation invoice from Bali-Kata,generator set installation invoice from Bali-Kata,519033.48,18,46713.01,46713.01,0.0,Bali-Kata,23OULJG3088L5Z4,receipt,Capital Goods,capital_goods,Eligible,,synthetic
TXN000799,2026-05-01,Monthly rent - Dube-Rai,Monthly rent - Dube-Rai,82751.73,18,7447.65,7447.65,0.0,Dube-Rai,24LVTSR9781Z3ZQ,receipt,Rent/Lease of Business Premises,rent,Eligible,,synthetic
TXN000787,2025-07-01,Rao Inc - Shop Rent paymnt,Rao Inc - Shop Rent Payment,12684.3,18,1141.59,1141.59,0.0,Rao Inc,23TLNRO7591M6Z2,invoice,Rent/Lease of Business Premises,rent,Eligible,,synthetic
TXN001734,2024-07-28,wellness  center package - Deep-Jhaveri,wellness center package - Deep-Jhaveri,27973.54,18,2517.62,2517.62,0.0,Deep-Jhaveri,,bank_statement_line,Club/Health/Fitness Memberships,club_membership,Blocked,"Sec 17(5)(b)(ii) blocks ITC on membership of a club, health, or fitness centre.",synthetic
TXN002576,2025-08-20,"Sale invoice to Bahl, Dara and Wali","Sale invoice to Bahl, Dara and Wali",495024.45,18,44552.2,44552.2,0.0,"Bahl, Dara and Wali",,bank_statement_line,Sales/Outward Supply,sales_revenue,Not Applicable,,synthetic
TXN000313,2024-01-22,packing machine installation invoice from Ganesan-Mistry,packing machine installation invoice from Ganesan-Mistry,232620.66,18,20935.86,20935.86,0.0,Ganesan-Mistry,19RKUTT5136F6Z9,invoice,Capital Goods,capital_goods,Eligible,,synthetic
TXN002634,2024-10-29,EMPLOYEE PF CONTRIBUTION PYMT,employee PF contribution payment,46073.06,exempt,0.0,0.0,0.0,"Mitter, Kant and Kaur",,bank_statement_line,Exempt/Non-GST Expense,exempt_non_gst,Not Applicable,,synthetic
TXN000210,2026-01-04,packing machine installation invoice from Raghavan-Nayar,packing machine installation invoice from Raghavan-Nayar,29961.0,18,2696.49,2696.49,0.0,Raghavan-Nayar,33BBGUZ6107G9ZC,receipt,Capital Goods,capital_goods,Eligible,,synthetic
TXN001125,2025-07-19,POS  machine rental fee - Nagarajan-Bhavsar,POS machine rental fee - Nagarajan-Bhavsar,4732.54,18,425.93,425.93,0.0,Nagarajan-Bhavsar,36KZFBS1486B2ZF,invoice,Bank Charges/Financial Services,bank_charges,Eligible,,synthetic
TXN001327,2024-06-19,"Kumer, Ahluwalia and Narayanan - car repair","Kumer, Ahluwalia and Narayanan - car repair",17097.33,28,2393.62,2393.62,0.0,"Kumer, Ahluwalia and Narayanan",23DJEWJ6763H8ZF,invoice,Motor Vehicle Expenses,motor_vehicle,Blocked,"Sec 17(5)(a) blocks ITC on motor vehicles for transport of persons (seating <=13) and related services, unless used for further supply, passenger transport, or driving training.",synthetic
TXN002609,2025-04-19,GOVERNMENT LICENSE FEE PMT,government license fee payment,54366.43,exempt,0.0,0.0,0.0,Ganesh-Acharya,27LJEBV6754T7Z2,receipt,Exempt/Non-GST Expense,exempt_non_gst,Not Applicable,,synthetic
TXN000201,2026-06-05,"3-phase motor installation invoice from Sangha, Prabhakar and Biswas","3-phase motor installation invoice from Sangha, Prabhakar and Biswas",712323.26,18,64109.1,64109.1,0.0,"Sangha, Prabhakar and Biswas",19RAWNT7298Q9ZG,invoice,Capital Goods,capital_goods,Eligible,,synthetic
TXN001165,2025-02-13,"Ghose,  Anand and Kapur - Bank chgs","Ghose, Anand and Kapur - Bank Charges",4139.5,18,372.56,372.56,0.0,"Ghose, Anand and Kapur",29FWFKA9620N5ZI,invoice,Bank Charges/Financial Services,bank_charges,Eligible,,synthetic
TXN000040,2025-02-09,purchse of plastic granules from Setty Inc,Purchase of plastic granules from Setty Inc,138624.7,18,0.0,0.0,24952.45,Setty Inc,,bank_statement_line,Purchase of Goods (Raw Material/Trading Stock),purchase_goods,Eligible,,synthetic
TXN000363,2025-06-30,"3-phase motor installation invoice from Parmer, Bhat and Rao","3-phase motor installation invoice from Parmer, Bhat and Rao",499249.39,18,0.0,0.0,89864.89,"Parmer, Bhat and Rao",32SBFMG7784C4Z0,receipt,Capital Goods,capital_goods,Eligible,,synthetic
TXN001031,2026-03-18,Bedi-Ganguly - POS machine rental,Bedi-Ganguly - POS machine rental,1962.27,18,176.6,176.6,0.0,Bedi-Ganguly,36WLUMD5913B6ZY,invoice,Bank Charges/Financial Services,bank_charges,Eligible,,synthetic
TXN000886,2025-12-07,Shankar PLC - telephone/mobile plan bill payment,Shankar PLC - telephone/mobile plan bill payment,7598.3,18,683.85,683.85,0.0,Shankar PLC,,bank_statement_line,Utilities (Business Electricity/Internet),utilities,Eligible,,synthetic
TXN001662,2026-09-18,"Kala, Prashad and Kumar - Membership Fee","Kala, Prashad and Kumar - Membership Fee",25474.69,18,0.0,0.0,4585.44,"Kala, Prashad and Kumar",,bank_statement_line,Club/Health/Fitness Memberships,club_membership,Blocked,"Sec 17(5)(b)(ii) blocks ITC on membership of a club, health, or fitness centre.",synthetic
TXN000381,2024-03-23,"Bassi, Verma and Mitra - Capital Asset Purchase - 3-phase motor","Bassi, Verma and Mitra - Capital Asset Purchase - 3-phase motor",122403.6,18,11016.33,11016.33,0.0,"Bassi, Verma and Mitra",36FLKGP0431U7ZF,receipt,Capital Goods,capital_goods,Eligible,,synthetic
TXN001282,2024-09-15,Kapadia Inc - car servicing,Kapadia Inc - car servicing,11569.54,28,1619.73,1619.73,0.0,Kapadia Inc,33JNYDF2538V5ZV,invoice,Motor Vehicle Expenses,motor_vehicle,Blocked,"Sec 17(5)(a) blocks ITC on motor vehicles for transport of persons (seating <=13) and related services, unless used for further supply, passenger transport, or driving training.",synthetic
TXN002781,2025-11-02,Garg LLC - municipal tax payment,Garg LLC - municipal tax payment,35297.15,exempt,0.0,0.0,0.0,Garg LLC,09OYNAR4397R6ZS,invoice,Exempt/Non-GST Expense,exempt_non_gst,Not Applicable,,synthetic
TXN001966,2026-12-01,Employee home travel concession booking booking - Bandi Inc,Employee home travel concession booking booking - Bandi Inc,60204.36,5,1505.11,1505.11,0.0,Bandi Inc,32ZHGXG0297V6ZF,receipt,Employee Travel Benefits,employee_travel,Blocked,"Sec 17(5)(b)(iii) blocks ITC on travel benefits extended to employees (e.g. leave/home travel concession), unless obligatory under law.",synthetic
TXN002636,2025-03-21,PROFESSIONAL TAX PYMT PYMT,professional tax payment payment,2844.04,exempt,0.0,0.0,0.0,Tailor-Kadakia,32YOSIN2112G6ZF,invoice,Exempt/Non-GST Expense,exempt_non_gst,Not Applicable,,synthetic
TXN001082,2026-08-29,AGARWAL INC - BANK CHRGS,Agarwal Inc - Bank Charges,2943.24,18,264.89,264.89,0.0,Agarwal Inc,,bank_statement_line,Bank Charges/Financial Services,bank_charges,Eligible,,synthetic
TXN002568,2026-11-05,pymt received from Nanda Inc for bulk order,Payment received from Nanda Inc for bulk order,154001.5,18,13860.14,13860.14,0.0,Nanda Inc,09WQNUZ4448J5ZT,invoice,Sales/Outward Supply,sales_revenue,Not Applicable,,synthetic
TXN002213,2024-02-06,construction pmt - handa llc for building repair works contract,Construction payment - Handa LLC for building repair works contract,705363.35,18,0.0,0.0,126965.4,Handa LLC,27GAOMC7565W8ZR,receipt,Works Contract/Construction of Immovable Property,works_contract,Blocked,"Sec 17(5)(c)/(d) blocks ITC on works contract services and goods/services for construction of immovable property (other than plant & machinery), even when used for business.",synthetic
TXN001438,2024-03-16,radhakrishnan group - client meeting refreshments,Radhakrishnan Group - client meeting refreshments,19680.3,5,492.0,492.0,0.0,Radhakrishnan Group,,bank_statement_line,Food & Beverages/Outdoor Catering,food_catering,Blocked,"Sec 17(5)(b)(i) explicitly blocks ITC on food and beverages and outdoor catering, unless used to make an outward taxable supply of the same category or as part of a composite/mixed supply.",synthetic
TXN002464,2026-03-03,Sale invoice to Chauhan Ltd,Sale invoice to Chauhan Ltd,248205.49,18,0.0,0.0,44676.99,Chauhan Ltd,24POQWD2188R9ZH,invoice,Sales/Outward Supply,sales_revenue,Not Applicable,,synthetic
TXN001170,2026-12-28,"ranganathan, chaudry and amble - processing fee","Ranganathan, Chaudry and Amble - processing fee",2529.26,18,227.63,227.63,0.0,"Ranganathan, Chaudry and Amble",23TGCSG7680Y4Z4,receipt,Bank Charges/Financial Services,bank_charges,Eligible,,synthetic
TXN000486,2026-06-17,PROFESSIONAL FEES TO MANE-SEN FOR CHARTERED ACCOUNTANT,Professional fees to Mane-Sen for chartered accountant,5999.88,18,539.99,539.99,0.0,Mane-Sen,09DMERF3241Z5ZG,invoice,Input Services (Professional/Consulting/IT),input_services,Eligible,,synthetic
TXN002699,2026-06-03,staff salary payment pmt,staff salary payment payment,47984.57,exempt,0.0,0.0,0.0,"Narula, Prashad and Jha",33HMGOA4809L8Z8,receipt,Exempt/Non-GST Expense,exempt_non_gst,Not Applicable,,synthetic
TXN000753,2024-08-08,"Monthly rent - Sahni, Merchant and Dua","Monthly rent - Sahni, Merchant and Dua",44336.37,18,3990.28,3990.28,0.0,"Sahni, Merchant and Dua",07PTRZF6167W1Z6,receipt,Rent/Lease of Business Premises,rent,Eligible,,synthetic
TXN002775,2026-05-09,employee pf contribution pmt,employee PF contribution payment,53709.51,exempt,0.0,0.0,0.0,"Goel, Balay and Suresh",24ZTMOG2208I7ZF,receipt,Exempt/Non-GST Expense,exempt_non_gst,Not Applicable,,synthetic
TXN002123,2025-03-16,EMPLOYEE GROUP HEALTH INSURANCE PREMIUM PAYMNT - DUBE AND SONS,employee group health insurance premium payment - Dube and Sons,93569.9,18,8421.29,8421.29,0.0,Dube and Sons,09SSMYK9657Q9Z1,invoice,Employee Insurance/Reimbursements,employee_insurance,Blocked,Sec 17(5)(b) blocks ITC on health/life insurance for employees unless it is obligatory for the employer under any law for the time being in force.,synthetic
TXN001679,2025-08-24,Saha-Dara  - Membership Fee,Saha-Dara - Membership Fee,35169.31,18,3165.24,3165.24,0.0,Saha-Dara,32IRISH1926M7ZV,receipt,Club/Health/Fitness Memberships,club_membership,Blocked,"Sec 17(5)(b)(ii) blocks ITC on membership of a club, health, or fitness centre.",synthetic
TXN002733,2026-02-09,professional tax paymnt pmt,professional tax payment payment,20934.81,exempt,0.0,0.0,0.0,Sandal-Purohit,,bank_statement_line,Exempt/Non-GST Expense,exempt_non_gst,Not Applicable,,synthetic
TXN002727,2024-05-23,nagy ltd - professional tax pymt,Nagy Ltd - professional tax payment,18657.76,exempt,0.0,0.0,0.0,Nagy Ltd,07APKKL8136Z7ZT,receipt,Exempt/Non-GST Expense,exempt_non_gst,Not Applicable,,synthetic
TXN002430,2025-07-30,Sale invoice to Sarkar-Buch,Sale invoice to Sarkar-Buch,47745.88,18,4297.13,4297.13,0.0,Sarkar-Buch,23KJKVR1587L1Z0,receipt,Sales/Outward Supply,sales_revenue,Not Applicable,,synthetic
TXN000172,2024-12-14,Salvi Group - yarn supply,Salvi Group - yarn supply,57117.53,18,5140.58,5140.58,0.0,Salvi Group,23UPTFL7002D2ZV,invoice,Purchase of Goods (Raw Material/Trading Stock),purchase_goods,Eligible,,synthetic
TXN001976,2024-12-12,employee employee leave travel airfare booking - kuruvilla llc,Employee employee leave travel airfare booking - Kuruvilla LLC,33269.52,5,831.74,831.74,0.0,Kuruvilla LLC,09ZMVNT9033Q7ZQ,invoice,Employee Travel Benefits,employee_travel,Blocked,"Sec 17(5)(b)(iii) blocks ITC on travel benefits extended to employees (e.g. leave/home travel concession), unless obligatory under law.",synthetic
TXN002586,2024-05-05,PAYMENT RECEIVED FROM MANGAL AND SONS FOR RETAIL SALE,Payment received from Mangal and Sons for retail sale,291749.81,18,26257.49,26257.49,0.0,Mangal and Sons,24IGODV4211W9Z2,invoice,Sales/Outward Supply,sales_revenue,Not Applicable,,synthetic
TXN000520,2025-07-06,"Professional  fees to Ram, Prakash and Kulkarni for payroll processing","Professional fees to Ram, Prakash and Kulkarni for payroll processing",52213.22,18,0.0,0.0,9398.38,"Ram, Prakash and Kulkarni",,bank_statement_line,Input Services (Professional/Consulting/IT),input_services,Eligible,,synthetic
TXN002028,2025-11-30,"Puri, Dugar and Babu - staff life insurance premium","Puri, Dugar and Babu - staff life insurance premium",24057.53,18,0.0,0.0,4330.36,"Puri, Dugar and Babu",07ATINS3637K3ZO,receipt,Employee Insurance/Reimbursements,employee_insurance,Blocked,Sec 17(5)(b) blocks ITC on health/life insurance for employees unless it is obligatory for the employer under any law for the time being in force.,synthetic
TXN001851,2025-06-14,employee leave travel airfare - Mangat LLC,employee leave travel airfare - Mangat LLC,31875.94,5,796.9,796.9,0.0,Mangat LLC,,bank_statement_line,Employee Travel Benefits,employee_travel,Blocked,"Sec 17(5)(b)(iii) blocks ITC on travel benefits extended to employees (e.g. leave/home travel concession), unless obligatory under law.",synthetic
TXN000027,2024-11-04,"Murty, Kala and Tata - yarn supply","Murty, Kala and Tata - yarn supply",111676.49,18,10050.89,10050.89,0.0,"Murty, Kala and Tata",07VHUMG4723R2ZI,receipt,Purchase of Goods (Raw Material/Trading Stock),purchase_goods,Eligible,,synthetic
TXN000815,2025-05-03,broadband internet chrgs - majumdar-sama,broadband internet charges - Majumdar-Sama,10768.34,18,969.15,969.15,0.0,Majumdar-Sama,,bank_statement_line,Utilities (Business Electricity/Internet),utilities,Eligible,,synthetic
TXN002090,2024-05-02,"employee group health insurance premium payment - Patla, Behl and Choudhry","employee group health insurance premium payment - Patla, Behl and Choudhry",81807.44,18,7362.67,7362.67,0.0,"Patla, Behl and Choudhry",19LYNVV7992V8ZE,receipt,Employee Insurance/Reimbursements,employee_insurance,Blocked,Sec 17(5)(b) blocks ITC on health/life insurance for employees unless it is obligatory for the employer under any law for the time being in force.,synthetic
TXN002155,2025-10-04,Johal LLC - staff life insurance premium,Johal LLC - staff life insurance premium,48526.78,18,0.0,0.0,8734.82,Johal LLC,32GYXUT3281W6Z4,invoice,Employee Insurance/Reimbursements,employee_insurance,Blocked,Sec 17(5)(b) blocks ITC on health/life insurance for employees unless it is obligatory for the employer under any law for the time being in force.,synthetic
TXN000434,2024-11-10,"Professional fees to Sanghvi, Ravel and Sahni for payroll processing","Professional fees to Sanghvi, Ravel and Sahni for payroll processing",8572.39,18,0.0,0.0,1543.03,"Sanghvi, Ravel and Sahni",23VVIKR4753A1ZI,invoice,Input Services (Professional/Consulting/IT),input_services,Eligible,,synthetic
TXN001931,2026-08-09,employee staff outing travel booking booking - banik ltd,Employee staff outing travel booking booking - Banik Ltd,11588.04,5,0.0,0.0,579.4,Banik Ltd,27HHNXJ4708V5ZH,invoice,Employee Travel Benefits,employee_travel,Blocked,"Sec 17(5)(b)(iii) blocks ITC on travel benefits extended to employees (e.g. leave/home travel concession), unless obligatory under law.",synthetic
TXN000585,2026-10-09,website maintenance charges - Bath Ltd,website maintenance charges - Bath Ltd,7959.88,18,716.39,716.39,0.0,Bath Ltd,,bank_statement_line,Input Services (Professional/Consulting/IT),input_services,Eligible,,synthetic
TXN001978,2025-07-12,EMPLOYEE EMPLOYEE LEAVE TRAVEL AIRFARE BOOKING - IYER-RAMASWAMY,Employee employee leave travel airfare booking - Iyer-Ramaswamy,26952.98,5,673.83,673.83,0.0,Iyer-Ramaswamy,23LGMGL4757A8ZZ,receipt,Employee Travel Benefits,employee_travel,Blocked,"Sec 17(5)(b)(iii) blocks ITC on travel benefits extended to employees (e.g. leave/home travel concession), unless obligatory under law.",synthetic
TXN002602,2024-05-03,"Chaudhuri, Koshy and Dass - professional tax payment","Chaudhuri, Koshy and Dass - professional tax payment",33533.94,exempt,0.0,0.0,0.0,"Chaudhuri, Koshy and Dass",27NAQLB8842J5ZD,receipt,Exempt/Non-GST Expense,exempt_non_gst,Not Applicable,,synthetic
TXN001178,2025-09-22,"BAL, TANK AND MERCHANT - POS MACHINE RENTAL","Bal, Tank and Merchant - POS machine rental",4091.19,18,0.0,0.0,736.41,"Bal, Tank and Merchant",29OKIWF8449A9Z1,receipt,Bank Charges/Financial Services,bank_charges,Eligible,,synthetic
TXN002558,2024-11-15,Sunder-Bala - Sales Invoice,Sunder-Bala - Sales Invoice,326067.66,18,29346.09,29346.09,0.0,Sunder-Bala,07AVQRX2328Z5ZD,receipt,Sales/Outward Supply,sales_revenue,Not Applicable,,synthetic
TXN001672,2025-06-16,club membership renewal - Krish-Kaul,club membership renewal - Krish-Kaul,37426.61,18,0.0,0.0,6736.79,Krish-Kaul,29KMCBF4314M1ZH,receipt,Club/Health/Fitness Memberships,club_membership,Blocked,"Sec 17(5)(b)(ii) blocks ITC on membership of a club, health, or fitness centre.",synthetic
TXN001412,2025-09-18,OFFICE OFFICE TEA/COFFEE SUPPLIES ORDER - CHAUHAN-VERMA,Office office tea/coffee supplies order - Chauhan-Verma,15496.7,5,387.42,387.42,0.0,Chauhan-Verma,29IFBGX8557Y1Z1,invoice,Food & Beverages/Outdoor Catering,food_catering,Blocked,"Sec 17(5)(b)(i) explicitly blocks ITC on food and beverages and outdoor catering, unless used to make an outward taxable supply of the same category or as part of a composite/mixed supply.",synthetic
TXN002005,2026-05-08,employee medical reimbursement premium payment - tata-walla,employee medical reimbursement premium payment - Tata-Walla,35102.9,18,0.0,0.0,6318.52,Tata-Walla,,bank_statement_line,Employee Insurance/Reimbursements,employee_insurance,Blocked,Sec 17(5)(b) blocks ITC on health/life insurance for employees unless it is obligatory for the employer under any law for the time being in force.,synthetic
TXN001418,2024-05-13,CATERING PMT - SUBRAMANIAM-AHUJA,Catering payment - Subramaniam-Ahuja,8896.52,5,222.41,222.41,0.0,Subramaniam-Ahuja,29RNRZK2651P6ZM,invoice,Food & Beverages/Outdoor Catering,food_catering,Blocked,"Sec 17(5)(b)(i) explicitly blocks ITC on food and beverages and outdoor catering, unless used to make an outward taxable supply of the same category or as part of a composite/mixed supply.",synthetic
TXN000656,2025-03-16,Monthly rent - Narayanan-Sodhi,Monthly rent - Narayanan-Sodhi,80764.64,18,7268.82,7268.82,0.0,Narayanan-Sodhi,,bank_statement_line,Rent/Lease of Business Premises,rent,Eligible,,synthetic
TXN000278,2026-05-04,office  desktop computers installation invc from Vasa LLC,office desktop computers installation invoice from Vasa LLC,318121.56,18,0.0,0.0,57261.88,Vasa LLC,,bank_statement_line,Capital Goods,capital_goods,Eligible,,synthetic
TXN000927,2025-04-10,"water supply chgs - saxena, andra and anand","water supply charges - Saxena, Andra and Anand",7379.97,18,664.2,664.2,0.0,"Saxena, Andra and Anand",,bank_statement_line,Utilities (Business Electricity/Internet),utilities,Eligible,,synthetic
TXN002399,2025-05-13,Gole-Ganguly  - building repair works contract,Gole-Ganguly - building repair works contract,485964.37,18,43736.79,43736.79,0.0,Gole-Ganguly,,bank_statement_line,Works Contract/Construction of Immovable Property,works_contract,Blocked,"Sec 17(5)(c)/(d) blocks ITC on works contract services and goods/services for construction of immovable property (other than plant & machinery), even when used for business.",synthetic
TXN002211,2026-12-15,"Construction payment - Khurana, Tiwari and Bir for shop renovation works","Construction payment - Khurana, Tiwari and Bir for shop renovation works",885949.94,18,79735.49,79735.49,0.0,"Khurana, Tiwari and Bir",27YOWBM4874M1ZH,invoice,Works Contract/Construction of Immovable Property,works_contract,Blocked,"Sec 17(5)(c)/(d) blocks ITC on works contract services and goods/services for construction of immovable property (other than plant & machinery), even when used for business.",synthetic
TXN001647,2024-09-16,Bhat-Patel - Membership Fee,Bhat-Patel - Membership Fee,8195.13,18,0.0,0.0,1475.12,Bhat-Patel,23QTBII3529Y8ZO,receipt,Club/Health/Fitness Memberships,club_membership,Blocked,"Sec 17(5)(b)(ii) blocks ITC on membership of a club, health, or fitness centre.",synthetic
TXN000352,2026-05-19,office desktop computers installation invc from Mittal-Rege,office desktop computers installation invoice from Mittal-Rege,547684.56,18,49291.61,49291.61,0.0,Mittal-Rege,09SZTXE3128M2ZO,receipt,Capital Goods,capital_goods,Eligible,,synthetic
TXN000375,2026-01-29,CNC lathe installation invoice from Ghosh LLC,CNC lathe installation invoice from Ghosh LLC,94317.95,18,8488.61,8488.61,0.0,Ghosh LLC,07MJPRU7805M5ZZ,receipt,Capital Goods,capital_goods,Eligible,,synthetic
TXN002085,2024-08-28,employee medical reimbursement premium payment - Shetty-Agarwal,employee medical reimbursement premium payment - Shetty-Agarwal,14515.33,18,1306.38,1306.38,0.0,Shetty-Agarwal,23ZXKYC1341C9ZJ,receipt,Employee Insurance/Reimbursements,employee_insurance,Blocked,Sec 17(5)(b) blocks ITC on health/life insurance for employees unless it is obligatory for the employer under any law for the time being in force.,synthetic
TXN000522,2024-08-20,software  subscription charges - Khosla-Chawla,software subscription charges - Khosla-Chawla,47201.27,18,4248.11,4248.11,0.0,Khosla-Chawla,32QIZYT7314E8ZU,invoice,Input Services (Professional/Consulting/IT),input_services,Eligible,,synthetic
TXN002585,2025-01-28,Chaudhary PLC - Sales invc,Chaudhary PLC - Sales Invoice,55468.83,18,0.0,0.0,9984.39,Chaudhary PLC,,bank_statement_line,Sales/Outward Supply,sales_revenue,Not Applicable,,synthetic
TXN001605,2024-04-20,Chandra-Verma - Membership Fee,Chandra-Verma - Membership Fee,26738.84,18,0.0,0.0,4812.99,Chandra-Verma,,bank_statement_line,Club/Health/Fitness Memberships,club_membership,Blocked,"Sec 17(5)(b)(ii) blocks ITC on membership of a club, health, or fitness centre.",synthetic
TXN000449,2026-05-25,legal consultation chrgs - Shetty-Sen,legal consultation charges - Shetty-Sen,58095.82,18,5228.62,5228.62,0.0,Shetty-Sen,29YJJMK6419P1ZY,receipt,Input Services (Professional/Consulting/IT),input_services,Eligible,,synthetic
TXN002420,2025-08-31,"Payment received from Deep, Parmer and Char for wholesale supply","Payment received from Deep, Parmer and Char for wholesale supply",239985.7,18,21598.72,21598.72,0.0,"Deep, Parmer and Char",,bank_statement_line,Sales/Outward Supply,sales_revenue,Not Applicable,,synthetic
TXN001410,2025-01-02,Catering pmt - Singh-Sha,Catering payment - Singh-Sha,3080.9,5,77.03,77.03,0.0,Singh-Sha,29LHVSE5868I8Z0,receipt,Food & Beverages/Outdoor Catering,food_catering,Blocked,"Sec 17(5)(b)(i) explicitly blocks ITC on food and beverages and outdoor catering, unless used to make an outward taxable supply of the same category or as part of a composite/mixed supply.",synthetic
TXN002152,2025-01-05,"employee medical reimbursement premium payment - Sawhney, Sagar and Savant","employee medical reimbursement premium payment - Sawhney, Sagar and Savant",36596.46,18,3293.68,3293.68,0.0,"Sawhney, Sagar and Savant",23DCQNY2763N4ZU,receipt,Employee Insurance/Reimbursements,employee_insurance,Blocked,Sec 17(5)(b) blocks ITC on health/life insurance for employees unless it is obligatory for the employer under any law for the time being in force.,synthetic
TXN002770,2024-05-24,municipal tax paymnt pmt,municipal tax payment payment,38196.06,exempt,0.0,0.0,0.0,Bhatt-Warrior,,bank_statement_line,Exempt/Non-GST Expense,exempt_non_gst,Not Applicable,,synthetic
TXN002254,2025-07-30,banik-bali  - flooring and fixtures work,Banik-Bali - flooring and fixtures work,673191.79,18,60587.26,60587.26,0.0,Banik-Bali,07FWITA2721N3ZR,invoice,Works Contract/Construction of Immovable Property,works_contract,Blocked,"Sec 17(5)(c)/(d) blocks ITC on works contract services and goods/services for construction of immovable property (other than plant & machinery), even when used for business.",synthetic
TXN001711,2025-08-06,wellness center package - Vyas-Bassi,wellness center package - Vyas-Bassi,35814.89,18,3223.34,3223.34,0.0,Vyas-Bassi,,bank_statement_line,Club/Health/Fitness Memberships,club_membership,Blocked,"Sec 17(5)(b)(ii) blocks ITC on membership of a club, health, or fitness centre.",synthetic
TXN002135,2024-12-26,employee group health insurance premium paymnt - Mann-Din,employee group health insurance premium payment - Mann-Din,68007.4,18,6120.66,6120.66,0.0,Mann-Din,,bank_statement_line,Employee Insurance/Reimbursements,employee_insurance,Blocked,Sec 17(5)(b) blocks ITC on health/life insurance for employees unless it is obligatory for the employer under any law for the time being in force.,synthetic
TXN000982,2026-05-13,saini and sons - broadband internet bill payment,Saini and Sons - broadband internet bill payment,3599.4,18,323.94,323.94,0.0,Saini and Sons,07DYBCH9679Q2ZE,invoice,Utilities (Business Electricity/Internet),utilities,Eligible,,synthetic
TXN000546,2024-01-27,Professional fees to Varghese-Dutta for legal consultation,Professional fees to Varghese-Dutta for legal consultation,42645.35,18,3838.08,3838.08,0.0,Varghese-Dutta,29EXQTW6161K8ZJ,invoice,Input Services (Professional/Consulting/IT),input_services,Eligible,,synthetic
TXN001382,2026-01-14,SUNDER-SESHADRI - CAR SERVICING,Sunder-Seshadri - car servicing,17953.35,28,2513.47,2513.47,0.0,Sunder-Seshadri,09JXVDL6983W1Z7,invoice,Motor Vehicle Expenses,motor_vehicle,Blocked,"Sec 17(5)(a) blocks ITC on motor vehicles for transport of persons (seating <=13) and related services, unless used for further supply, passenger transport, or driving training.",synthetic
TXN000496,2025-04-03,Varghese-Din - software subscription services invoice,Varghese-Din - software subscription services invoice,11859.91,18,1067.39,1067.39,0.0,Varghese-Din,32SWULS5327R2ZK,invoice,Input Services (Professional/Consulting/IT),input_services,Eligible,,synthetic
TXN002078,2024-01-10,employee medical reimbursement premium payment - Arora Ltd,employee medical reimbursement premium payment - Arora Ltd,15877.6,18,1428.98,1428.98,0.0,Arora Ltd,,bank_statement_line,Employee Insurance/Reimbursements,employee_insurance,Blocked,Sec 17(5)(b) blocks ITC on health/life insurance for employees unless it is obligatory for the employer under any law for the time being in force.,synthetic
TXN000163,2025-02-09,"Purchase  of packaging material from Malhotra, Verma and Sundaram","Purchase of packaging material from Malhotra, Verma and Sundaram",45176.69,18,0.0,0.0,8131.8,"Malhotra, Verma and Sundaram",27YWOOC1710Y4ZI,invoice,Purchase of Goods (Raw Material/Trading Stock),purchase_goods,Eligible,,synthetic
TXN002503,2024-09-06,Sale invoice to Korpal Group,Sale invoice to Korpal Group,290430.77,18,26138.77,26138.77,0.0,Korpal Group,29XAEQB0293E8ZM,receipt,Sales/Outward Supply,sales_revenue,Not Applicable,,synthetic
TXN001905,2024-10-21,"employee staff outing travel booking booking - kakar, ghose and soman","Employee staff outing travel booking booking - Kakar, Ghose and Soman",17057.56,5,426.44,426.44,0.0,"Kakar, Ghose and Soman",,bank_statement_line,Employee Travel Benefits,employee_travel,Blocked,"Sec 17(5)(b)(iii) blocks ITC on travel benefits extended to employees (e.g. leave/home travel concession), unless obligatory under law.",synthetic
TXN000715,2024-02-18,"Lease rental to Saini, Babu and Khosla for godown","Lease rental to Saini, Babu and Khosla for godown",51261.39,18,4613.52,4613.52,0.0,"Saini, Babu and Khosla",19XYWKF3869N3Z2,receipt,Rent/Lease of Business Premises,rent,Eligible,,synthetic
TXN001144,2025-02-01,"Saha, Chakraborty and Guha - Bank Charges","Saha, Chakraborty and Guha - Bank Charges",3983.83,18,358.55,358.55,0.0,"Saha, Chakraborty and Guha",33RGVBO8487G2ZZ,receipt,Bank Charges/Financial Services,bank_charges,Eligible,,synthetic
TXN000123,2026-06-14,Purchase of plastic granules from Mody-Kari,Purchase of plastic granules from Mody-Kari,12002.15,18,1080.19,1080.19,0.0,Mody-Kari,32VKXIT1975L1ZG,invoice,Purchase of Goods (Raw Material/Trading Stock),purchase_goods,Eligible,,synthetic
TXN001613,2025-01-11,Majumdar PLC - Membership Fee,Majumdar PLC - Membership Fee,30829.09,18,2774.62,2774.62,0.0,Majumdar PLC,27AETGO7989N1ZL,receipt,Club/Health/Fitness Memberships,club_membership,Blocked,"Sec 17(5)(b)(ii) blocks ITC on membership of a club, health, or fitness centre.",synthetic
TXN000734,2025-11-28,Lease rental to Rama and Sons for office unit,Lease rental to Rama and Sons for office unit,19788.28,18,1780.94,1780.94,0.0,Rama and Sons,29AJGYR9969P5Z9,receipt,Rent/Lease of Business Premises,rent,Eligible,,synthetic
TXN000005,2026-01-11,Payment  to Kaul PLC for raw plastic pellets,Payment to Kaul PLC for raw plastic pellets,47660.23,18,4289.42,4289.42,0.0,Kaul PLC,32WIRKX4225I7ZZ,invoice,Purchase of Goods (Raw Material/Trading Stock),purchase_goods,Eligible,,synthetic
TXN000598,2024-06-22,DHALIWAL  INC - WEBSITE MAINTENANCE SERVICES INVOICE,Dhaliwal Inc - website maintenance services invoice,56480.96,18,5083.28,5083.28,0.0,Dhaliwal Inc,23BHAQR0783M3ZR,receipt,Input Services (Professional/Consulting/IT),input_services,Eligible,,synthetic
TXN000213,2026-01-03,purch  of packing machine - kuruvilla-oak,Purchase of packing machine - Kuruvilla-Oak,237707.55,18,21393.68,21393.68,0.0,Kuruvilla-Oak,32VAMYB9576V5Z5,invoice,Capital Goods,capital_goods,Eligible,,synthetic
TXN002660,2025-04-27,SOLANKI AND SONS - EMPLOYEE PF CONTRIBUTION,Solanki and Sons - employee PF contribution,37327.11,exempt,0.0,0.0,0.0,Solanki and Sons,,bank_statement_line,Exempt/Non-GST Expense,exempt_non_gst,Not Applicable,,synthetic
TXN000619,2024-03-23,"RATTI, TELLA AND BARIA - SHOP RENT PAYMENT","Ratti, Tella and Baria - Shop Rent Payment",36177.36,18,3255.96,3255.96,0.0,"Ratti, Tella and Baria",27LQPST4276P7ZT,invoice,Rent/Lease of Business Premises,rent,Eligible,,synthetic
TXN002501,2025-04-27,Sale invoice to Devi-Das,Sale invoice to Devi-Das,369383.5,18,33244.51,33244.51,0.0,Devi-Das,07AGDSA0156R3ZQ,receipt,Sales/Outward Supply,sales_revenue,Not Applicable,,synthetic
TXN000255,2025-05-27,"Hora, Sandal and Contractor - Capital Asset Purchase - CNC lathe","Hora, Sandal and Contractor - Capital Asset Purchase - CNC lathe",404992.05,18,36449.29,36449.29,0.0,"Hora, Sandal and Contractor",23ZMUIV9070P3ZM,receipt,Capital Goods,capital_goods,Eligible,,synthetic
TXN000650,2024-01-20,LEASE RENTAL TO KUNDA-SRINIVAS FOR OFFICE UNIT,Lease rental to Kunda-Srinivas for office unit,61882.32,18,5569.41,5569.41,0.0,Kunda-Srinivas,29NUIQF1015G8ZT,receipt,Rent/Lease of Business Premises,rent,Eligible,,synthetic
TXN000237,2026-10-27,Oak-Gour  - Capital Asset purch - 3-phase motor,Oak-Gour - Capital Asset Purchase - 3-phase motor,156527.13,18,14087.44,14087.44,0.0,Oak-Gour,,bank_statement_line,Capital Goods,capital_goods,Eligible,,synthetic
TXN001198,2026-01-27,Natarajan-Goel - Bank chrgs,Natarajan-Goel - Bank Charges,325.28,18,29.27,29.27,0.0,Natarajan-Goel,07AYZLY1956E9ZC,receipt,Bank Charges/Financial Services,bank_charges,Eligible,,synthetic
TXN001268,2026-02-26,payment to swamy llc for vehicle insurance premium,Payment to Swamy LLC for vehicle insurance premium,48106.29,28,6734.88,6734.88,0.0,Swamy LLC,,bank_statement_line,Motor Vehicle Expenses,motor_vehicle,Blocked,"Sec 17(5)(a) blocks ITC on motor vehicles for transport of persons (seating <=13) and related services, unless used for further supply, passenger transport, or driving training.",synthetic
TXN001697,2026-11-30,wellness  center package - Pau-Pall,wellness center package - Pau-Pall,40330.57,18,0.0,0.0,7259.5,Pau-Pall,09STPFD4221L7ZK,invoice,Club/Health/Fitness Memberships,club_membership,Blocked,"Sec 17(5)(b)(ii) blocks ITC on membership of a club, health, or fitness centre.",synthetic
TXN001492,2025-11-13,"SHARMA, BALA AND SUBRAMANIAM - FESTIVAL SWEETS ORDER","Sharma, Bala and Subramaniam - festival sweets order",9886.79,5,247.17,247.17,0.0,"Sharma, Bala and Subramaniam",,bank_statement_line,Food & Beverages/Outdoor Catering,food_catering,Blocked,"Sec 17(5)(b)(i) explicitly blocks ITC on food and beverages and outdoor catering, unless used to make an outward taxable supply of the same category or as part of a composite/mixed supply.",synthetic
TXN002575,2026-11-30,"PAYMENT RECEIVED FROM VIG, GULATI AND SONI FOR FINISHED GOODS","Payment received from Vig, Gulati and Soni for finished goods",33816.12,18,3043.45,3043.45,0.0,"Vig, Gulati and Soni",32DXVZH6705A2Z0,receipt,Sales/Outward Supply,sales_revenue,Not Applicable,,synthetic
TXN002561,2026-12-06,Sale invoice to Kale-Goswami,Sale invoice to Kale-Goswami,248127.71,18,22331.49,22331.49,0.0,Kale-Goswami,07XOVKK7117V7Z8,invoice,Sales/Outward Supply,sales_revenue,Not Applicable,,synthetic
TXN002744,2025-08-23,"Borra, Parmer and Butala - employee PF contribution","Borra, Parmer and Butala - employee PF contribution",26047.28,exempt,0.0,0.0,0.0,"Borra, Parmer and Butala",07RFDCE6694R8Z9,receipt,Exempt/Non-GST Expense,exempt_non_gst,Not Applicable,,synthetic
TXN001338,2026-02-19,"Wali, Soman and Andra - car repair","Wali, Soman and Andra - car repair",10575.24,28,0.0,0.0,2961.07,"Wali, Soman and Andra",09WRJYN9664X2ZN,invoice,Motor Vehicle Expenses,motor_vehicle,Blocked,"Sec 17(5)(a) blocks ITC on motor vehicles for transport of persons (seating <=13) and related services, unless used for further supply, passenger transport, or driving training.",synthetic
TXN000098,2026-09-18,pymt to Sarma PLC for yarn,Payment to Sarma PLC for yarn,101542.35,18,0.0,0.0,18277.62,Sarma PLC,,bank_statement_line,Purchase of Goods (Raw Material/Trading Stock),purchase_goods,Eligible,,synthetic
TXN001864,2024-02-08,Employee  staff outing travel booking booking - Gola-Sehgal,Employee staff outing travel booking booking - Gola-Sehgal,44048.29,5,0.0,0.0,2202.41,Gola-Sehgal,23WBLIU8022B6ZE,receipt,Employee Travel Benefits,employee_travel,Blocked,"Sec 17(5)(b)(iii) blocks ITC on travel benefits extended to employees (e.g. leave/home travel concession), unless obligatory under law.",synthetic
TXN001866,2025-04-20,home travel concession booking - walla inc,home travel concession booking - Walla Inc,64012.77,5,1600.32,1600.32,0.0,Walla Inc,09QZQUL6549B5ZL,invoice,Employee Travel Benefits,employee_travel,Blocked,"Sec 17(5)(b)(iii) blocks ITC on travel benefits extended to employees (e.g. leave/home travel concession), unless obligatory under law.",synthetic
TXN000092,2024-04-14,"Purchase of packaging material from Mital, Shankar and Mutti","Purchase of packaging material from Mital, Shankar and Mutti",53257.82,18,4793.2,4793.2,0.0,"Mital, Shankar and Mutti",32WRMNW4877L1ZZ,receipt,Purchase of Goods (Raw Material/Trading Stock),purchase_goods,Eligible,,synthetic
TXN001130,2024-01-31,Divan PLC - Bank Charges,Divan PLC - Bank Charges,1791.9,18,0.0,0.0,322.54,Divan PLC,,bank_statement_line,Bank Charges/Financial Services,bank_charges,Eligible,,synthetic
TXN000221,2024-12-11,"Pillay, Solanki and Wali - Capital Asset purch - packing machine","Pillay, Solanki and Wali - Capital Asset Purchase - packing machine",298567.92,18,26871.12,26871.12,0.0,"Pillay, Solanki and Wali",29HBFMI6615Z6Z1,invoice,Capital Goods,capital_goods,Eligible,,synthetic
TXN002040,2024-01-02,"KANDA, SHETTY AND JOSHI - EMPLOYEE GROUP HEALTH INSURANCE","Kanda, Shetty and Joshi - employee group health insurance",62927.13,18,5663.44,5663.44,0.0,"Kanda, Shetty and Joshi",09ZLYFL2228L7Z4,receipt,Employee Insurance/Reimbursements,employee_insurance,Blocked,Sec 17(5)(b) blocks ITC on health/life insurance for employees unless it is obligatory for the employer under any law for the time being in force.,synthetic
TXN001280,2024-03-17,NARULA-SOLANKI - FUEL PURCHASE,Narula-Solanki - fuel purchase,2315.08,28,324.11,324.11,0.0,Narula-Solanki,24TOAZK8271E3ZR,receipt,Motor Vehicle Expenses,motor_vehicle,Blocked,"Sec 17(5)(a) blocks ITC on motor vehicles for transport of persons (seating <=13) and related services, unless used for further supply, passenger transport, or driving training.",synthetic
TXN001550,2025-03-03,Catering payment - Patil-Verma,Catering payment - Patil-Verma,14938.64,5,373.46,373.46,0.0,Patil-Verma,,bank_statement_line,Food & Beverages/Outdoor Catering,food_catering,Blocked,"Sec 17(5)(b)(i) explicitly blocks ITC on food and beverages and outdoor catering, unless used to make an outward taxable supply of the same category or as part of a composite/mixed supply.",synthetic
TXN002256,2024-05-01,Swamy Group - warehouse construction contract,Swamy Group - warehouse construction contract,49032.17,18,4412.9,4412.9,0.0,Swamy Group,36EMPCL3396A4ZO,invoice,Works Contract/Construction of Immovable Property,works_contract,Blocked,"Sec 17(5)(c)/(d) blocks ITC on works contract services and goods/services for construction of immovable property (other than plant & machinery), even when used for business.",synthetic
TXN001982,2026-09-18,"home travel concession booking - Lad, Chauhan and Banerjee","home travel concession booking - Lad, Chauhan and Banerjee",6870.38,5,171.76,171.76,0.0,"Lad, Chauhan and Banerjee",24SMSMK0815X1ZG,receipt,Employee Travel Benefits,employee_travel,Blocked,"Sec 17(5)(b)(iii) blocks ITC on travel benefits extended to employees (e.g. leave/home travel concession), unless obligatory under law.",synthetic
TXN001317,2026-03-03,"vehicle vehicle registration fee - mani, batta and raj","Vehicle vehicle registration fee - Mani, Batta and Raj",18761.67,28,2626.64,2626.64,0.0,"Mani, Batta and Raj",07RQIPJ9835Z3Z7,invoice,Motor Vehicle Expenses,motor_vehicle,Blocked,"Sec 17(5)(a) blocks ITC on motor vehicles for transport of persons (seating <=13) and related services, unless used for further supply, passenger transport, or driving training.",synthetic
TXN002713,2026-02-28,Shan-Khatri - staff salary paymnt,Shan-Khatri - staff salary payment,48404.16,exempt,0.0,0.0,0.0,Shan-Khatri,23BSOPM1418X3ZX,receipt,Exempt/Non-GST Expense,exempt_non_gst,Not Applicable,,synthetic
TXN000869,2026-06-22,"Chad, Desai and Munshi - broadband internet bill payment","Chad, Desai and Munshi - broadband internet bill payment",10525.39,18,947.28,947.28,0.0,"Chad, Desai and Munshi",33HPVPO0036Q8ZC,receipt,Utilities (Business Electricity/Internet),utilities,Eligible,,synthetic
TXN001769,2026-05-10,CLUB MEMBERSHIP RENEWAL - GOLE PLC,club membership renewal - Gole PLC,18110.86,18,1629.97,1629.97,0.0,Gole PLC,23RFVSW0943Q9Z8,invoice,Club/Health/Fitness Memberships,club_membership,Blocked,"Sec 17(5)(b)(ii) blocks ITC on membership of a club, health, or fitness centre.",synthetic
TXN001899,2026-03-10,employee employee leave travel airfare booking - menon inc,Employee employee leave travel airfare booking - Menon Inc,32149.5,5,803.74,803.74,0.0,Menon Inc,,bank_statement_line,Employee Travel Benefits,employee_travel,Blocked,"Sec 17(5)(b)(iii) blocks ITC on travel benefits extended to employees (e.g. leave/home travel concession), unless obligatory under law.",synthetic
TXN001751,2024-07-07,wellness center package - Bali Group,wellness center package - Bali Group,5318.12,18,0.0,0.0,957.26,Bali Group,29VRJFG2546T8ZB,receipt,Club/Health/Fitness Memberships,club_membership,Blocked,"Sec 17(5)(b)(ii) blocks ITC on membership of a club, health, or fitness centre.",synthetic
TXN001449,2024-04-16,Palla-Chaudhari - client meeting refreshments,Palla-Chaudhari - client meeting refreshments,17550.77,5,438.77,438.77,0.0,Palla-Chaudhari,,bank_statement_line,Food & Beverages/Outdoor Catering,food_catering,Blocked,"Sec 17(5)(b)(i) explicitly blocks ITC on food and beverages and outdoor catering, unless used to make an outward taxable supply of the same category or as part of a composite/mixed supply.",synthetic
TXN000708,2025-10-20,MONTHLY RENT - YOGI GROUP,Monthly rent - Yogi Group,45713.02,18,4114.17,4114.17,0.0,Yogi Group,,bank_statement_line,Rent/Lease of Business Premises,rent,Eligible,,synthetic
TXN000346,2026-08-01,OFFICE DESKTOP COMPUTERS INSTALLATION INVOICE FROM ATWAL-LALLA,office desktop computers installation invoice from Atwal-Lalla,310951.07,18,27985.6,27985.6,0.0,Atwal-Lalla,33CEFEX6855R2Z0,receipt,Capital Goods,capital_goods,Eligible,,synthetic
TXN000208,2024-09-28,packing machine installation invoice from Korpal-Chadha,packing machine installation invoice from Korpal-Chadha,373219.65,18,33589.77,33589.77,0.0,Korpal-Chadha,32STHSW7962T5ZW,receipt,Capital Goods,capital_goods,Eligible,,synthetic
TXN001520,2025-10-16,Luthra  Group - client meeting refreshments,Luthra Group - client meeting refreshments,14518.54,5,362.96,362.96,0.0,Luthra Group,24YBHMD8082N3Z3,receipt,Food & Beverages/Outdoor Catering,food_catering,Blocked,"Sec 17(5)(b)(i) explicitly blocks ITC on food and beverages and outdoor catering, unless used to make an outward taxable supply of the same category or as part of a composite/mixed supply.",synthetic
TXN002250,2026-10-16,"CONSTRUCTION PAYMENT - LAL, OZA AND ZACHARIAH FOR BUILDING REPAIR WORKS CONTRACT","Construction payment - Lal, Oza and Zachariah for building repair works contract",340624.98,18,0.0,0.0,61312.5,"Lal, Oza and Zachariah",07UREYM5774S6Z6,receipt,Works Contract/Construction of Immovable Property,works_contract,Blocked,"Sec 17(5)(c)/(d) blocks ITC on works contract services and goods/services for construction of immovable property (other than plant & machinery), even when used for business.",synthetic
TXN001837,2025-05-03,EMPLOYEE LEAVE TRAVEL AIRFARE - GILL-CHOUDHURY,employee leave travel airfare - Gill-Choudhury,10255.57,5,256.39,256.39,0.0,Gill-Choudhury,36KMJDD1724J8Z2,receipt,Employee Travel Benefits,employee_travel,Blocked,"Sec 17(5)(b)(iii) blocks ITC on travel benefits extended to employees (e.g. leave/home travel concession), unless obligatory under law.",synthetic
TXN001576,2025-09-12,"OFFICE  FESTIVAL SWEETS ORDER ORDER - SWAMY, SOOD AND MISTRY","Office festival sweets order order - Swamy, Sood and Mistry",11791.31,5,294.79,294.79,0.0,"Swamy, Sood and Mistry",19ZTQCY8065E4Z7,receipt,Food & Beverages/Outdoor Catering,food_catering,Blocked,"Sec 17(5)(b)(i) explicitly blocks ITC on food and beverages and outdoor catering, unless used to make an outward taxable supply of the same category or as part of a composite/mixed supply.",synthetic
TXN000567,2026-12-30,Professional fees to Tak Inc for software subscription,Professional fees to Tak Inc for software subscription,8504.35,18,765.39,765.39,0.0,Tak Inc,29MBOAV2833F5ZE,invoice,Input Services (Professional/Consulting/IT),input_services,Eligible,,synthetic
TXN001162,2025-05-18,"KAR, JHAVERI AND LUTHRA - LOAN PROCESSING FEE","Kar, Jhaveri and Luthra - loan processing fee",51.22,18,0.0,0.0,9.22,"Kar, Jhaveri and Luthra",27ZJFBV6020X2ZO,receipt,Bank Charges/Financial Services,bank_charges,Eligible,,synthetic
TXN002411,2025-12-03,pymt received from Bava Ltd for export order,Payment received from Bava Ltd for export order,204602.1,18,0.0,0.0,36828.38,Bava Ltd,,bank_statement_line,Sales/Outward Supply,sales_revenue,Not Applicable,,synthetic
TXN000205,2026-12-05,CNC lathe installation invoice from Goda-Vig,CNC lathe installation invoice from Goda-Vig,656939.18,18,0.0,0.0,118249.05,Goda-Vig,36TPSJL0603U5Z9,receipt,Capital Goods,capital_goods,Eligible,,synthetic
TXN001950,2025-01-05,staff  outing travel booking - Raghavan Ltd,staff outing travel booking - Raghavan Ltd,12829.2,5,320.73,320.73,0.0,Raghavan Ltd,29FGWQO4485T6Z6,invoice,Employee Travel Benefits,employee_travel,Blocked,"Sec 17(5)(b)(iii) blocks ITC on travel benefits extended to employees (e.g. leave/home travel concession), unless obligatory under law.",synthetic
TXN000330,2024-01-26,Purchase of office desktop computers - Randhawa LLC,Purchase of office desktop computers - Randhawa LLC,732728.68,18,0.0,0.0,131891.16,Randhawa LLC,27BMTAN4784H2Z9,receipt,Capital Goods,capital_goods,Eligible,,synthetic
TXN000524,2026-01-28,Nigam-Gill - auditing services services invoice,Nigam-Gill - auditing services services invoice,57190.24,18,0.0,0.0,10294.24,Nigam-Gill,,bank_statement_line,Input Services (Professional/Consulting/IT),input_services,Eligible,,synthetic
TXN002066,2025-01-09,EMPLOYEE MEDICAL REIMBURSEMENT PREMIUM PAYMENT - KANNAN-MERCHANT,employee medical reimbursement premium payment - Kannan-Merchant,78091.33,18,0.0,0.0,14056.44,Kannan-Merchant,,bank_statement_line,Employee Insurance/Reimbursements,employee_insurance,Blocked,Sec 17(5)(b) blocks ITC on health/life insurance for employees unless it is obligatory for the employer under any law for the time being in force.,synthetic
TXN002739,2026-06-20,municipal tax paymnt paymnt,municipal tax payment payment,1556.01,exempt,0.0,0.0,0.0,Seshadri-Sibal,32PDTVL3227U1ZW,receipt,Exempt/Non-GST Expense,exempt_non_gst,Not Applicable,,synthetic
TXN002374,2026-05-20,Construction paymnt - Bhargava Inc for building repair works contract,Construction payment - Bhargava Inc for building repair works contract,466862.07,18,42017.58,42017.58,0.0,Bhargava Inc,19KXQRR9621T7ZW,invoice,Works Contract/Construction of Immovable Property,works_contract,Blocked,"Sec 17(5)(c)/(d) blocks ITC on works contract services and goods/services for construction of immovable property (other than plant & machinery), even when used for business.",synthetic
TXN000680,2025-08-19,Monthly rent - Parsa-Keer,Monthly rent - Parsa-Keer,47183.77,18,4246.54,4246.54,0.0,Parsa-Keer,,bank_statement_line,Rent/Lease of Business Premises,rent,Eligible,,synthetic
TXN000388,2024-02-12,"Purchase of commercial printer - Wali, Menon and Setty","Purchase of commercial printer - Wali, Menon and Setty",725957.05,18,0.0,0.0,130672.27,"Wali, Menon and Setty",27NKIBX4449L8Z1,invoice,Capital Goods,capital_goods,Eligible,,synthetic
TXN001245,2025-12-25,Payment to Parsa-Munshi for car servicing,Payment to Parsa-Munshi for car servicing,41152.82,28,5761.4,5761.4,0.0,Parsa-Munshi,33VIDGF3203B8ZN,receipt,Motor Vehicle Expenses,motor_vehicle,Blocked,"Sec 17(5)(a) blocks ITC on motor vehicles for transport of persons (seating <=13) and related services, unless used for further supply, passenger transport, or driving training.",synthetic
TXN002643,2026-01-14,staff salary paymnt payment,staff salary payment payment,7237.12,exempt,0.0,0.0,0.0,"Mahal, Handa and Bajaj",23OXLTY3290Y2ZJ,receipt,Exempt/Non-GST Expense,exempt_non_gst,Not Applicable,,synthetic
TXN001249,2025-07-27,paymnt to Loyal-Chander for vehicle insurance premium,Payment to Loyal-Chander for vehicle insurance premium,16340.0,28,2287.6,2287.6,0.0,Loyal-Chander,36UHOEQ2947L9ZY,receipt,Motor Vehicle Expenses,motor_vehicle,Blocked,"Sec 17(5)(a) blocks ITC on motor vehicles for transport of persons (seating <=13) and related services, unless used for further supply, passenger transport, or driving training.",synthetic
TXN002720,2024-09-06,"Menon,  Dixit and Narang - professional tax payment","Menon, Dixit and Narang - professional tax payment",6652.11,exempt,0.0,0.0,0.0,"Menon, Dixit and Narang",,bank_statement_line,Exempt/Non-GST Expense,exempt_non_gst,Not Applicable,,synthetic
TXN001935,2025-09-04,staff outing travel booking - Butala-Date,staff outing travel booking - Butala-Date,12894.91,5,322.38,322.38,0.0,Butala-Date,24YBJHQ5555E8ZX,receipt,Employee Travel Benefits,employee_travel,Blocked,"Sec 17(5)(b)(iii) blocks ITC on travel benefits extended to employees (e.g. leave/home travel concession), unless obligatory under law.",synthetic
TXN000678,2026-08-22,monthly rent - sekhon llc,Monthly rent - Sekhon LLC,36626.77,18,3296.41,3296.41,0.0,Sekhon LLC,,bank_statement_line,Rent/Lease of Business Premises,rent,Eligible,,synthetic
TXN001564,2025-08-27,"parikh, nanda and soni - staff lunch catering","Parikh, Nanda and Soni - staff lunch catering",15229.74,5,380.75,380.75,0.0,"Parikh, Nanda and Soni",29SOJYK0809T7ZV,invoice,Food & Beverages/Outdoor Catering,food_catering,Blocked,"Sec 17(5)(b)(i) explicitly blocks ITC on food and beverages and outdoor catering, unless used to make an outward taxable supply of the same category or as part of a composite/mixed supply.",synthetic
TXN002383,2024-09-07,"Wali, Sant and Dhar - warehouse construction contract","Wali, Sant and Dhar - warehouse construction contract",546089.37,18,49148.04,49148.04,0.0,"Wali, Sant and Dhar",,bank_statement_line,Works Contract/Construction of Immovable Property,works_contract,Blocked,"Sec 17(5)(c)/(d) blocks ITC on works contract services and goods/services for construction of immovable property (other than plant & machinery), even when used for business.",synthetic
TXN001118,2024-10-31,Brar-Rana - Bank chrgs,Brar-Rana - Bank Charges,764.42,18,68.8,68.8,0.0,Brar-Rana,19JZCCG3779X5Z5,invoice,Bank Charges/Financial Services,bank_charges,Eligible,,synthetic
TXN001290,2024-01-09,Sachdeva Inc - car servicing,Sachdeva Inc - car servicing,6974.54,28,976.43,976.43,0.0,Sachdeva Inc,,bank_statement_line,Motor Vehicle Expenses,motor_vehicle,Blocked,"Sec 17(5)(a) blocks ITC on motor vehicles for transport of persons (seating <=13) and related services, unless used for further supply, passenger transport, or driving training.",synthetic
TXN002145,2024-04-10,employee group health insurance premium payment - Hayer-Swaminathan,employee group health insurance premium payment - Hayer-Swaminathan,42998.93,18,3869.91,3869.91,0.0,Hayer-Swaminathan,27LDNCA9997B9Z8,receipt,Employee Insurance/Reimbursements,employee_insurance,Blocked,Sec 17(5)(b) blocks ITC on health/life insurance for employees unless it is obligatory for the employer under any law for the time being in force.,synthetic
TXN000085,2026-06-30,Grewal Inc - raw plastic pellets supply,Grewal Inc - raw plastic pellets supply,110483.39,18,9943.5,9943.5,0.0,Grewal Inc,36DUSFP6921C8ZL,receipt,Purchase of Goods (Raw Material/Trading Stock),purchase_goods,Eligible,,synthetic
TXN001962,2026-11-26,"Employee  employee leave travel airfare booking - Anand, Bir and Arora","Employee employee leave travel airfare booking - Anand, Bir and Arora",76168.95,5,1904.22,1904.22,0.0,"Anand, Bir and Arora",19HLKPR2986S5ZN,invoice,Employee Travel Benefits,employee_travel,Blocked,"Sec 17(5)(b)(iii) blocks ITC on travel benefits extended to employees (e.g. leave/home travel concession), unless obligatory under law.",synthetic
TXN001175,2025-10-06,Doctor PLC - POS machine rental,Doctor PLC - POS machine rental,3397.45,18,0.0,0.0,611.54,Doctor PLC,09MFKHV6685P7ZB,invoice,Bank Charges/Financial Services,bank_charges,Eligible,,synthetic
TXN000677,2026-06-27,MONTHLY RENT - LAL GROUP,Monthly rent - Lal Group,22743.27,18,0.0,0.0,4093.79,Lal Group,09UQKFV0928D3ZN,invoice,Rent/Lease of Business Premises,rent,Eligible,,synthetic
TXN000945,2026-03-01,"GULATI, RAMANATHAN AND MERCHANT - BROADBAND INTERNET BILL PYMT","Gulati, Ramanathan and Merchant - broadband internet bill payment",13389.97,18,1205.1,1205.1,0.0,"Gulati, Ramanathan and Merchant",,bank_statement_line,Utilities (Business Electricity/Internet),utilities,Eligible,,synthetic
TXN000295,2024-03-15,PURCHASE OF INDUSTRIAL SEWING MACHINE - YOHANNAN-SULE,Purchase of industrial sewing machine - Yohannan-Sule,92231.21,18,8300.81,8300.81,0.0,Yohannan-Sule,36EIMWI3709Q3ZN,receipt,Capital Goods,capital_goods,Eligible,,synthetic
TXN001583,2025-08-31,office festival sweets order order - khatri-varughese,Office festival sweets order order - Khatri-Varughese,11627.12,5,290.68,290.68,0.0,Khatri-Varughese,19YYMDE7372G6Z6,invoice,Food & Beverages/Outdoor Catering,food_catering,Blocked,"Sec 17(5)(b)(i) explicitly blocks ITC on food and beverages and outdoor catering, unless used to make an outward taxable supply of the same category or as part of a composite/mixed supply.",synthetic
TXN001355,2024-01-28,PMT TO BOBAL-KARI FOR VEHICLE INSURANCE PREMIUM,Payment to Bobal-Kari for vehicle insurance premium,18648.95,28,2610.86,2610.86,0.0,Bobal-Kari,33ZJSFL2610C5ZP,receipt,Motor Vehicle Expenses,motor_vehicle,Blocked,"Sec 17(5)(a) blocks ITC on motor vehicles for transport of persons (seating <=13) and related services, unless used for further supply, passenger transport, or driving training.",synthetic
TXN002694,2026-09-29,CHEEMA GROUP - EMPLOYEE PF CONTRIBUTION,Cheema Group - employee PF contribution,52032.13,exempt,0.0,0.0,0.0,Cheema Group,33BHBMF4904F4Z9,receipt,Exempt/Non-GST Expense,exempt_non_gst,Not Applicable,,synthetic
TXN001960,2024-02-22,"HOME TRAVEL CONCESSION BOOKING - HAYER, VENKATESH AND NAZARETH","home travel concession booking - Hayer, Venkatesh and Nazareth",30212.88,5,0.0,0.0,1510.64,"Hayer, Venkatesh and Nazareth",07PEQAS6933E9ZQ,receipt,Employee Travel Benefits,employee_travel,Blocked,"Sec 17(5)(b)(iii) blocks ITC on travel benefits extended to employees (e.g. leave/home travel concession), unless obligatory under law.",synthetic
TXN000420,2026-06-03,Vala  Inc - IT support services invoice,Vala Inc - IT support services invoice,36397.92,18,3275.82,3275.82,0.0,Vala Inc,23PCBAI8019O1ZT,invoice,Input Services (Professional/Consulting/IT),input_services,Eligible,,synthetic
TXN000093,2024-08-31,Payment to Andra Group for plastic granules,Payment to Andra Group for plastic granules,82703.63,18,0.0,0.0,14886.65,Andra Group,,bank_statement_line,Purchase of Goods (Raw Material/Trading Stock),purchase_goods,Eligible,,synthetic
TXN001358,2025-03-01,Badal-Ramachandran - fuel purch,Badal-Ramachandran - fuel purchase,5835.95,28,817.03,817.03,0.0,Badal-Ramachandran,32CGGXN4686H3ZB,receipt,Motor Vehicle Expenses,motor_vehicle,Blocked,"Sec 17(5)(a) blocks ITC on motor vehicles for transport of persons (seating <=13) and related services, unless used for further supply, passenger transport, or driving training.",synthetic
TXN000136,2025-01-16,Payment to Boase-Narayanan for plastic granules,Payment to Boase-Narayanan for plastic granules,69577.1,18,0.0,0.0,12523.88,Boase-Narayanan,,bank_statement_line,Purchase of Goods (Raw Material/Trading Stock),purchase_goods,Eligible,,synthetic
TXN001887,2024-05-19,Employee employee leave travel airfare booking - Chatterjee-Saxena,Employee employee leave travel airfare booking - Chatterjee-Saxena,77819.74,5,1945.49,1945.49,0.0,Chatterjee-Saxena,33ZUTAB7602Y5Z5,invoice,Employee Travel Benefits,employee_travel,Blocked,"Sec 17(5)(b)(iii) blocks ITC on travel benefits extended to employees (e.g. leave/home travel concession), unless obligatory under law.",synthetic
TXN000899,2025-07-18,"telephone/mobile plan chrgs - Master, Mann and Loke","telephone/mobile plan charges - Master, Mann and Loke",10962.83,18,0.0,0.0,1973.31,"Master, Mann and Loke",27UFRPD6400O2ZJ,invoice,Utilities (Business Electricity/Internet),utilities,Eligible,,synthetic
TXN000725,2026-08-18,lease rental to gill ltd for shop premises,Lease rental to Gill Ltd for shop premises,92456.2,18,0.0,0.0,16642.12,Gill Ltd,29SCLRF7361G8ZL,invoice,Rent/Lease of Business Premises,rent,Eligible,,synthetic
TXN002422,2025-06-01,SEHGAL-RAMA - SALES INVC,Sehgal-Rama - Sales Invoice,150778.32,18,13570.05,13570.05,0.0,Sehgal-Rama,23OBPGV1494C4ZH,invoice,Sales/Outward Supply,sales_revenue,Not Applicable,,synthetic
TXN000038,2024-07-22,"Yadav, Loke and Oak - packaging material supply","Yadav, Loke and Oak - packaging material supply",121765.74,18,0.0,0.0,21917.83,"Yadav, Loke and Oak",07DTPUF5448N5ZD,invoice,Purchase of Goods (Raw Material/Trading Stock),purchase_goods,Eligible,,synthetic
TXN001896,2025-11-13,home travel concession booking - Mistry-Modi,home travel concession booking - Mistry-Modi,66387.22,5,1659.68,1659.68,0.0,Mistry-Modi,,bank_statement_line,Employee Travel Benefits,employee_travel,Blocked,"Sec 17(5)(b)(iii) blocks ITC on travel benefits extended to employees (e.g. leave/home travel concession), unless obligatory under law.",synthetic
TXN000412,2026-09-02,"Wali, Kale and Puri - software subscription services invoice","Wali, Kale and Puri - software subscription services invoice",13440.16,18,1209.62,1209.62,0.0,"Wali, Kale and Puri",24QZSHR3293W3ZA,receipt,Input Services (Professional/Consulting/IT),input_services,Eligible,,synthetic
TXN001535,2024-12-26,Office festival sweets order order - Kumar Group,Office festival sweets order order - Kumar Group,5344.19,5,0.0,0.0,267.21,Kumar Group,,bank_statement_line,Food & Beverages/Outdoor Catering,food_catering,Blocked,"Sec 17(5)(b)(i) explicitly blocks ITC on food and beverages and outdoor catering, unless used to make an outward taxable supply of the same category or as part of a composite/mixed supply.",synthetic
TXN002436,2025-06-04,Sale invoice to Chandra-Shetty,Sale invoice to Chandra-Shetty,319949.37,18,28795.44,28795.44,0.0,Chandra-Shetty,27GIHIZ5287R1ZU,invoice,Sales/Outward Supply,sales_revenue,Not Applicable,,synthetic
TXN001619,2025-06-10,"Bhasin, Bhasin and Parekh - Membership Fee","Bhasin, Bhasin and Parekh - Membership Fee",14416.94,18,0.0,0.0,2595.05,"Bhasin, Bhasin and Parekh",36PDWMA5886I8ZJ,receipt,Club/Health/Fitness Memberships,club_membership,Blocked,"Sec 17(5)(b)(ii) blocks ITC on membership of a club, health, or fitness centre.",synthetic
TXN001402,2024-08-20,"Office festival sweets order order - Anne, Khare and Gandhi","Office festival sweets order order - Anne, Khare and Gandhi",4485.72,5,112.14,112.14,0.0,"Anne, Khare and Gandhi",27AOMPQ4287S3ZJ,invoice,Food & Beverages/Outdoor Catering,food_catering,Blocked,"Sec 17(5)(b)(i) explicitly blocks ITC on food and beverages and outdoor catering, unless used to make an outward taxable supply of the same category or as part of a composite/mixed supply.",synthetic
TXN000745,2025-08-07,"Nagy, Mandal and Rai - Shop Rent Payment","Nagy, Mandal and Rai - Shop Rent Payment",27946.16,18,2515.16,2515.16,0.0,"Nagy, Mandal and Rai",07VWFYK3961P8Z9,invoice,Rent/Lease of Business Premises,rent,Eligible,,synthetic
TXN002175,2025-09-24,"Deshmukh, Parikh and Gade - employee group health insurance","Deshmukh, Parikh and Gade - employee group health insurance",40350.36,18,3631.53,3631.53,0.0,"Deshmukh, Parikh and Gade",07CWFCL5418Z6Z5,receipt,Employee Insurance/Reimbursements,employee_insurance,Blocked,Sec 17(5)(b) blocks ITC on health/life insurance for employees unless it is obligatory for the employer under any law for the time being in force.,synthetic
TXN000825,2026-09-01,NAGAR-MANNE  - BROADBAND INTERNET BILL PAYMENT,Nagar-Manne - broadband internet bill payment,9018.74,18,811.68,811.68,0.0,Nagar-Manne,32XXCYP0257Y4ZC,receipt,Utilities (Business Electricity/Internet),utilities,Eligible,,synthetic
TXN002437,2024-11-21,"pymt received from Kulkarni, Pant and Kumar for finished goods","Payment received from Kulkarni, Pant and Kumar for finished goods",287920.5,18,0.0,0.0,51825.69,"Kulkarni, Pant and Kumar",23OGWIE0076Y4ZL,invoice,Sales/Outward Supply,sales_revenue,Not Applicable,,synthetic
TXN001612,2025-04-20,"club membership renewal - Saraf, Nair and Aurora","club membership renewal - Saraf, Nair and Aurora",2209.81,18,198.88,198.88,0.0,"Saraf, Nair and Aurora",24VIIDK7444R5ZN,receipt,Club/Health/Fitness Memberships,club_membership,Blocked,"Sec 17(5)(b)(ii) blocks ITC on membership of a club, health, or fitness centre.",synthetic
TXN000424,2025-11-30,Professional fees to Bhakta-Amble for website maintenance,Professional fees to Bhakta-Amble for website maintenance,19211.79,18,1729.06,1729.06,0.0,Bhakta-Amble,27NRDGV5039U4ZE,receipt,Input Services (Professional/Consulting/IT),input_services,Eligible,,synthetic
TXN002247,2026-09-20,"Char, Bose and Venkatesh - building repair works contract","Char, Bose and Venkatesh - building repair works contract",798538.52,18,0.0,0.0,143736.93,"Char, Bose and Venkatesh",,bank_statement_line,Works Contract/Construction of Immovable Property,works_contract,Blocked,"Sec 17(5)(c)/(d) blocks ITC on works contract services and goods/services for construction of immovable property (other than plant & machinery), even when used for business.",synthetic
TXN001726,2026-12-26,"gym membership - Mittal, Keer and Thaker","gym membership - Mittal, Keer and Thaker",30469.55,18,0.0,0.0,5484.52,"Mittal, Keer and Thaker",,bank_statement_line,Club/Health/Fitness Memberships,club_membership,Blocked,"Sec 17(5)(b)(ii) blocks ITC on membership of a club, health, or fitness centre.",synthetic
TXN000519,2024-05-07,auditing services chrgs - Singhal-Bassi,auditing services charges - Singhal-Bassi,13594.74,18,1223.53,1223.53,0.0,Singhal-Bassi,,bank_statement_line,Input Services (Professional/Consulting/IT),input_services,Eligible,,synthetic
TXN001901,2024-03-30,"Employee home travel concession booking booking - Parmer, Choudhary and Manda","Employee home travel concession booking booking - Parmer, Choudhary and Manda",78265.51,5,0.0,0.0,3913.28,"Parmer, Choudhary and Manda",,bank_statement_line,Employee Travel Benefits,employee_travel,Blocked,"Sec 17(5)(b)(iii) blocks ITC on travel benefits extended to employees (e.g. leave/home travel concession), unless obligatory under law.",synthetic
TXN001436,2024-05-01,"Vaidya, Lalla and Ganesh - client meeting refreshments","Vaidya, Lalla and Ganesh - client meeting refreshments",5771.57,5,144.29,144.29,0.0,"Vaidya, Lalla and Ganesh",27YMMCP3207Y4ZN,invoice,Food & Beverages/Outdoor Catering,food_catering,Blocked,"Sec 17(5)(b)(i) explicitly blocks ITC on food and beverages and outdoor catering, unless used to make an outward taxable supply of the same category or as part of a composite/mixed supply.",synthetic
TXN002635,2025-01-27,government license fee pymt,government license fee payment,48794.93,exempt,0.0,0.0,0.0,Patil-Bansal,,bank_statement_line,Exempt/Non-GST Expense,exempt_non_gst,Not Applicable,,synthetic
TXN002165,2024-09-24,employee  group health insurance premium pmt - Lala LLC,employee group health insurance premium payment - Lala LLC,41711.78,18,3754.06,3754.06,0.0,Lala LLC,32JUTTI1097V8Z4,receipt,Employee Insurance/Reimbursements,employee_insurance,Blocked,Sec 17(5)(b) blocks ITC on health/life insurance for employees unless it is obligatory for the employer under any law for the time being in force.,synthetic
TXN001546,2025-08-04,"Office client meeting refreshments order - Ravel, Bora and Buch","Office client meeting refreshments order - Ravel, Bora and Buch",5797.81,5,144.94,144.94,0.0,"Ravel, Bora and Buch",27YFTPY5565D5ZW,invoice,Food & Beverages/Outdoor Catering,food_catering,Blocked,"Sec 17(5)(b)(i) explicitly blocks ITC on food and beverages and outdoor catering, unless used to make an outward taxable supply of the same category or as part of a composite/mixed supply.",synthetic
TXN001738,2026-07-02,GYM MEMBERSHIP - BIR-WALIA,gym membership - Bir-Walia,43120.67,18,3880.86,3880.86,0.0,Bir-Walia,36ZKMHS8391Z7ZI,invoice,Club/Health/Fitness Memberships,club_membership,Blocked,"Sec 17(5)(b)(ii) blocks ITC on membership of a club, health, or fitness centre.",synthetic
TXN001768,2024-11-17,"Seth, Chana and Tella - Membership Fee","Seth, Chana and Tella - Membership Fee",10325.65,18,929.31,929.31,0.0,"Seth, Chana and Tella",32OZXXQ4673V8ZM,receipt,Club/Health/Fitness Memberships,club_membership,Blocked,"Sec 17(5)(b)(ii) blocks ITC on membership of a club, health, or fitness centre.",synthetic
TXN002243,2025-06-29,"Desai,  Balan and Chaudhary - warehouse construction contract","Desai, Balan and Chaudhary - warehouse construction contract",97138.11,18,0.0,0.0,17484.86,"Desai, Balan and Chaudhary",23QHTRT9577O6ZF,invoice,Works Contract/Construction of Immovable Property,works_contract,Blocked,"Sec 17(5)(c)/(d) blocks ITC on works contract services and goods/services for construction of immovable property (other than plant & machinery), even when used for business.",synthetic
TXN000830,2024-09-15,"water supply charges - Kadakia, Sarma and Manne","water supply charges - Kadakia, Sarma and Manne",2172.54,18,195.53,195.53,0.0,"Kadakia, Sarma and Manne",07TNWOK6780F9ZO,invoice,Utilities (Business Electricity/Internet),utilities,Eligible,,synthetic
TXN002122,2024-12-29,"employee medical reimbursement premium payment - Wason, Mangal and Gopal","employee medical reimbursement premium payment - Wason, Mangal and Gopal",88404.62,18,7956.41,7956.41,0.0,"Wason, Mangal and Gopal",,bank_statement_line,Employee Insurance/Reimbursements,employee_insurance,Blocked,Sec 17(5)(b) blocks ITC on health/life insurance for employees unless it is obligatory for the employer under any law for the time being in force.,synthetic
TXN001375,2025-09-14,Vehicle fuel purchase - Golla Ltd,Vehicle fuel purchase - Golla Ltd,34673.79,28,0.0,0.0,9708.66,Golla Ltd,19KRPXR9275P4ZX,receipt,Motor Vehicle Expenses,motor_vehicle,Blocked,"Sec 17(5)(a) blocks ITC on motor vehicles for transport of persons (seating <=13) and related services, unless used for further supply, passenger transport, or driving training.",synthetic
TXN001459,2024-10-28,Office  office tea/coffee supplies order - Pau-Majumdar,Office office tea/coffee supplies order - Pau-Majumdar,13602.45,5,340.06,340.06,0.0,Pau-Majumdar,,bank_statement_line,Food & Beverages/Outdoor Catering,food_catering,Blocked,"Sec 17(5)(b)(i) explicitly blocks ITC on food and beverages and outdoor catering, unless used to make an outward taxable supply of the same category or as part of a composite/mixed supply.",synthetic
TXN000122,2025-10-06,PURCHASE OF RAW COTTON FROM IYENGAR GROUP,Purchase of raw cotton from Iyengar Group,96913.63,18,8722.23,8722.23,0.0,Iyengar Group,36XFXRO2962R1ZL,invoice,Purchase of Goods (Raw Material/Trading Stock),purchase_goods,Eligible,,synthetic
TXN000138,2024-06-22,"Payment to More, Rege and Narain for yarn","Payment to More, Rege and Narain for yarn",92795.72,18,0.0,0.0,16703.23,"More, Rege and Narain",,bank_statement_line,Purchase of Goods (Raw Material/Trading Stock),purchase_goods,Eligible,,synthetic
TXN002616,2026-08-18,"MAMMEN, SANKARAN AND KADE - MUNICIPAL TAX PAYMENT","Mammen, Sankaran and Kade - municipal tax payment",12586.87,exempt,0.0,0.0,0.0,"Mammen, Sankaran and Kade",,bank_statement_line,Exempt/Non-GST Expense,exempt_non_gst,Not Applicable,,synthetic
TXN000789,2024-08-21,"Monthly rent - Ramachandran, Zachariah and Narula","Monthly rent - Ramachandran, Zachariah and Narula",92192.33,18,8297.31,8297.31,0.0,"Ramachandran, Zachariah and Narula",,bank_statement_line,Rent/Lease of Business Premises,rent,Eligible,,synthetic
TXN000183,2024-02-26,Bedi LLC - plastic granules supply,Bedi LLC - plastic granules supply,95493.77,18,8594.44,8594.44,0.0,Bedi LLC,07JPEWP3187W2ZS,invoice,Purchase of Goods (Raw Material/Trading Stock),purchase_goods,Eligible,,synthetic
TXN000143,2024-10-18,Kade-Sani - printed labels supply,Kade-Sani - printed labels supply,147830.5,18,13304.75,13304.75,0.0,Kade-Sani,33ZUXZW1827H7Z5,invoice,Purchase of Goods (Raw Material/Trading Stock),purchase_goods,Eligible,,synthetic
TXN000436,2024-11-21,Nair and Sons - legal consultation srvcs inv,Nair and Sons - legal consultation services invoice,22750.48,18,2047.55,2047.55,0.0,Nair and Sons,09KZDKT3928J7Z4,receipt,Input Services (Professional/Consulting/IT),input_services,Eligible,,synthetic
TXN001963,2026-07-06,Employee staff outing travel booking booking - Chaudhari-Vohra,Employee staff outing travel booking booking - Chaudhari-Vohra,58844.57,5,1471.12,1471.12,0.0,Chaudhari-Vohra,32EULOU3582Y3ZU,receipt,Employee Travel Benefits,employee_travel,Blocked,"Sec 17(5)(b)(iii) blocks ITC on travel benefits extended to employees (e.g. leave/home travel concession), unless obligatory under law.",synthetic
TXN001528,2024-03-29,Office client meeting refreshments order - Dhingra Ltd,Office client meeting refreshments order - Dhingra Ltd,6253.19,5,156.33,156.33,0.0,Dhingra Ltd,19QMMPW3197J4Z7,receipt,Food & Beverages/Outdoor Catering,food_catering,Blocked,"Sec 17(5)(b)(i) explicitly blocks ITC on food and beverages and outdoor catering, unless used to make an outward taxable supply of the same category or as part of a composite/mixed supply.",synthetic
TXN002608,2024-11-11,Shetty PLC - government license fee,Shetty PLC - government license fee,19160.45,exempt,0.0,0.0,0.0,Shetty PLC,,bank_statement_line,Exempt/Non-GST Expense,exempt_non_gst,Not Applicable,,synthetic
TXN002548,2025-05-10,"SAHA, GABA AND DHAWAN - SALES INVC","Saha, Gaba and Dhawan - Sales Invoice",127348.87,18,11461.4,11461.4,0.0,"Saha, Gaba and Dhawan",29VTDIK0287W3ZQ,receipt,Sales/Outward Supply,sales_revenue,Not Applicable,,synthetic
TXN002043,2025-09-24,employee medical reimbursement premium pymt - Tank-Goda,employee medical reimbursement premium payment - Tank-Goda,83702.33,18,7533.21,7533.21,0.0,Tank-Goda,27BBPBX0253M8ZO,receipt,Employee Insurance/Reimbursements,employee_insurance,Blocked,Sec 17(5)(b) blocks ITC on health/life insurance for employees unless it is obligatory for the employer under any law for the time being in force.,synthetic
TXN002480,2025-10-09,chadha-subramanian - sales inv,Chadha-Subramanian - Sales Invoice,29336.46,18,0.0,0.0,5280.56,Chadha-Subramanian,07GLQRN8816F4ZA,receipt,Sales/Outward Supply,sales_revenue,Not Applicable,,synthetic
TXN002644,2025-11-19,"Walia, Krishnan and Setty - government license fee","Walia, Krishnan and Setty - government license fee",48156.14,exempt,0.0,0.0,0.0,"Walia, Krishnan and Setty",09VLHGV9228E7Z4,receipt,Exempt/Non-GST Expense,exempt_non_gst,Not Applicable,,synthetic
TXN001818,2026-05-29,Employee staff outing travel booking booking - Mital-Toor,Employee staff outing travel booking booking - Mital-Toor,3477.75,5,86.94,86.94,0.0,Mital-Toor,,bank_statement_line,Employee Travel Benefits,employee_travel,Blocked,"Sec 17(5)(b)(iii) blocks ITC on travel benefits extended to employees (e.g. leave/home travel concession), unless obligatory under law.",synthetic
TXN001658,2025-10-27,Dugar-Walla - Membership Fee,Dugar-Walla - Membership Fee,41491.55,18,0.0,0.0,7468.48,Dugar-Walla,33JOPBA9490Z4ZJ,receipt,Club/Health/Fitness Memberships,club_membership,Blocked,"Sec 17(5)(b)(ii) blocks ITC on membership of a club, health, or fitness centre.",synthetic
TXN000887,2026-07-17,"Tandon, Vaidya and Chowdhury - broadband internet bill payment","Tandon, Vaidya and Chowdhury - broadband internet bill payment",3065.65,18,275.91,275.91,0.0,"Tandon, Vaidya and Chowdhury",23MGZOG1150E2Z6,receipt,Utilities (Business Electricity/Internet),utilities,Eligible,,synthetic
TXN002571,2026-10-31,payment received from savant ltd for wholesale supply,Payment received from Savant Ltd for wholesale supply,70063.83,18,6305.74,6305.74,0.0,Savant Ltd,,bank_statement_line,Sales/Outward Supply,sales_revenue,Not Applicable,,synthetic
TXN000890,2025-10-17,Chaudry-Kota - broadband internet bill pymt,Chaudry-Kota - broadband internet bill payment,11945.6,18,0.0,0.0,2150.21,Chaudry-Kota,,bank_statement_line,Utilities (Business Electricity/Internet),utilities,Eligible,,synthetic
TXN000837,2025-06-19,"Yadav, Chada and Chopra - water supply bill payment","Yadav, Chada and Chopra - water supply bill payment",8164.35,18,0.0,0.0,1469.58,"Yadav, Chada and Chopra",,bank_statement_line,Utilities (Business Electricity/Internet),utilities,Eligible,,synthetic
TXN002457,2024-02-05,Sale invc to Mitra Group,Sale invoice to Mitra Group,295914.46,18,26632.3,26632.3,0.0,Mitra Group,24QQZIR8277C7ZI,invoice,Sales/Outward Supply,sales_revenue,Not Applicable,,synthetic
TXN001239,2024-09-28,Vehicle car repair - Choudhry PLC,Vehicle car repair - Choudhry PLC,10043.49,28,1406.09,1406.09,0.0,Choudhry PLC,27WWLFU0551C7ZZ,invoice,Motor Vehicle Expenses,motor_vehicle,Blocked,"Sec 17(5)(a) blocks ITC on motor vehicles for transport of persons (seating <=13) and related services, unless used for further supply, passenger transport, or driving training.",synthetic
TXN001215,2025-05-03,vehicle vehicle insurance premium - desai-oommen,Vehicle vehicle insurance premium - Desai-Oommen,37123.23,28,5197.25,5197.25,0.0,Desai-Oommen,24MOLFK4383B7ZZ,invoice,Motor Vehicle Expenses,motor_vehicle,Blocked,"Sec 17(5)(a) blocks ITC on motor vehicles for transport of persons (seating <=13) and related services, unless used for further supply, passenger transport, or driving training.",synthetic
TXN002393,2025-03-21,Construction payment - Gade-Sibal for warehouse construction contract,Construction payment - Gade-Sibal for warehouse construction contract,269679.79,18,24271.18,24271.18,0.0,Gade-Sibal,,bank_statement_line,Works Contract/Construction of Immovable Property,works_contract,Blocked,"Sec 17(5)(c)/(d) blocks ITC on works contract services and goods/services for construction of immovable property (other than plant & machinery), even when used for business.",synthetic
TXN002632,2024-06-03,employee PF contribution payment,employee PF contribution payment,21956.47,exempt,0.0,0.0,0.0,Mand Ltd,,bank_statement_line,Exempt/Non-GST Expense,exempt_non_gst,Not Applicable,,synthetic
TXN001034,2025-02-04,Gera-Pandya - Bank chgs,Gera-Pandya - Bank Charges,2809.9,18,252.89,252.89,0.0,Gera-Pandya,24WDCER6283G4ZA,invoice,Bank Charges/Financial Services,bank_charges,Eligible,,synthetic
TXN000268,2026-02-20,Golla-Sarin - Capital Asset purchse - office desktop computers,Golla-Sarin - Capital Asset Purchase - office desktop computers,652637.9,18,58737.41,58737.41,0.0,Golla-Sarin,32XTSUE8659T5ZC,receipt,Capital Goods,capital_goods,Eligible,,synthetic
TXN002060,2025-02-02,employee group health insurance premium pymt - Deshpande-Shankar,employee group health insurance premium payment - Deshpande-Shankar,67770.58,18,0.0,0.0,12198.7,Deshpande-Shankar,19ZPTYJ1857U3ZF,invoice,Employee Insurance/Reimbursements,employee_insurance,Blocked,Sec 17(5)(b) blocks ITC on health/life insurance for employees unless it is obligatory for the employer under any law for the time being in force.,synthetic
TXN000970,2024-04-11,WATER SUPPLY CHGS - LUTHRA LTD,water supply charges - Luthra Ltd,3273.31,18,294.6,294.6,0.0,Luthra Ltd,,bank_statement_line,Utilities (Business Electricity/Internet),utilities,Eligible,,synthetic
TXN002027,2024-05-12,"employee medical reimbursement premium payment - Baria, Deol and Chaudhry","employee medical reimbursement premium payment - Baria, Deol and Chaudhry",81793.48,18,7361.41,7361.41,0.0,"Baria, Deol and Chaudhry",33FKJMQ3437F9ZT,invoice,Employee Insurance/Reimbursements,employee_insurance,Blocked,Sec 17(5)(b) blocks ITC on health/life insurance for employees unless it is obligatory for the employer under any law for the time being in force.,synthetic
TXN000340,2026-03-18,industrial sewing machine installation invoice from wali-thaker,industrial sewing machine installation invoice from Wali-Thaker,260304.12,18,23427.37,23427.37,0.0,Wali-Thaker,23JIPFN7710O2Z6,invoice,Capital Goods,capital_goods,Eligible,,synthetic
TXN002012,2025-03-02,staff life insurance premium premium pmt - Suresh Ltd,staff life insurance premium premium payment - Suresh Ltd,37636.81,18,3387.32,3387.32,0.0,Suresh Ltd,,bank_statement_line,Employee Insurance/Reimbursements,employee_insurance,Blocked,Sec 17(5)(b) blocks ITC on health/life insurance for employees unless it is obligatory for the employer under any law for the time being in force.,synthetic
TXN002134,2025-01-10,"Tripathi, Narula and Merchant - employee medical reimbursement","Tripathi, Narula and Merchant - employee medical reimbursement",28998.86,18,0.0,0.0,5219.79,"Tripathi, Narula and Merchant",,bank_statement_line,Employee Insurance/Reimbursements,employee_insurance,Blocked,Sec 17(5)(b) blocks ITC on health/life insurance for employees unless it is obligatory for the employer under any law for the time being in force.,synthetic
TXN000683,2026-03-27,"thakkar, mukhopadhyay and dalal - shop rent payment","Thakkar, Mukhopadhyay and Dalal - Shop Rent Payment",48502.55,18,4365.23,4365.23,0.0,"Thakkar, Mukhopadhyay and Dalal",,bank_statement_line,Rent/Lease of Business Premises,rent,Eligible,,synthetic
TXN002061,2026-03-01,"hari, parmer and madan - employee medical reimbursement","Hari, Parmer and Madan - employee medical reimbursement",85492.1,18,7694.29,7694.29,0.0,"Hari, Parmer and Madan",,bank_statement_line,Employee Insurance/Reimbursements,employee_insurance,Blocked,Sec 17(5)(b) blocks ITC on health/life insurance for employees unless it is obligatory for the employer under any law for the time being in force.,synthetic
TXN000928,2025-08-23,"broadband internet charges - Oza, Dara and Sami","broadband internet charges - Oza, Dara and Sami",1950.12,18,175.51,175.51,0.0,"Oza, Dara and Sami",24PJAAR5829I3ZD,receipt,Utilities (Business Electricity/Internet),utilities,Eligible,,synthetic
TXN001880,2026-10-14,employee leave travel airfare - Rattan-Sachdev,employee leave travel airfare - Rattan-Sachdev,64457.52,5,1611.44,1611.44,0.0,Rattan-Sachdev,,bank_statement_line,Employee Travel Benefits,employee_travel,Blocked,"Sec 17(5)(b)(iii) blocks ITC on travel benefits extended to employees (e.g. leave/home travel concession), unless obligatory under law.",synthetic
TXN000812,2026-12-11,Dewan LLC - electricity bill pmt,Dewan LLC - electricity bill payment,12327.55,18,0.0,0.0,2218.96,Dewan LLC,24WZZJM7402F2ZI,receipt,Utilities (Business Electricity/Internet),utilities,Eligible,,synthetic
TXN002630,2025-06-22,Hans-Saxena - government license fee,Hans-Saxena - government license fee,54498.87,exempt,0.0,0.0,0.0,Hans-Saxena,29ZCCXD0171W2Z8,receipt,Exempt/Non-GST Expense,exempt_non_gst,Not Applicable,,synthetic
TXN001065,2025-10-02,POS machine rental fee - Bora-Prakash,POS machine rental fee - Bora-Prakash,4248.11,18,0.0,0.0,764.66,Bora-Prakash,,bank_statement_line,Bank Charges/Financial Services,bank_charges,Eligible,,synthetic
TXN000670,2024-07-13,LEASE RENTAL TO GABA-SHANKER FOR WAREHOUSE SPACE,Lease rental to Gaba-Shanker for warehouse space,82101.17,18,7389.1,7389.1,0.0,Gaba-Shanker,,bank_statement_line,Rent/Lease of Business Premises,rent,Eligible,,synthetic
TXN001737,2024-06-24,gym membership - Dhillon-Dugar,gym membership - Dhillon-Dugar,33927.47,18,3053.47,3053.47,0.0,Dhillon-Dugar,32JYZLL3175O7ZY,receipt,Club/Health/Fitness Memberships,club_membership,Blocked,"Sec 17(5)(b)(ii) blocks ITC on membership of a club, health, or fitness centre.",synthetic
TXN001013,2025-11-16,Wason LLC - Bank Charges,Wason LLC - Bank Charges,202.84,18,18.25,18.25,0.0,Wason LLC,,bank_statement_line,Bank Charges/Financial Services,bank_charges,Eligible,,synthetic
TXN002754,2026-11-13,Arora-Sodhi - staff salary payment,Arora-Sodhi - staff salary payment,50619.51,exempt,0.0,0.0,0.0,Arora-Sodhi,32NWDKA8943N1ZG,invoice,Exempt/Non-GST Expense,exempt_non_gst,Not Applicable,,synthetic
TXN002617,2025-02-10,government license fee pmt,government license fee payment,49926.48,exempt,0.0,0.0,0.0,"Thaman, Nadkarni and Oommen",19MJBZW6692C1ZQ,invoice,Exempt/Non-GST Expense,exempt_non_gst,Not Applicable,,synthetic
TXN002481,2026-10-23,Payment received from Ghose and Sons for export order,Payment received from Ghose and Sons for export order,216928.01,18,19523.52,19523.52,0.0,Ghose and Sons,,bank_statement_line,Sales/Outward Supply,sales_revenue,Not Applicable,,synthetic
TXN002491,2026-08-09,Pant-Batra - Sales inv,Pant-Batra - Sales Invoice,458614.56,18,0.0,0.0,82550.62,Pant-Batra,23HFCUP5417E4ZG,invoice,Sales/Outward Supply,sales_revenue,Not Applicable,,synthetic
TXN000593,2026-09-18,"legal consultation chrgs - Dhawan, Munshi and Nagar","legal consultation charges - Dhawan, Munshi and Nagar",8775.72,18,789.82,789.82,0.0,"Dhawan, Munshi and Nagar",36WTABO2142M4ZW,invoice,Input Services (Professional/Consulting/IT),input_services,Eligible,,synthetic
TXN000291,2025-09-06,"Trivedi,  Deshpande and Boase - Capital Asset purch - 3-phase motor","Trivedi, Deshpande and Boase - Capital Asset Purchase - 3-phase motor",38709.7,18,3483.88,3483.88,0.0,"Trivedi, Deshpande and Boase",07UZKIO6022Z2ZT,invoice,Capital Goods,capital_goods,Eligible,,synthetic
TXN000074,2024-03-30,purch of raw plastic pellets from Chander and Sons,Purchase of raw plastic pellets from Chander and Sons,149996.5,18,13499.68,13499.68,0.0,Chander and Sons,29NOTNR8651F3Z2,receipt,Purchase of Goods (Raw Material/Trading Stock),purchase_goods,Eligible,,synthetic
TXN000018,2025-03-06,purch of raw cotton from Rai LLC,Purchase of raw cotton from Rai LLC,82976.22,18,7467.86,7467.86,0.0,Rai LLC,29BWXOV5113Z1ZW,invoice,Purchase of Goods (Raw Material/Trading Stock),purchase_goods,Eligible,,synthetic
TXN001357,2025-02-20,pmt to Ravel-Sant for car servicing,Payment to Ravel-Sant for car servicing,42312.43,28,0.0,0.0,11847.48,Ravel-Sant,,bank_statement_line,Motor Vehicle Expenses,motor_vehicle,Blocked,"Sec 17(5)(a) blocks ITC on motor vehicles for transport of persons (seating <=13) and related services, unless used for further supply, passenger transport, or driving training.",synthetic
TXN001890,2024-10-19,"employee leave travel airfare - Raghavan, Narang and Talwar","employee leave travel airfare - Raghavan, Narang and Talwar",46170.99,5,1154.28,1154.28,0.0,"Raghavan, Narang and Talwar",19PVBFU2951O8Z6,receipt,Employee Travel Benefits,employee_travel,Blocked,"Sec 17(5)(b)(iii) blocks ITC on travel benefits extended to employees (e.g. leave/home travel concession), unless obligatory under law.",synthetic
TXN002308,2025-10-23,construction payment - deshpande-balakrishnan for shop renovation works,Construction payment - Deshpande-Balakrishnan for shop renovation works,435392.66,18,39185.34,39185.34,0.0,Deshpande-Balakrishnan,,bank_statement_line,Works Contract/Construction of Immovable Property,works_contract,Blocked,"Sec 17(5)(c)/(d) blocks ITC on works contract services and goods/services for construction of immovable property (other than plant & machinery), even when used for business.",synthetic
TXN002661,2025-12-07,staff salary payment payment,staff salary payment payment,27234.02,exempt,0.0,0.0,0.0,Bhagat-Nath,07YHRWR5367H9ZX,receipt,Exempt/Non-GST Expense,exempt_non_gst,Not Applicable,,synthetic
TXN002657,2025-05-08,Chatterjee Inc - staff salary payment,Chatterjee Inc - staff salary payment,4954.69,exempt,0.0,0.0,0.0,Chatterjee Inc,23ZRCCU0891H9Z9,receipt,Exempt/Non-GST Expense,exempt_non_gst,Not Applicable,,synthetic
TXN002351,2025-10-29,Construction pymt - Pillai-Gopal for flooring and fixtures work,Construction payment - Pillai-Gopal for flooring and fixtures work,22192.6,18,0.0,0.0,3994.67,Pillai-Gopal,,bank_statement_line,Works Contract/Construction of Immovable Property,works_contract,Blocked,"Sec 17(5)(c)/(d) blocks ITC on works contract services and goods/services for construction of immovable property (other than plant & machinery), even when used for business.",synthetic
TXN000355,2026-10-03,chatterjee and sons - capital asset purchase - 3-phase motor,Chatterjee and Sons - Capital Asset Purchase - 3-phase motor,691081.35,18,62197.32,62197.32,0.0,Chatterjee and Sons,,bank_statement_line,Capital Goods,capital_goods,Eligible,,synthetic
TXN000242,2026-03-25,office desktop computers installation invoice from Chada-Kothari,office desktop computers installation invoice from Chada-Kothari,402828.17,18,0.0,0.0,72509.07,Chada-Kothari,,bank_statement_line,Capital Goods,capital_goods,Eligible,,synthetic
TXN000797,2024-08-08,"Lease rental to Rai, Chada and Merchant for godown","Lease rental to Rai, Chada and Merchant for godown",35016.1,18,0.0,0.0,6302.9,"Rai, Chada and Merchant",09UGZII2110S2ZJ,receipt,Rent/Lease of Business Premises,rent,Eligible,,synthetic
TXN000559,2025-01-13,"mangal,  swaminathan and iyengar - chartered accountant svcs invoice","Mangal, Swaminathan and Iyengar - chartered accountant services invoice",30842.47,18,2775.82,2775.82,0.0,"Mangal, Swaminathan and Iyengar",19KZVVO8686N3ZB,invoice,Input Services (Professional/Consulting/IT),input_services,Eligible,,synthetic
TXN000943,2024-03-02,"broadband internet chrgs - Mane, Bala and Mitra","broadband internet charges - Mane, Bala and Mitra",14470.85,18,0.0,0.0,2604.75,"Mane, Bala and Mitra",19DFOFL5271D9Z5,invoice,Utilities (Business Electricity/Internet),utilities,Eligible,,synthetic
TXN001397,2025-01-16,PAYMENT TO ZACHARIA-SODHI FOR FUEL PURCHSE,Payment to Zacharia-Sodhi for fuel purchase,817.78,28,114.49,114.49,0.0,Zacharia-Sodhi,32TQUHG3613K7ZH,invoice,Motor Vehicle Expenses,motor_vehicle,Blocked,"Sec 17(5)(a) blocks ITC on motor vehicles for transport of persons (seating <=13) and related services, unless used for further supply, passenger transport, or driving training.",synthetic
TXN001676,2026-06-30,Chandran-Mital - Membership Fee,Chandran-Mital - Membership Fee,45540.66,18,4098.66,4098.66,0.0,Chandran-Mital,,bank_statement_line,Club/Health/Fitness Memberships,club_membership,Blocked,"Sec 17(5)(b)(ii) blocks ITC on membership of a club, health, or fitness centre.",synthetic
TXN001151,2025-04-17,BHARDWAJ AND SONS - LOAN PROCESSING FEE,Bhardwaj and Sons - loan processing fee,181.93,18,16.38,16.38,0.0,Bhardwaj and Sons,,bank_statement_line,Bank Charges/Financial Services,bank_charges,Eligible,,synthetic
TXN002198,2025-02-28,Kadakia and Sons - employee group health insurance,Kadakia and Sons - employee group health insurance,81516.88,18,7336.52,7336.52,0.0,Kadakia and Sons,,bank_statement_line,Employee Insurance/Reimbursements,employee_insurance,Blocked,Sec 17(5)(b) blocks ITC on health/life insurance for employees unless it is obligatory for the employer under any law for the time being in force.,synthetic
TXN001164,2024-01-22,"ANDRA, SOM AND DEO - BANK CHARGES","Andra, Som and Deo - Bank Charges",2333.95,18,210.06,210.06,0.0,"Andra, Som and Deo",09HCRKV4412W9ZW,receipt,Bank Charges/Financial Services,bank_charges,Eligible,,synthetic
TXN002022,2024-03-29,staff life insurance premium premium payment - Kala-Bath,staff life insurance premium premium payment - Kala-Bath,68965.35,18,6206.88,6206.88,0.0,Kala-Bath,36YBJMS3448N9ZT,receipt,Employee Insurance/Reimbursements,employee_insurance,Blocked,Sec 17(5)(b) blocks ITC on health/life insurance for employees unless it is obligatory for the employer under any law for the time being in force.,synthetic
TXN002407,2026-06-16,Sale invc to Bumb Group,Sale invoice to Bumb Group,195579.0,18,17602.11,17602.11,0.0,Bumb Group,29ZVEIY5997X1ZO,invoice,Sales/Outward Supply,sales_revenue,Not Applicable,,synthetic
TXN001817,2026-04-12,home  travel concession booking - kumar-bir,home travel concession booking - Kumar-Bir,22847.16,5,571.18,571.18,0.0,Kumar-Bir,,bank_statement_line,Employee Travel Benefits,employee_travel,Blocked,"Sec 17(5)(b)(iii) blocks ITC on travel benefits extended to employees (e.g. leave/home travel concession), unless obligatory under law.",synthetic
TXN000253,2026-11-24,Purchase  of packing machine - Mandal-Setty,Purchase of packing machine - Mandal-Setty,355739.54,18,32016.56,32016.56,0.0,Mandal-Setty,27OEWLG7682C7ZP,invoice,Capital Goods,capital_goods,Eligible,,synthetic
TXN002007,2025-11-28,BHALLA-NAZARETH - EMPLOYEE GROUP HEALTH INSURANCE,Bhalla-Nazareth - employee group health insurance,53149.68,18,4783.47,4783.47,0.0,Bhalla-Nazareth,27BGCOC1153K4Z8,receipt,Employee Insurance/Reimbursements,employee_insurance,Blocked,Sec 17(5)(b) blocks ITC on health/life insurance for employees unless it is obligatory for the employer under any law for the time being in force.,synthetic
TXN001884,2025-01-09,"home travel concession booking - Sankar, Saran and Oommen","home travel concession booking - Sankar, Saran and Oommen",39787.88,5,994.7,994.7,0.0,"Sankar, Saran and Oommen",32FOTOI6709J4ZP,receipt,Employee Travel Benefits,employee_travel,Blocked,"Sec 17(5)(b)(iii) blocks ITC on travel benefits extended to employees (e.g. leave/home travel concession), unless obligatory under law.",synthetic
TXN000222,2024-06-05,purch of office desktop computers - Sandal-Narayanan,Purchase of office desktop computers - Sandal-Narayanan,300399.08,18,27035.92,27035.92,0.0,Sandal-Narayanan,23MJHOE6881R4ZQ,receipt,Capital Goods,capital_goods,Eligible,,synthetic
TXN001075,2025-08-11,kant-chawla  - bank charges,Kant-Chawla - Bank Charges,288.71,18,25.98,25.98,0.0,Kant-Chawla,23FAXVR3005V9ZS,receipt,Bank Charges/Financial Services,bank_charges,Eligible,,synthetic
TXN002373,2024-03-07,"SAMPATH, KUNDA AND BORA - SHOP RENOVATION WORKS","Sampath, Kunda and Bora - shop renovation works",649148.84,18,58423.39,58423.39,0.0,"Sampath, Kunda and Bora",07ECZCN9078D8ZW,invoice,Works Contract/Construction of Immovable Property,works_contract,Blocked,"Sec 17(5)(c)/(d) blocks ITC on works contract services and goods/services for construction of immovable property (other than plant & machinery), even when used for business.",synthetic
TXN000446,2026-04-29,Kunda and Sons - website maintenance services inv,Kunda and Sons - website maintenance services invoice,4535.46,18,408.19,408.19,0.0,Kunda and Sons,07DFAYP9732U1Z7,receipt,Input Services (Professional/Consulting/IT),input_services,Eligible,,synthetic
TXN001160,2024-12-10,RAJU INC - BANK CHARGES,Raju Inc - Bank Charges,957.59,18,0.0,0.0,172.37,Raju Inc,,bank_statement_line,Bank Charges/Financial Services,bank_charges,Eligible,,synthetic
TXN001243,2026-12-31,Payment to Shetty-Bedi for vehicle insurance premium,Payment to Shetty-Bedi for vehicle insurance premium,22905.45,28,0.0,0.0,6413.53,Shetty-Bedi,07BQVGX5417K1Z8,receipt,Motor Vehicle Expenses,motor_vehicle,Blocked,"Sec 17(5)(a) blocks ITC on motor vehicles for transport of persons (seating <=13) and related services, unless used for further supply, passenger transport, or driving training.",synthetic
TXN001171,2025-06-09,"PRASAD, MANDAL AND MISRA - BANK CHARGES","Prasad, Mandal and Misra - Bank Charges",3255.34,18,292.98,292.98,0.0,"Prasad, Mandal and Misra",19FNXGF0707U6Z0,invoice,Bank Charges/Financial Services,bank_charges,Eligible,,synthetic
TXN001167,2025-03-24,Puri-Palla - processing fee,Puri-Palla - processing fee,2393.24,18,0.0,0.0,430.78,Puri-Palla,36OACWQ5160F5Z9,invoice,Bank Charges/Financial Services,bank_charges,Eligible,,synthetic
TXN000803,2026-10-14,electricity charges - Madan-Chaudry,electricity charges - Madan-Chaudry,562.13,18,50.59,50.59,0.0,Madan-Chaudry,23GABBU5890X5ZD,invoice,Utilities (Business Electricity/Internet),utilities,Eligible,,synthetic
TXN001166,2025-01-03,Mody-Maharaj - processing fee,Mody-Maharaj - processing fee,625.71,18,0.0,0.0,112.63,Mody-Maharaj,33MRKJY8746Z5ZS,receipt,Bank Charges/Financial Services,bank_charges,Eligible,,synthetic
TXN001015,2026-03-01,loan processing fee fee - Lanka-Dar,loan processing fee fee - Lanka-Dar,1582.07,18,0.0,0.0,284.77,Lanka-Dar,07KJRAW0436P4ZC,receipt,Bank Charges/Financial Services,bank_charges,Eligible,,synthetic
TXN000895,2025-02-06,"electricity chrgs - Sangha, Gandhi and Dewan","electricity charges - Sangha, Gandhi and Dewan",13963.79,18,1256.74,1256.74,0.0,"Sangha, Gandhi and Dewan",32EYYTR0128Q4ZD,invoice,Utilities (Business Electricity/Internet),utilities,Eligible,,synthetic
TXN001149,2024-05-01,"account maintenance charge fee - Raval, Deshmukh and Viswanathan","account maintenance charge fee - Raval, Deshmukh and Viswanathan",4573.66,18,411.63,411.63,0.0,"Raval, Deshmukh and Viswanathan",33JFFAE3089Z6ZW,invoice,Bank Charges/Financial Services,bank_charges,Eligible,,synthetic
TXN001426,2024-07-29,"CATERING PAYMENT - EDWIN, ROY AND BAINS","Catering payment - Edwin, Roy and Bains",4454.88,5,111.37,111.37,0.0,"Edwin, Roy and Bains",,bank_statement_line,Food & Beverages/Outdoor Catering,food_catering,Blocked,"Sec 17(5)(b)(i) explicitly blocks ITC on food and beverages and outdoor catering, unless used to make an outward taxable supply of the same category or as part of a composite/mixed supply.",synthetic
TXN000987,2026-03-17,"telephone/mobile plan charges - batra, rattan and biswas","telephone/mobile plan charges - Batra, Rattan and Biswas",6213.02,18,559.17,559.17,0.0,"Batra, Rattan and Biswas",,bank_statement_line,Utilities (Business Electricity/Internet),utilities,Eligible,,synthetic
TXN000026,2025-10-11,PURCHASE OF PLASTIC GRANULES FROM BHATTI-KAKAR,Purchase of plastic granules from Bhatti-Kakar,69964.16,18,6296.77,6296.77,0.0,Bhatti-Kakar,,bank_statement_line,Purchase of Goods (Raw Material/Trading Stock),purchase_goods,Eligible,,synthetic
TXN002711,2025-10-12,Raghavan Ltd - government license fee,Raghavan Ltd - government license fee,24811.59,exempt,0.0,0.0,0.0,Raghavan Ltd,32ZXNBS9564Z8ZL,receipt,Exempt/Non-GST Expense,exempt_non_gst,Not Applicable,,synthetic
TXN001484,2025-08-18,Office client meeting refreshments order - Kara-Hayer,Office client meeting refreshments order - Kara-Hayer,19254.14,5,481.36,481.36,0.0,Kara-Hayer,19ACKPZ6074S8ZP,invoice,Food & Beverages/Outdoor Catering,food_catering,Blocked,"Sec 17(5)(b)(i) explicitly blocks ITC on food and beverages and outdoor catering, unless used to make an outward taxable supply of the same category or as part of a composite/mixed supply.",synthetic
TXN001229,2026-10-28,"Vehicle  car repair - Venkatesh, Madan and Devan","Vehicle car repair - Venkatesh, Madan and Devan",44391.79,28,6214.85,6214.85,0.0,"Venkatesh, Madan and Devan",09KHMYL2327K6ZK,invoice,Motor Vehicle Expenses,motor_vehicle,Blocked,"Sec 17(5)(a) blocks ITC on motor vehicles for transport of persons (seating <=13) and related services, unless used for further supply, passenger transport, or driving training.",synthetic
TXN002390,2025-12-05,"sarraf, bera and gulati - building repair works contract","Sarraf, Bera and Gulati - building repair works contract",677225.29,18,0.0,0.0,121900.55,"Sarraf, Bera and Gulati",36DDCZL9142R8ZO,receipt,Works Contract/Construction of Immovable Property,works_contract,Blocked,"Sec 17(5)(c)/(d) blocks ITC on works contract services and goods/services for construction of immovable property (other than plant & machinery), even when used for business.",synthetic
TXN001244,2026-06-06,Ghosh Inc - car servicing,Ghosh Inc - car servicing,3923.57,28,549.3,549.3,0.0,Ghosh Inc,,bank_statement_line,Motor Vehicle Expenses,motor_vehicle,Blocked,"Sec 17(5)(a) blocks ITC on motor vehicles for transport of persons (seating <=13) and related services, unless used for further supply, passenger transport, or driving training.",synthetic
TXN001043,2025-08-29,"account maintenance charge fee - Parmer, Srinivasan and Sundaram","account maintenance charge fee - Parmer, Srinivasan and Sundaram",2239.11,18,201.52,201.52,0.0,"Parmer, Srinivasan and Sundaram",24NUYQH8771N3ZN,invoice,Bank Charges/Financial Services,bank_charges,Eligible,,synthetic
TXN000888,2024-12-19,"broadband internet charges - Comar, Loyal and Peri","broadband internet charges - Comar, Loyal and Peri",6873.28,18,618.6,618.6,0.0,"Comar, Loyal and Peri",33BRFUS9699A6ZL,receipt,Utilities (Business Electricity/Internet),utilities,Eligible,,synthetic
TXN001094,2024-07-23,"Gala, Saraf and Dugar - Bank chrgs","Gala, Saraf and Dugar - Bank Charges",4622.96,18,416.06,416.06,0.0,"Gala, Saraf and Dugar",07XPSJM0700W8ZR,invoice,Bank Charges/Financial Services,bank_charges,Eligible,,synthetic
TXN001262,2025-08-23,"Payment to Vohra, Kapur and Nigam for car repair","Payment to Vohra, Kapur and Nigam for car repair",29347.58,28,4108.66,4108.66,0.0,"Vohra, Kapur and Nigam",32LBWGZ8635I7Z4,receipt,Motor Vehicle Expenses,motor_vehicle,Blocked,"Sec 17(5)(a) blocks ITC on motor vehicles for transport of persons (seating <=13) and related services, unless used for further supply, passenger transport, or driving training.",synthetic
TXN001557,2024-09-11,CATERING PYMT - VISWANATHAN-CHACKO,Catering payment - Viswanathan-Chacko,15693.73,5,392.35,392.35,0.0,Viswanathan-Chacko,,bank_statement_line,Food & Beverages/Outdoor Catering,food_catering,Blocked,"Sec 17(5)(b)(i) explicitly blocks ITC on food and beverages and outdoor catering, unless used to make an outward taxable supply of the same category or as part of a composite/mixed supply.",synthetic
TXN002349,2025-05-23,Construction  payment - Ghose-Narang for warehouse construction contract,Construction payment - Ghose-Narang for warehouse construction contract,527361.71,18,47462.56,47462.56,0.0,Ghose-Narang,24QIKHC9816Y6ZX,invoice,Works Contract/Construction of Immovable Property,works_contract,Blocked,"Sec 17(5)(c)/(d) blocks ITC on works contract services and goods/services for construction of immovable property (other than plant & machinery), even when used for business.",synthetic
TXN002362,2024-04-05,Halder LLC - shop renovation works,Halder LLC - shop renovation works,240605.69,18,0.0,0.0,43309.02,Halder LLC,,bank_statement_line,Works Contract/Construction of Immovable Property,works_contract,Blocked,"Sec 17(5)(c)/(d) blocks ITC on works contract services and goods/services for construction of immovable property (other than plant & machinery), even when used for business.",synthetic
TXN002640,2024-07-24,"Hari, Gill and Bhattacharyya - government license fee","Hari, Gill and Bhattacharyya - government license fee",7299.92,exempt,0.0,0.0,0.0,"Hari, Gill and Bhattacharyya",24GKCFN4746M2Z1,receipt,Exempt/Non-GST Expense,exempt_non_gst,Not Applicable,,synthetic
TXN000477,2024-05-24,LEGAL CONSULTATION CHARGES - KALA LLC,legal consultation charges - Kala LLC,26095.26,18,2348.57,2348.57,0.0,Kala LLC,,bank_statement_line,Input Services (Professional/Consulting/IT),input_services,Eligible,,synthetic
TXN001195,2024-03-10,Iyer  LLC - Bank Charges,Iyer LLC - Bank Charges,4955.66,18,446.01,446.01,0.0,Iyer LLC,27XHBZS9167C5ZO,invoice,Bank Charges/Financial Services,bank_charges,Eligible,,synthetic
TXN001385,2026-03-14,agrawal llc - vehicle insurance premium,Agrawal LLC - vehicle insurance premium,6367.15,28,0.0,0.0,1782.8,Agrawal LLC,,bank_statement_line,Motor Vehicle Expenses,motor_vehicle,Blocked,"Sec 17(5)(a) blocks ITC on motor vehicles for transport of persons (seating <=13) and related services, unless used for further supply, passenger transport, or driving training.",synthetic
TXN000045,2026-08-03,Purchase of plastic granules from Naik Group,Purchase of plastic granules from Naik Group,8215.96,18,739.43,739.43,0.0,Naik Group,19LSDZP2155C4ZH,invoice,Purchase of Goods (Raw Material/Trading Stock),purchase_goods,Eligible,,synthetic
TXN000583,2026-11-01,"payroll processing chgs - Ganguly, Dube and Garg","payroll processing charges - Ganguly, Dube and Garg",12506.39,18,1125.58,1125.58,0.0,"Ganguly, Dube and Garg",24GTJLT1278L2ZW,invoice,Input Services (Professional/Consulting/IT),input_services,Eligible,,synthetic
TXN000880,2025-11-26,WATER SUPPLY CHARGES - TIWARI-TALWAR,water supply charges - Tiwari-Talwar,7898.02,18,0.0,0.0,1421.64,Tiwari-Talwar,,bank_statement_line,Utilities (Business Electricity/Internet),utilities,Eligible,,synthetic
TXN000676,2024-05-16,Lease rental to Naik-Kothari for warehouse space,Lease rental to Naik-Kothari for warehouse space,26602.04,18,2394.18,2394.18,0.0,Naik-Kothari,19KNKMI7207V5ZN,receipt,Rent/Lease of Business Premises,rent,Eligible,,synthetic
TXN000441,2025-02-13,"Nori, Kant and Nath - auditing services services invc","Nori, Kant and Nath - auditing services services invoice",32405.63,18,2916.51,2916.51,0.0,"Nori, Kant and Nath",36QSXKI0077H6ZP,invoice,Input Services (Professional/Consulting/IT),input_services,Eligible,,synthetic
TXN001946,2024-10-13,"EMPLOYEE HOME TRAVEL CONCESSION BOOKING BOOKING - PAI, BHAGAT AND LALLA","Employee home travel concession booking booking - Pai, Bhagat and Lalla",43279.13,5,1081.98,1081.98,0.0,"Pai, Bhagat and Lalla",27MJTTF8958U8ZB,receipt,Employee Travel Benefits,employee_travel,Blocked,"Sec 17(5)(b)(iii) blocks ITC on travel benefits extended to employees (e.g. leave/home travel concession), unless obligatory under law.",synthetic
TXN002484,2026-03-17,pymt received from Kadakia PLC for export order,Payment received from Kadakia PLC for export order,324731.2,18,0.0,0.0,58451.62,Kadakia PLC,,bank_statement_line,Sales/Outward Supply,sales_revenue,Not Applicable,,synthetic
TXN001802,2024-06-29,staff outing travel booking - Dara Ltd,staff outing travel booking - Dara Ltd,41482.15,5,1037.06,1037.06,0.0,Dara Ltd,,bank_statement_line,Employee Travel Benefits,employee_travel,Blocked,"Sec 17(5)(b)(iii) blocks ITC on travel benefits extended to employees (e.g. leave/home travel concession), unless obligatory under law.",synthetic
TXN002647,2025-02-03,government license fee paymnt,government license fee payment,25012.14,exempt,0.0,0.0,0.0,Mahal-Dara,09EMBVZ4893Y6ZW,receipt,Exempt/Non-GST Expense,exempt_non_gst,Not Applicable,,synthetic
TXN000781,2024-11-08,Monthly rent - Narula-Chandran,Monthly rent - Narula-Chandran,50553.42,18,0.0,0.0,9099.62,Narula-Chandran,,bank_statement_line,Rent/Lease of Business Premises,rent,Eligible,,synthetic
TXN001291,2025-10-24,"Dasgupta, Seshadri and Shankar - fuel purchase","Dasgupta, Seshadri and Shankar - fuel purchase",35723.14,28,5001.24,5001.24,0.0,"Dasgupta, Seshadri and Shankar",09TODZZ3177O7ZL,invoice,Motor Vehicle Expenses,motor_vehicle,Blocked,"Sec 17(5)(a) blocks ITC on motor vehicles for transport of persons (seating <=13) and related services, unless used for further supply, passenger transport, or driving training.",synthetic
TXN000332,2025-02-28,"commercial printer installation invoice from taneja, mangat and karpe","commercial printer installation invoice from Taneja, Mangat and Karpe",622031.31,18,0.0,0.0,111965.64,"Taneja, Mangat and Karpe",33UJMQW0830N5Z8,receipt,Capital Goods,capital_goods,Eligible,,synthetic
TXN001594,2025-10-26,Dora Inc - office tea/coffee supplies,Dora Inc - office tea/coffee supplies,2836.55,5,0.0,0.0,141.83,Dora Inc,,bank_statement_line,Food & Beverages/Outdoor Catering,food_catering,Blocked,"Sec 17(5)(b)(i) explicitly blocks ITC on food and beverages and outdoor catering, unless used to make an outward taxable supply of the same category or as part of a composite/mixed supply.",synthetic
TXN001984,2026-12-25,"employee  leave travel airfare - Krishna, Sehgal and Bahl","employee leave travel airfare - Krishna, Sehgal and Bahl",73557.68,5,1838.94,1838.94,0.0,"Krishna, Sehgal and Bahl",,bank_statement_line,Employee Travel Benefits,employee_travel,Blocked,"Sec 17(5)(b)(iii) blocks ITC on travel benefits extended to employees (e.g. leave/home travel concession), unless obligatory under law.",synthetic
TXN000896,2024-08-23,JHAVERI INC - TELEPHONE/MOBILE PLAN BILL PAYMENT,Jhaveri Inc - telephone/mobile plan bill payment,7748.05,18,697.33,697.33,0.0,Jhaveri Inc,33KQTDE8994Y3ZD,invoice,Utilities (Business Electricity/Internet),utilities,Eligible,,synthetic
TXN000962,2025-03-12,water supply charges - Sarkar-Khare,water supply charges - Sarkar-Khare,8067.59,18,726.09,726.09,0.0,Sarkar-Khare,,bank_statement_line,Utilities (Business Electricity/Internet),utilities,Eligible,,synthetic
TXN001495,2025-01-13,Catering payment - Sachar-Pandit,Catering payment - Sachar-Pandit,2174.4,5,0.0,0.0,108.72,Sachar-Pandit,23YGREY2513B2ZH,receipt,Food & Beverages/Outdoor Catering,food_catering,Blocked,"Sec 17(5)(b)(i) explicitly blocks ITC on food and beverages and outdoor catering, unless used to make an outward taxable supply of the same category or as part of a composite/mixed supply.",synthetic
TXN002302,2026-09-05,"Construction payment - Dyal, Kunda and Keer for warehouse construction contract","Construction payment - Dyal, Kunda and Keer for warehouse construction contract",842324.13,18,75809.17,75809.17,0.0,"Dyal, Kunda and Keer",33HPHSG8454X1ZW,receipt,Works Contract/Construction of Immovable Property,works_contract,Blocked,"Sec 17(5)(c)/(d) blocks ITC on works contract services and goods/services for construction of immovable property (other than plant & machinery), even when used for business.",synthetic
TXN001924,2025-01-22,EMPLOYEE EMPLOYEE LEAVE TRAVEL AIRFARE BOOKING - VIRK PLC,Employee employee leave travel airfare booking - Virk PLC,63189.47,5,0.0,0.0,3159.47,Virk PLC,23VFQBY0928H7ZV,receipt,Employee Travel Benefits,employee_travel,Blocked,"Sec 17(5)(b)(iii) blocks ITC on travel benefits extended to employees (e.g. leave/home travel concession), unless obligatory under law.",synthetic
TXN000930,2024-11-24,broadband internet chrgs - Rajagopal Inc,broadband internet charges - Rajagopal Inc,4242.28,18,381.81,381.81,0.0,Rajagopal Inc,33WEKSB3362B1Z1,receipt,Utilities (Business Electricity/Internet),utilities,Eligible,,synthetic
TXN002316,2026-06-24,"Vohra, Krishnamurthy and Taneja - shop renovation works","Vohra, Krishnamurthy and Taneja - shop renovation works",871595.02,18,78443.55,78443.55,0.0,"Vohra, Krishnamurthy and Taneja",,bank_statement_line,Works Contract/Construction of Immovable Property,works_contract,Blocked,"Sec 17(5)(c)/(d) blocks ITC on works contract services and goods/services for construction of immovable property (other than plant & machinery), even when used for business.",synthetic
TXN000694,2026-04-13,"Suresh, Chand and Uppal - Shop Rent Payment","Suresh, Chand and Uppal - Shop Rent Payment",70069.42,18,6306.25,6306.25,0.0,"Suresh, Chand and Uppal",,bank_statement_line,Rent/Lease of Business Premises,rent,Eligible,,synthetic
TXN000698,2024-08-08,"lease rental to morar, bains and randhawa for warehouse space","Lease rental to Morar, Bains and Randhawa for warehouse space",22229.75,18,2000.68,2000.68,0.0,"Morar, Bains and Randhawa",23SWEDV0059D5ZS,invoice,Rent/Lease of Business Premises,rent,Eligible,,synthetic
TXN000601,2026-03-24,Monthly rent - Munshi-Gupta,Monthly rent - Munshi-Gupta,73741.24,18,6636.71,6636.71,0.0,Munshi-Gupta,,bank_statement_line,Rent/Lease of Business Premises,rent,Eligible,,synthetic
TXN000726,2024-09-10,"sane, tandon and batta - shop rent payment","Sane, Tandon and Batta - Shop Rent Payment",32220.07,18,0.0,0.0,5799.61,"Sane, Tandon and Batta",,bank_statement_line,Rent/Lease of Business Premises,rent,Eligible,,synthetic
TXN001980,2026-08-30,EMPLOYEE HOME TRAVEL CONCESSION BOOKING BOOKING - ZACHARIAH GROUP,Employee home travel concession booking booking - Zachariah Group,66460.53,5,1661.52,1661.52,0.0,Zachariah Group,07WNBQB0340V8ZR,receipt,Employee Travel Benefits,employee_travel,Blocked,"Sec 17(5)(b)(iii) blocks ITC on travel benefits extended to employees (e.g. leave/home travel concession), unless obligatory under law.",synthetic
TXN001123,2025-07-21,Brar-Saran - Bank Charges,Brar-Saran - Bank Charges,4041.14,18,0.0,0.0,727.41,Brar-Saran,,bank_statement_line,Bank Charges/Financial Services,bank_charges,Eligible,,synthetic
TXN001441,2026-04-22,"Saini, Doctor and Char - staff lunch catering","Saini, Doctor and Char - staff lunch catering",4457.72,5,0.0,0.0,222.89,"Saini, Doctor and Char",09LIHLY5744A5Z3,receipt,Food & Beverages/Outdoor Catering,food_catering,Blocked,"Sec 17(5)(b)(i) explicitly blocks ITC on food and beverages and outdoor catering, unless used to make an outward taxable supply of the same category or as part of a composite/mixed supply.",synthetic
TXN000411,2025-09-07,Professional fees to Balasubramanian Inc for payroll processing,Professional fees to Balasubramanian Inc for payroll processing,3683.6,18,0.0,0.0,663.05,Balasubramanian Inc,,bank_statement_line,Input Services (Professional/Consulting/IT),input_services,Eligible,,synthetic
TXN000361,2025-07-13,Saxena-Keer - Capital Asset purchse - industrial sewing machine,Saxena-Keer - Capital Asset Purchase - industrial sewing machine,579811.34,18,52183.02,52183.02,0.0,Saxena-Keer,,bank_statement_line,Capital Goods,capital_goods,Eligible,,synthetic
TXN000507,2025-03-25,Professional fees to Kale-Doctor for IT support,Professional fees to Kale-Doctor for IT support,25422.72,18,0.0,0.0,4576.09,Kale-Doctor,33URGKM5583S7Z7,receipt,Input Services (Professional/Consulting/IT),input_services,Eligible,,synthetic
TXN000932,2026-08-29,broadband internet charges - Mistry-Devan,broadband internet charges - Mistry-Devan,3064.72,18,0.0,0.0,551.65,Mistry-Devan,29JZNYN5307R1ZG,invoice,Utilities (Business Electricity/Internet),utilities,Eligible,,synthetic
TXN001163,2026-02-21,"account maintenance charge fee - Rout, Varghese and Bahri","account maintenance charge fee - Rout, Varghese and Bahri",4189.95,18,377.1,377.1,0.0,"Rout, Varghese and Bahri",,bank_statement_line,Bank Charges/Financial Services,bank_charges,Eligible,,synthetic
TXN000170,2025-03-28,paymnt to Reddy-Narayanan for raw plastic pellets,Payment to Reddy-Narayanan for raw plastic pellets,33873.96,18,3048.66,3048.66,0.0,Reddy-Narayanan,09HRDSY9399B3ZU,invoice,Purchase of Goods (Raw Material/Trading Stock),purchase_goods,Eligible,,synthetic
TXN000911,2024-08-04,"rao, kamdar and sanghvi - telephone/mobile plan bill payment","Rao, Kamdar and Sanghvi - telephone/mobile plan bill payment",1239.22,18,111.53,111.53,0.0,"Rao, Kamdar and Sanghvi",,bank_statement_line,Utilities (Business Electricity/Internet),utilities,Eligible,,synthetic
TXN000699,2024-03-26,aggarwal-kamdar - shop rent payment,Aggarwal-Kamdar - Shop Rent Payment,22283.24,18,2005.49,2005.49,0.0,Aggarwal-Kamdar,23YOKLD5332P4ZZ,receipt,Rent/Lease of Business Premises,rent,Eligible,,synthetic
TXN002288,2024-03-27,Kadakia-Palan - flooring and fixtures work,Kadakia-Palan - flooring and fixtures work,453592.74,18,40823.35,40823.35,0.0,Kadakia-Palan,,bank_statement_line,Works Contract/Construction of Immovable Property,works_contract,Blocked,"Sec 17(5)(c)/(d) blocks ITC on works contract services and goods/services for construction of immovable property (other than plant & machinery), even when used for business.",synthetic
TXN002649,2024-11-21,varughese-bassi - government license fee,Varughese-Bassi - government license fee,28241.33,exempt,0.0,0.0,0.0,Varughese-Bassi,36ISHLF8690S2ZQ,invoice,Exempt/Non-GST Expense,exempt_non_gst,Not Applicable,,synthetic
TXN001795,2026-10-06,wellness center package - Bawa Inc,wellness center package - Bawa Inc,35492.92,18,0.0,0.0,6388.73,Bawa Inc,24WNCBT1143O8Z5,invoice,Club/Health/Fitness Memberships,club_membership,Blocked,"Sec 17(5)(b)(ii) blocks ITC on membership of a club, health, or fitness centre.",synthetic
TXN002507,2025-11-28,"Korpal, Doshi and Wagle - Sales Invoice","Korpal, Doshi and Wagle - Sales Invoice",230081.25,18,20707.31,20707.31,0.0,"Korpal, Doshi and Wagle",24OVXWF5593T2ZB,invoice,Sales/Outward Supply,sales_revenue,Not Applicable,,synthetic
TXN000178,2025-06-12,purchase of steel sheets from ramachandran llc,Purchase of steel sheets from Ramachandran LLC,148247.85,18,13342.31,13342.31,0.0,Ramachandran LLC,,bank_statement_line,Purchase of Goods (Raw Material/Trading Stock),purchase_goods,Eligible,,synthetic
TXN000386,2024-06-25,"Divan, Bhatti and Date - Capital Asset Purchase - generator set","Divan, Bhatti and Date - Capital Asset Purchase - generator set",546579.79,18,0.0,0.0,98384.36,"Divan, Bhatti and Date",33DEVSE0412U9ZM,invoice,Capital Goods,capital_goods,Eligible,,synthetic
TXN001446,2026-12-06,"Catering payment - Sankar, Vig and Salvi","Catering payment - Sankar, Vig and Salvi",7005.8,5,175.15,175.15,0.0,"Sankar, Vig and Salvi",,bank_statement_line,Food & Beverages/Outdoor Catering,food_catering,Blocked,"Sec 17(5)(b)(i) explicitly blocks ITC on food and beverages and outdoor catering, unless used to make an outward taxable supply of the same category or as part of a composite/mixed supply.",synthetic
TXN001153,2026-03-31,ACCOUNT  MAINTENANCE CHARGE FEE - ISSAC-MAHAL,account maintenance charge fee - Issac-Mahal,952.15,18,0.0,0.0,171.39,Issac-Mahal,29OXIZC1302P6ZO,receipt,Bank Charges/Financial Services,bank_charges,Eligible,,synthetic
TXN001508,2026-04-26,Prabhu-Murty - office tea/coffee supplies,Prabhu-Murty - office tea/coffee supplies,4500.89,5,112.52,112.52,0.0,Prabhu-Murty,24KWVEB5883S5Z4,invoice,Food & Beverages/Outdoor Catering,food_catering,Blocked,"Sec 17(5)(b)(i) explicitly blocks ITC on food and beverages and outdoor catering, unless used to make an outward taxable supply of the same category or as part of a composite/mixed supply.",synthetic
TXN002797,2024-11-13,municipal  tax pmt paymnt,municipal tax payment payment,55908.07,exempt,0.0,0.0,0.0,"Sankaran, Shankar and Rajagopalan",,bank_statement_line,Exempt/Non-GST Expense,exempt_non_gst,Not Applicable,,synthetic
TXN000793,2024-11-22,Monthly rent - Ranganathan-Narain,Monthly rent - Ranganathan-Narain,98008.99,18,8820.81,8820.81,0.0,Ranganathan-Narain,29IMZYK2422Z3ZV,receipt,Rent/Lease of Business Premises,rent,Eligible,,synthetic
TXN002304,2025-10-05,Handa Inc - building repair works contract,Handa Inc - building repair works contract,270431.15,18,24338.81,24338.81,0.0,Handa Inc,09LPOBM1742N1ZG,receipt,Works Contract/Construction of Immovable Property,works_contract,Blocked,"Sec 17(5)(c)/(d) blocks ITC on works contract services and goods/services for construction of immovable property (other than plant & machinery), even when used for business.",synthetic
TXN002740,2025-01-10,Rege-Pillai - employee PF contribution,Rege-Pillai - employee PF contribution,11426.85,exempt,0.0,0.0,0.0,Rege-Pillai,07OUYTA7613L4ZV,invoice,Exempt/Non-GST Expense,exempt_non_gst,Not Applicable,,synthetic
TXN000426,2025-05-18,professional  fees to kumer llc for legal consultation,Professional fees to Kumer LLC for legal consultation,22115.31,18,1990.38,1990.38,0.0,Kumer LLC,19LQXJZ1222F6Z9,invoice,Input Services (Professional/Consulting/IT),input_services,Eligible,,synthetic
TXN000084,2026-01-21,"dugar, bhandari and trivedi - steel sheets supply","Dugar, Bhandari and Trivedi - steel sheets supply",117306.14,18,10557.56,10557.56,0.0,"Dugar, Bhandari and Trivedi",07UJJOP6937S3Z7,invoice,Purchase of Goods (Raw Material/Trading Stock),purchase_goods,Eligible,,synthetic
TXN001394,2024-06-06,Tripathi Ltd - vehicle registration fee,Tripathi Ltd - vehicle registration fee,9103.72,28,0.0,0.0,2549.04,Tripathi Ltd,,bank_statement_line,Motor Vehicle Expenses,motor_vehicle,Blocked,"Sec 17(5)(a) blocks ITC on motor vehicles for transport of persons (seating <=13) and related services, unless used for further supply, passenger transport, or driving training.",synthetic
TXN002205,2026-03-03,Mitra Ltd - shop renovation works,Mitra Ltd - shop renovation works,905649.4,18,81508.45,81508.45,0.0,Mitra Ltd,36JTAGX6794C8ZB,invoice,Works Contract/Construction of Immovable Property,works_contract,Blocked,"Sec 17(5)(c)/(d) blocks ITC on works contract services and goods/services for construction of immovable property (other than plant & machinery), even when used for business.",synthetic
TXN000849,2025-02-01,WATER SUPPLY CHARGES - VERMA GROUP,water supply charges - Verma Group,13497.23,18,1214.75,1214.75,0.0,Verma Group,,bank_statement_line,Utilities (Business Electricity/Internet),utilities,Eligible,,synthetic
TXN000551,2024-09-08,"IT support charges - Bali, Dube and Sengupta","IT support charges - Bali, Dube and Sengupta",19250.07,18,1732.51,1732.51,0.0,"Bali, Dube and Sengupta",,bank_statement_line,Input Services (Professional/Consulting/IT),input_services,Eligible,,synthetic
TXN002764,2024-04-18,"Pant, Nori and Kar - staff salary payment","Pant, Nori and Kar - staff salary payment",4243.19,exempt,0.0,0.0,0.0,"Pant, Nori and Kar",07RXATI7171P4ZI,invoice,Exempt/Non-GST Expense,exempt_non_gst,Not Applicable,,synthetic
TXN002034,2025-11-02,employee group health insurance premium payment - Khare-Ghosh,employee group health insurance premium payment - Khare-Ghosh,90247.72,18,0.0,0.0,16244.59,Khare-Ghosh,,bank_statement_line,Employee Insurance/Reimbursements,employee_insurance,Blocked,Sec 17(5)(b) blocks ITC on health/life insurance for employees unless it is obligatory for the employer under any law for the time being in force.,synthetic
TXN000692,2025-04-03,Gala LLC - Shop Rent Payment,Gala LLC - Shop Rent Payment,15087.72,18,1357.89,1357.89,0.0,Gala LLC,07UPCXZ7518H6Z9,receipt,Rent/Lease of Business Premises,rent,Eligible,,synthetic
TXN000390,2025-03-04,"Kale, Sani and Seth - Capital Asset Purchase - packing machine","Kale, Sani and Seth - Capital Asset Purchase - packing machine",592976.01,18,0.0,0.0,106735.68,"Kale, Sani and Seth",32FRCME1479P5ZP,invoice,Capital Goods,capital_goods,Eligible,,synthetic
TXN000806,2024-05-20,broadband  internet charges - Chauhan-Bal,broadband internet charges - Chauhan-Bal,14010.25,18,1260.92,1260.92,0.0,Chauhan-Bal,,bank_statement_line,Utilities (Business Electricity/Internet),utilities,Eligible,,synthetic
TXN001406,2026-05-07,Sura and Sons - festival sweets order,Sura and Sons - festival sweets order,17332.1,5,433.31,433.31,0.0,Sura and Sons,29ZFCPZ3387Y7ZG,invoice,Food & Beverages/Outdoor Catering,food_catering,Blocked,"Sec 17(5)(b)(i) explicitly blocks ITC on food and beverages and outdoor catering, unless used to make an outward taxable supply of the same category or as part of a composite/mixed supply.",synthetic
TXN002716,2024-02-27,De and Sons - staff salary pymt,De and Sons - staff salary payment,45274.83,exempt,0.0,0.0,0.0,De and Sons,,bank_statement_line,Exempt/Non-GST Expense,exempt_non_gst,Not Applicable,,synthetic
TXN000359,2024-12-07,commercial printer installation inv from reddy-mammen,commercial printer installation invoice from Reddy-Mammen,282054.62,18,25384.92,25384.92,0.0,Reddy-Mammen,,bank_statement_line,Capital Goods,capital_goods,Eligible,,synthetic
TXN001857,2026-03-23,EMPLOYEE STAFF OUTING TRAVEL BOOKING BOOKING - MANDER PLC,Employee staff outing travel booking booking - Mander PLC,2533.51,5,63.34,63.34,0.0,Mander PLC,,bank_statement_line,Employee Travel Benefits,employee_travel,Blocked,"Sec 17(5)(b)(iii) blocks ITC on travel benefits extended to employees (e.g. leave/home travel concession), unless obligatory under law.",synthetic
TXN002593,2025-09-17,Payment received from Naik-Kuruvilla for export order,Payment received from Naik-Kuruvilla for export order,42954.14,18,3865.88,3865.88,0.0,Naik-Kuruvilla,36IJZJQ2610G3Z9,invoice,Sales/Outward Supply,sales_revenue,Not Applicable,,synthetic
TXN002518,2026-06-30,"SALE  INVC TO MODI, MURTHY AND PADMANABHAN","Sale invoice to Modi, Murthy and Padmanabhan",229751.78,18,20677.66,20677.66,0.0,"Modi, Murthy and Padmanabhan",07BUJAC7550N1Z1,receipt,Sales/Outward Supply,sales_revenue,Not Applicable,,synthetic
TXN002381,2024-10-22,"tailor, nori and sidhu - building repair works contract","Tailor, Nori and Sidhu - building repair works contract",652283.49,18,0.0,0.0,117411.03,"Tailor, Nori and Sidhu",07UVOOJ8851N2ZA,receipt,Works Contract/Construction of Immovable Property,works_contract,Blocked,"Sec 17(5)(c)/(d) blocks ITC on works contract services and goods/services for construction of immovable property (other than plant & machinery), even when used for business.",synthetic
TXN001100,2025-08-23,"Swaminathan, Dube and Bhagat - Bank chgs","Swaminathan, Dube and Bhagat - Bank Charges",3730.23,18,0.0,0.0,671.44,"Swaminathan, Dube and Bhagat",29OOZBV4349E4ZT,receipt,Bank Charges/Financial Services,bank_charges,Eligible,,synthetic
TXN000866,2024-11-22,"telephone/mobile plan charges - Munshi, Rama and Ramanathan","telephone/mobile plan charges - Munshi, Rama and Ramanathan",6338.56,18,0.0,0.0,1140.94,"Munshi, Rama and Ramanathan",09NUWAT3161H6ZU,invoice,Utilities (Business Electricity/Internet),utilities,Eligible,,synthetic
TXN000366,2026-10-13,"3-phase motor installation inv from Bail, Bedi and Nath","3-phase motor installation invoice from Bail, Bedi and Nath",538089.37,18,48428.04,48428.04,0.0,"Bail, Bedi and Nath",,bank_statement_line,Capital Goods,capital_goods,Eligible,,synthetic
TXN000427,2024-10-22,DAR-AMBLE - LEGAL CONSULTATION SRVCS INVOICE,Dar-Amble - legal consultation services invoice,23356.44,18,0.0,0.0,4204.16,Dar-Amble,24YHGVR9998W2ZH,invoice,Input Services (Professional/Consulting/IT),input_services,Eligible,,synthetic
TXN000206,2026-07-25,"Madan, Yohannan and Sule - Capital Asset purch - packing machine","Madan, Yohannan and Sule - Capital Asset Purchase - packing machine",339184.39,18,30526.6,30526.6,0.0,"Madan, Yohannan and Sule",07DWFVE3706V2Z2,invoice,Capital Goods,capital_goods,Eligible,,synthetic
TXN001241,2026-11-15,"BORDE, CHAUDHURI AND KUNDA - CAR SERVICING","Borde, Chaudhuri and Kunda - car servicing",17210.14,28,0.0,0.0,4818.84,"Borde, Chaudhuri and Kunda",36WHBBJ2112J5ZE,receipt,Motor Vehicle Expenses,motor_vehicle,Blocked,"Sec 17(5)(a) blocks ITC on motor vehicles for transport of persons (seating <=13) and related services, unless used for further supply, passenger transport, or driving training.",synthetic
TXN002353,2024-09-29,Construction payment - Bajaj PLC for warehouse construction contract,Construction payment - Bajaj PLC for warehouse construction contract,197381.83,18,0.0,0.0,35528.73,Bajaj PLC,27TWEQW9735L6Z8,receipt,Works Contract/Construction of Immovable Property,works_contract,Blocked,"Sec 17(5)(c)/(d) blocks ITC on works contract services and goods/services for construction of immovable property (other than plant & machinery), even when used for business.",synthetic
TXN000723,2025-10-14,Monthly rent - Verma and Sons,Monthly rent - Verma and Sons,32533.87,18,0.0,0.0,5856.1,Verma and Sons,,bank_statement_line,Rent/Lease of Business Premises,rent,Eligible,,synthetic
TXN001309,2025-08-12,Payment to Bakshi Group for car servicing,Payment to Bakshi Group for car servicing,27252.25,28,0.0,0.0,7630.63,Bakshi Group,19CHWYG0377Q2ZQ,invoice,Motor Vehicle Expenses,motor_vehicle,Blocked,"Sec 17(5)(a) blocks ITC on motor vehicles for transport of persons (seating <=13) and related services, unless used for further supply, passenger transport, or driving training.",synthetic
TXN002003,2026-10-24,"employee group health insurance premium payment - khare, suresh and ramachandran","employee group health insurance premium payment - Khare, Suresh and Ramachandran",8523.22,18,767.09,767.09,0.0,"Khare, Suresh and Ramachandran",09EDIRX5812S5ZD,invoice,Employee Insurance/Reimbursements,employee_insurance,Blocked,Sec 17(5)(b) blocks ITC on health/life insurance for employees unless it is obligatory for the employer under any law for the time being in force.,synthetic
TXN001391,2026-02-11,Vehicle car servicing - Bumb LLC,Vehicle car servicing - Bumb LLC,34281.01,28,4799.34,4799.34,0.0,Bumb LLC,19JPQSJ1230F1ZI,receipt,Motor Vehicle Expenses,motor_vehicle,Blocked,"Sec 17(5)(a) blocks ITC on motor vehicles for transport of persons (seating <=13) and related services, unless used for further supply, passenger transport, or driving training.",synthetic
TXN000161,2025-07-10,"Purchase  of yarn from Sehgal, Dutt and Soman","Purchase of yarn from Sehgal, Dutt and Soman",14788.76,18,1330.99,1330.99,0.0,"Sehgal, Dutt and Soman",29PBRDH8938K6Z2,receipt,Purchase of Goods (Raw Material/Trading Stock),purchase_goods,Eligible,,synthetic
TXN001967,2025-04-11,"Employee  staff outing travel booking booking - Chanda, Bhandari and Kalla","Employee staff outing travel booking booking - Chanda, Bhandari and Kalla",54043.24,5,1351.08,1351.08,0.0,"Chanda, Bhandari and Kalla",,bank_statement_line,Employee Travel Benefits,employee_travel,Blocked,"Sec 17(5)(b)(iii) blocks ITC on travel benefits extended to employees (e.g. leave/home travel concession), unless obligatory under law.",synthetic
TXN002513,2024-05-25,Sale invc to Nigam LLC,Sale invoice to Nigam LLC,380104.76,18,0.0,0.0,68418.86,Nigam LLC,27LHSFZ6228W4Z4,invoice,Sales/Outward Supply,sales_revenue,Not Applicable,,synthetic
TXN001569,2025-12-15,Office client meeting refreshments order - Palan-Subramaniam,Office client meeting refreshments order - Palan-Subramaniam,12345.79,5,308.64,308.64,0.0,Palan-Subramaniam,07CLYWT6157E4Z9,receipt,Food & Beverages/Outdoor Catering,food_catering,Blocked,"Sec 17(5)(b)(i) explicitly blocks ITC on food and beverages and outdoor catering, unless used to make an outward taxable supply of the same category or as part of a composite/mixed supply.",synthetic
TXN000067,2024-06-10,"Purchase of adhesive tape rolls from Bhagat, Chaudhari and Bhat","Purchase of adhesive tape rolls from Bhagat, Chaudhari and Bhat",106570.09,18,9591.31,9591.31,0.0,"Bhagat, Chaudhari and Bhat",09AIUQV9082S7Z7,invoice,Purchase of Goods (Raw Material/Trading Stock),purchase_goods,Eligible,,synthetic
TXN001659,2026-08-03,"CLUB MEMBERSHIP RENEWAL - SAVANT, PANDEY AND MURTY","club membership renewal - Savant, Pandey and Murty",30528.49,18,0.0,0.0,5495.13,"Savant, Pandey and Murty",07UTSGU7426V7ZL,invoice,Club/Health/Fitness Memberships,club_membership,Blocked,"Sec 17(5)(b)(ii) blocks ITC on membership of a club, health, or fitness centre.",synthetic
TXN001025,2025-07-28,De and Sons - Bank Charges,De and Sons - Bank Charges,142.65,18,12.84,12.84,0.0,De and Sons,32KTRRU5059U6ZJ,receipt,Bank Charges/Financial Services,bank_charges,Eligible,,synthetic
TXN001128,2026-09-12,"SHANKER, ARORA AND VIRK - BANK CHARGES","Shanker, Arora and Virk - Bank Charges",604.16,18,54.38,54.38,0.0,"Shanker, Arora and Virk",27ONUMV1257U7ZQ,receipt,Bank Charges/Financial Services,bank_charges,Eligible,,synthetic
TXN001012,2025-09-24,Murthy-Ray - POS machine rental,Murthy-Ray - POS machine rental,2746.25,18,247.16,247.16,0.0,Murthy-Ray,,bank_statement_line,Bank Charges/Financial Services,bank_charges,Eligible,,synthetic
TXN000903,2025-02-28,electricity charges - Nagy and Sons,electricity charges - Nagy and Sons,4633.13,18,0.0,0.0,833.96,Nagy and Sons,19MCVGL1577Q2ZC,invoice,Utilities (Business Electricity/Internet),utilities,Eligible,,synthetic
TXN002449,2026-04-03,"Sale invoice to Sood, Sharma and Ravel","Sale invoice to Sood, Sharma and Ravel",371399.98,18,0.0,0.0,66852.0,"Sood, Sharma and Ravel",,bank_statement_line,Sales/Outward Supply,sales_revenue,Not Applicable,,synthetic
TXN002723,2024-10-17,"SURESH,  KADAKIA AND BUMB - STAFF SALARY PAYMENT","Suresh, Kadakia and Bumb - staff salary payment",52586.18,exempt,0.0,0.0,0.0,"Suresh, Kadakia and Bumb",33VGHVK3979F2Z7,invoice,Exempt/Non-GST Expense,exempt_non_gst,Not Applicable,,synthetic
TXN001001,2026-03-24,Kata PLC - Bank chgs,Kata PLC - Bank Charges,3036.78,18,273.31,273.31,0.0,Kata PLC,24WRVUF3140L1Z4,receipt,Bank Charges/Financial Services,bank_charges,Eligible,,synthetic
TXN000805,2025-06-10,electricity chrgs - sen-vala,electricity charges - Sen-Vala,11366.45,18,1022.98,1022.98,0.0,Sen-Vala,,bank_statement_line,Utilities (Business Electricity/Internet),utilities,Eligible,,synthetic
TXN001266,2025-02-20,Vehicle car servicing - Dugar PLC,Vehicle car servicing - Dugar PLC,4307.67,28,603.08,603.08,0.0,Dugar PLC,32OQYXC7224W1ZQ,receipt,Motor Vehicle Expenses,motor_vehicle,Blocked,"Sec 17(5)(a) blocks ITC on motor vehicles for transport of persons (seating <=13) and related services, unless used for further supply, passenger transport, or driving training.",synthetic
TXN001710,2024-12-09,"wellness center package - Subramanian, Dhaliwal and Badami","wellness center package - Subramanian, Dhaliwal and Badami",33340.07,18,3000.61,3000.61,0.0,"Subramanian, Dhaliwal and Badami",27NFBTC6799M7ZO,receipt,Club/Health/Fitness Memberships,club_membership,Blocked,"Sec 17(5)(b)(ii) blocks ITC on membership of a club, health, or fitness centre.",synthetic
TXN000256,2026-12-03,"Kar, Dixit and Lata - Capital Asset purch - 3-phase motor","Kar, Dixit and Lata - Capital Asset Purchase - 3-phase motor",795737.62,18,71616.38,71616.38,0.0,"Kar, Dixit and Lata",,bank_statement_line,Capital Goods,capital_goods,Eligible,,synthetic
TXN000660,2026-03-22,Mangal-Bhargava - Shop Rent pymt,Mangal-Bhargava - Shop Rent Payment,96062.41,18,8645.61,8645.61,0.0,Mangal-Bhargava,07EMLIR7270D7Z1,receipt,Rent/Lease of Business Premises,rent,Eligible,,synthetic
TXN000547,2024-12-08,SOFTWARE SUBSCRIPTION CHARGES - DHAR PLC,software subscription charges - Dhar PLC,52994.19,18,4769.48,4769.48,0.0,Dhar PLC,32JMAWM0062H9Z6,invoice,Input Services (Professional/Consulting/IT),input_services,Eligible,,synthetic
TXN002631,2025-11-27,Kant Ltd - municipal tax payment,Kant Ltd - municipal tax payment,26525.23,exempt,0.0,0.0,0.0,Kant Ltd,,bank_statement_line,Exempt/Non-GST Expense,exempt_non_gst,Not Applicable,,synthetic
TXN001324,2024-05-17,"Vehicle car repair - Varkey, Dar and Purohit","Vehicle car repair - Varkey, Dar and Purohit",17557.74,28,2458.09,2458.09,0.0,"Varkey, Dar and Purohit",,bank_statement_line,Motor Vehicle Expenses,motor_vehicle,Blocked,"Sec 17(5)(a) blocks ITC on motor vehicles for transport of persons (seating <=13) and related services, unless used for further supply, passenger transport, or driving training.",synthetic
TXN000689,2025-04-07,"Monthly rent - Sekhon, Wable and Pathak","Monthly rent - Sekhon, Wable and Pathak",17533.59,18,0.0,0.0,3156.05,"Sekhon, Wable and Pathak",32OCZLB5624W4ZP,receipt,Rent/Lease of Business Premises,rent,Eligible,,synthetic
TXN002551,2025-02-18,PAYMNT RECEIVED FROM KALA GROUP FOR EXPORT ORDER,Payment received from Kala Group for export order,294497.67,18,26504.79,26504.79,0.0,Kala Group,,bank_statement_line,Sales/Outward Supply,sales_revenue,Not Applicable,,synthetic
TXN000973,2026-03-03,water supply charges - Lall Ltd,water supply charges - Lall Ltd,2624.36,18,236.19,236.19,0.0,Lall Ltd,27BZOPQ3498B2Z8,invoice,Utilities (Business Electricity/Internet),utilities,Eligible,,synthetic
TXN002519,2026-06-08,Mammen  PLC - Sales invc,Mammen PLC - Sales Invoice,202165.72,18,18194.92,18194.92,0.0,Mammen PLC,19SYMRB7519D2ZF,invoice,Sales/Outward Supply,sales_revenue,Not Applicable,,synthetic
TXN000416,2025-03-04,Dugar PLC - payroll processing services inv,Dugar PLC - payroll processing services invoice,17564.63,18,0.0,0.0,3161.63,Dugar PLC,,bank_statement_line,Input Services (Professional/Consulting/IT),input_services,Eligible,,synthetic
TXN000655,2025-02-18,"Monthly rent - Kaul, Ben and Chaudhry","Monthly rent - Kaul, Ben and Chaudhry",21338.76,18,1920.49,1920.49,0.0,"Kaul, Ben and Chaudhry",24LLKKT4938O5ZB,receipt,Rent/Lease of Business Premises,rent,Eligible,,synthetic
TXN000541,2025-05-11,"Merchant, Mohan and Sehgal - website maintenance services inv","Merchant, Mohan and Sehgal - website maintenance services invoice",25384.34,18,2284.59,2284.59,0.0,"Merchant, Mohan and Sehgal",36NPRZI7222C6Z9,invoice,Input Services (Professional/Consulting/IT),input_services,Eligible,,synthetic
TXN000605,2026-05-02,Tiwari-Shankar - Shop Rent Payment,Tiwari-Shankar - Shop Rent Payment,81858.86,18,0.0,0.0,14734.59,Tiwari-Shankar,36PMFIT9917P1ZU,receipt,Rent/Lease of Business Premises,rent,Eligible,,synthetic
TXN000234,2024-10-24,Date-Swaminathan - Capital Asset Purchase - office desktop computers,Date-Swaminathan - Capital Asset Purchase - office desktop computers,693787.81,18,62440.9,62440.9,0.0,Date-Swaminathan,23UYCNU8660M1ZF,invoice,Capital Goods,capital_goods,Eligible,,synthetic
TXN002147,2025-11-07,"employee medical reimbursement premium pymt - Patel, Rao and Divan","employee medical reimbursement premium payment - Patel, Rao and Divan",82898.73,18,7460.89,7460.89,0.0,"Patel, Rao and Divan",19GLPLV7938Z5ZY,receipt,Employee Insurance/Reimbursements,employee_insurance,Blocked,Sec 17(5)(b) blocks ITC on health/life insurance for employees unless it is obligatory for the employer under any law for the time being in force.,synthetic
TXN001529,2026-04-30,Solanki Inc - staff lunch catering,Solanki Inc - staff lunch catering,13016.03,5,325.4,325.4,0.0,Solanki Inc,19MWYQS5006P4Z4,invoice,Food & Beverages/Outdoor Catering,food_catering,Blocked,"Sec 17(5)(b)(i) explicitly blocks ITC on food and beverages and outdoor catering, unless used to make an outward taxable supply of the same category or as part of a composite/mixed supply.",synthetic
TXN001524,2024-07-30,catering payment - mammen-seshadri,Catering payment - Mammen-Seshadri,3263.8,5,0.0,0.0,163.19,Mammen-Seshadri,33GSZLA2614K9ZK,receipt,Food & Beverages/Outdoor Catering,food_catering,Blocked,"Sec 17(5)(b)(i) explicitly blocks ITC on food and beverages and outdoor catering, unless used to make an outward taxable supply of the same category or as part of a composite/mixed supply.",synthetic
TXN000845,2024-11-18,subramanian  inc - telephone/mobile plan bill payment,Subramanian Inc - telephone/mobile plan bill payment,5012.8,18,451.15,451.15,0.0,Subramanian Inc,36QOCHG5301N4ZK,invoice,Utilities (Business Electricity/Internet),utilities,Eligible,,synthetic
TXN000273,2025-08-12,purchse  of 3-phase motor - Rattan-Bansal,Purchase of 3-phase motor - Rattan-Bansal,596873.67,18,53718.63,53718.63,0.0,Rattan-Bansal,,bank_statement_line,Capital Goods,capital_goods,Eligible,,synthetic
TXN001286,2025-02-06,Payment to Rout Inc for vehicle registration fee,Payment to Rout Inc for vehicle registration fee,44094.46,28,6173.23,6173.23,0.0,Rout Inc,07EFXTK9114F8Z0,receipt,Motor Vehicle Expenses,motor_vehicle,Blocked,"Sec 17(5)(a) blocks ITC on motor vehicles for transport of persons (seating <=13) and related services, unless used for further supply, passenger transport, or driving training.",synthetic
TXN000473,2025-09-03,website  maintenance charges - Puri-Narasimhan,website maintenance charges - Puri-Narasimhan,35979.86,18,3238.18,3238.18,0.0,Puri-Narasimhan,,bank_statement_line,Input Services (Professional/Consulting/IT),input_services,Eligible,,synthetic
TXN001677,2026-07-12,Raj Inc - Membership Fee,Raj Inc - Membership Fee,39732.97,18,3575.97,3575.97,0.0,Raj Inc,,bank_statement_line,Club/Health/Fitness Memberships,club_membership,Blocked,"Sec 17(5)(b)(ii) blocks ITC on membership of a club, health, or fitness centre.",synthetic
TXN000839,2025-01-17,"basu, ratta and narula - electricity bill pmt","Basu, Ratta and Narula - electricity bill payment",12753.07,18,1147.78,1147.78,0.0,"Basu, Ratta and Narula",19YGMBK9619L5ZC,invoice,Utilities (Business Electricity/Internet),utilities,Eligible,,synthetic
TXN002454,2025-08-18,"Sale invoice to Guha, Bala and Kadakia","Sale invoice to Guha, Bala and Kadakia",65219.03,18,5869.72,5869.72,0.0,"Guha, Bala and Kadakia",23FQCAT9554N5ZG,receipt,Sales/Outward Supply,sales_revenue,Not Applicable,,synthetic
TXN001916,2024-03-21,employee leave travel airfare - Kara-Grewal,employee leave travel airfare - Kara-Grewal,44133.78,5,1103.35,1103.35,0.0,Kara-Grewal,,bank_statement_line,Employee Travel Benefits,employee_travel,Blocked,"Sec 17(5)(b)(iii) blocks ITC on travel benefits extended to employees (e.g. leave/home travel concession), unless obligatory under law.",synthetic
TXN000260,2026-02-12,Modi-Rau - Capital Asset purch - 3-phase motor,Modi-Rau - Capital Asset Purchase - 3-phase motor,776328.33,18,0.0,0.0,139739.1,Modi-Rau,27JENCM3563O4ZB,invoice,Capital Goods,capital_goods,Eligible,,synthetic
TXN002000,2025-03-12,Employee staff outing travel booking booking - Chad-Sarma,Employee staff outing travel booking booking - Chad-Sarma,78072.31,5,1951.81,1951.81,0.0,Chad-Sarma,,bank_statement_line,Employee Travel Benefits,employee_travel,Blocked,"Sec 17(5)(b)(iii) blocks ITC on travel benefits extended to employees (e.g. leave/home travel concession), unless obligatory under law.",synthetic
TXN000537,2026-06-10,"professional fees to loke, butala and samra for legal consultation","Professional fees to Loke, Butala and Samra for legal consultation",1643.16,18,147.88,147.88,0.0,"Loke, Butala and Samra",32UXOKP5126Z2Z0,receipt,Input Services (Professional/Consulting/IT),input_services,Eligible,,synthetic
TXN002172,2026-10-12,Vala-Badal - staff life insurance premium,Vala-Badal - staff life insurance premium,87174.66,18,7845.72,7845.72,0.0,Vala-Badal,,bank_statement_line,Employee Insurance/Reimbursements,employee_insurance,Blocked,Sec 17(5)(b) blocks ITC on health/life insurance for employees unless it is obligatory for the employer under any law for the time being in force.,synthetic
TXN000532,2024-05-30,Professional fees to Batta-Narula for chartered accountant,Professional fees to Batta-Narula for chartered accountant,35181.92,18,3166.38,3166.38,0.0,Batta-Narula,32DDGEC8921Z1Z0,receipt,Input Services (Professional/Consulting/IT),input_services,Eligible,,synthetic
TXN002268,2024-04-23,Construction payment - Panchal-Bhalla for building repair works contract,Construction payment - Panchal-Bhalla for building repair works contract,695326.16,18,62579.36,62579.36,0.0,Panchal-Bhalla,23IGCNM4735Z2ZY,invoice,Works Contract/Construction of Immovable Property,works_contract,Blocked,"Sec 17(5)(c)/(d) blocks ITC on works contract services and goods/services for construction of immovable property (other than plant & machinery), even when used for business.",synthetic
TXN000728,2025-07-30,Lease rental to Saha-Rege for office unit,Lease rental to Saha-Rege for office unit,30150.9,18,2713.58,2713.58,0.0,Saha-Rege,,bank_statement_line,Rent/Lease of Business Premises,rent,Eligible,,synthetic
TXN001138,2026-04-04,processing fee fee - Soman LLC,processing fee fee - Soman LLC,1179.94,18,106.19,106.19,0.0,Soman LLC,23HBHWS6311I7Z7,invoice,Bank Charges/Financial Services,bank_charges,Eligible,,synthetic
TXN002332,2024-01-03,Construction pymt - Rama-Anand for flooring and fixtures work,Construction payment - Rama-Anand for flooring and fixtures work,830384.82,18,74734.63,74734.63,0.0,Rama-Anand,29QUSRU9702I1ZF,receipt,Works Contract/Construction of Immovable Property,works_contract,Blocked,"Sec 17(5)(c)/(d) blocks ITC on works contract services and goods/services for construction of immovable property (other than plant & machinery), even when used for business.",synthetic
TXN002338,2026-06-20,Construction payment - Sachar-Natarajan for flooring and fixtures work,Construction payment - Sachar-Natarajan for flooring and fixtures work,263405.54,18,23706.5,23706.5,0.0,Sachar-Natarajan,32KNKRZ4259H1ZC,receipt,Works Contract/Construction of Immovable Property,works_contract,Blocked,"Sec 17(5)(c)/(d) blocks ITC on works contract services and goods/services for construction of immovable property (other than plant & machinery), even when used for business.",synthetic
TXN000280,2025-10-12,loke plc - capital asset purchase - packing machine,Loke PLC - Capital Asset Purchase - packing machine,781105.99,18,70299.54,70299.54,0.0,Loke PLC,,bank_statement_line,Capital Goods,capital_goods,Eligible,,synthetic
TXN000460,2024-10-20,"payroll processing chgs - Dora, Bhatia and Seshadri","payroll processing charges - Dora, Bhatia and Seshadri",40997.84,18,3689.8,3689.8,0.0,"Dora, Bhatia and Seshadri",09TUJYY4661M5ZM,receipt,Input Services (Professional/Consulting/IT),input_services,Eligible,,synthetic
TXN001049,2026-12-18,Kaul-Dutta - POS machine rental,Kaul-Dutta - POS machine rental,4493.67,18,404.43,404.43,0.0,Kaul-Dutta,,bank_statement_line,Bank Charges/Financial Services,bank_charges,Eligible,,synthetic
TXN001222,2026-12-24,"PMT TO BARAD, PRASHAD AND KUMER FOR CAR SERVICING","Payment to Barad, Prashad and Kumer for car servicing",4457.62,28,624.07,624.07,0.0,"Barad, Prashad and Kumer",,bank_statement_line,Motor Vehicle Expenses,motor_vehicle,Blocked,"Sec 17(5)(a) blocks ITC on motor vehicles for transport of persons (seating <=13) and related services, unless used for further supply, passenger transport, or driving training.",synthetic
TXN000856,2025-01-24,"telephone/mobile plan charges - Sandhu, Shere and Kata","telephone/mobile plan charges - Sandhu, Shere and Kata",12226.76,18,1100.41,1100.41,0.0,"Sandhu, Shere and Kata",,bank_statement_line,Utilities (Business Electricity/Internet),utilities,Eligible,,synthetic
TXN002515,2024-10-03,paymnt received from Ramaswamy Inc for export order,Payment received from Ramaswamy Inc for export order,334324.24,18,30089.18,30089.18,0.0,Ramaswamy Inc,36KYGMR0577X1ZG,invoice,Sales/Outward Supply,sales_revenue,Not Applicable,,synthetic
TXN001762,2025-06-12,wellness center package - Baral-Ram,wellness center package - Baral-Ram,49273.63,18,4434.62,4434.62,0.0,Baral-Ram,,bank_statement_line,Club/Health/Fitness Memberships,club_membership,Blocked,"Sec 17(5)(b)(ii) blocks ITC on membership of a club, health, or fitness centre.",synthetic
TXN000198,2024-04-12,"Purchase of adhesive tape rolls from Issac, Borra and Kibe","Purchase of adhesive tape rolls from Issac, Borra and Kibe",2406.04,18,216.54,216.54,0.0,"Issac, Borra and Kibe",32RDCNS1229J5Z3,invoice,Purchase of Goods (Raw Material/Trading Stock),purchase_goods,Eligible,,synthetic
TXN000367,2026-05-16,Purchase of CNC lathe - Dass PLC,Purchase of CNC lathe - Dass PLC,595044.36,18,0.0,0.0,107107.98,Dass PLC,,bank_statement_line,Capital Goods,capital_goods,Eligible,,synthetic
TXN002736,2025-06-29,employee PF contribution payment,employee PF contribution payment,25613.7,exempt,0.0,0.0,0.0,Saxena-Venkataraman,29CGTLF5884C5ZG,invoice,Exempt/Non-GST Expense,exempt_non_gst,Not Applicable,,synthetic
TXN002514,2025-07-18,Gala-Saraf - Sales Invoice,Gala-Saraf - Sales Invoice,304739.63,18,27426.56,27426.56,0.0,Gala-Saraf,36GXQXJ7971L3ZZ,receipt,Sales/Outward Supply,sales_revenue,Not Applicable,,synthetic
TXN001386,2024-10-19,Kant Ltd - car servicing,Kant Ltd - car servicing,12085.05,28,1691.9,1691.9,0.0,Kant Ltd,07AVXPY4403W6Z8,receipt,Motor Vehicle Expenses,motor_vehicle,Blocked,"Sec 17(5)(a) blocks ITC on motor vehicles for transport of persons (seating <=13) and related services, unless used for further supply, passenger transport, or driving training.",synthetic
TXN000859,2024-04-13,"telephone/mobile plan charges - Hora, Sengupta and Sanghvi","telephone/mobile plan charges - Hora, Sengupta and Sanghvi",14266.64,18,1284.0,1284.0,0.0,"Hora, Sengupta and Sanghvi",,bank_statement_line,Utilities (Business Electricity/Internet),utilities,Eligible,,synthetic
TXN000573,2025-07-26,Professional  fees to Sengupta Group for IT support,Professional fees to Sengupta Group for IT support,54125.1,18,0.0,0.0,9742.52,Sengupta Group,,bank_statement_line,Input Services (Professional/Consulting/IT),input_services,Eligible,,synthetic
TXN000421,2024-01-22,Sani-Choudhry  - chartered accountant services invoice,Sani-Choudhry - chartered accountant services invoice,45365.84,18,4082.93,4082.93,0.0,Sani-Choudhry,,bank_statement_line,Input Services (Professional/Consulting/IT),input_services,Eligible,,synthetic
TXN000736,2025-01-20,"Brar, Sengupta and Prabhakar - Shop Rent pmt","Brar, Sengupta and Prabhakar - Shop Rent Payment",21163.67,18,0.0,0.0,3809.46,"Brar, Sengupta and Prabhakar",23GQIVM1239T9ZM,invoice,Rent/Lease of Business Premises,rent,Eligible,,synthetic
TXN000665,2024-07-04,Andra LLC - Shop Rent Payment,Andra LLC - Shop Rent Payment,43006.45,18,0.0,0.0,7741.16,Andra LLC,33NPNEF9739N4ZN,invoice,Rent/Lease of Business Premises,rent,Eligible,,synthetic
TXN002389,2025-03-22,SWAMY-DORA - FLOORING AND FIXTURES WORK,Swamy-Dora - flooring and fixtures work,723767.23,18,65139.05,65139.05,0.0,Swamy-Dora,23UEGWL2264R1ZE,invoice,Works Contract/Construction of Immovable Property,works_contract,Blocked,"Sec 17(5)(c)/(d) blocks ITC on works contract services and goods/services for construction of immovable property (other than plant & machinery), even when used for business.",synthetic
TXN000874,2026-12-27,broadband internet chgs - Grewal-Sur,broadband internet charges - Grewal-Sur,10411.12,18,0.0,0.0,1874.0,Grewal-Sur,09VFYOX5142V6ZL,receipt,Utilities (Business Electricity/Internet),utilities,Eligible,,synthetic
TXN000160,2024-03-30,PURCHASE OF RAW COTTON FROM THAMAN-SANDHU,Purchase of raw cotton from Thaman-Sandhu,95573.31,18,8601.6,8601.6,0.0,Thaman-Sandhu,24ARWSC5240E5ZF,invoice,Purchase of Goods (Raw Material/Trading Stock),purchase_goods,Eligible,,synthetic
TXN000315,2026-03-06,3-phase motor installation invoice from Memon LLC,3-phase motor installation invoice from Memon LLC,562609.83,18,50634.89,50634.89,0.0,Memon LLC,29QXHLX7310Y1ZY,receipt,Capital Goods,capital_goods,Eligible,,synthetic
TXN000191,2024-01-10,Payment  to Bahri PLC for packaging material,Payment to Bahri PLC for packaging material,128208.85,18,11538.8,11538.8,0.0,Bahri PLC,24KOXLI7746F6ZD,invoice,Purchase of Goods (Raw Material/Trading Stock),purchase_goods,Eligible,,synthetic
TXN000071,2026-10-30,pmt to Mallick Group for plastic granules,Payment to Mallick Group for plastic granules,121739.54,18,0.0,0.0,21913.12,Mallick Group,,bank_statement_line,Purchase of Goods (Raw Material/Trading Stock),purchase_goods,Eligible,,synthetic
TXN000432,2024-01-25,Sarin Inc - chartered accountant srvcs inv,Sarin Inc - chartered accountant services invoice,44967.47,18,0.0,0.0,8094.14,Sarin Inc,07SZZTT9028Z7ZZ,receipt,Input Services (Professional/Consulting/IT),input_services,Eligible,,synthetic
TXN001701,2024-08-20,wellness center package - basu-kaur,wellness center package - Basu-Kaur,23114.63,18,2080.32,2080.32,0.0,Basu-Kaur,,bank_statement_line,Club/Health/Fitness Memberships,club_membership,Blocked,"Sec 17(5)(b)(ii) blocks ITC on membership of a club, health, or fitness centre.",synthetic
TXN001315,2025-01-12,Vehicle fuel purchase - Sethi-Chaudry,Vehicle fuel purchase - Sethi-Chaudry,40234.01,28,0.0,0.0,11265.52,Sethi-Chaudry,,bank_statement_line,Motor Vehicle Expenses,motor_vehicle,Blocked,"Sec 17(5)(a) blocks ITC on motor vehicles for transport of persons (seating <=13) and related services, unless used for further supply, passenger transport, or driving training.",synthetic
TXN001949,2025-03-20,employee leave travel airfare - soni-walia,employee leave travel airfare - Soni-Walia,33690.36,5,842.26,842.26,0.0,Soni-Walia,,bank_statement_line,Employee Travel Benefits,employee_travel,Blocked,"Sec 17(5)(b)(iii) blocks ITC on travel benefits extended to employees (e.g. leave/home travel concession), unless obligatory under law.",synthetic
TXN001467,2025-07-16,Office office tea/coffee supplies order - Ramachandran Ltd,Office office tea/coffee supplies order - Ramachandran Ltd,3341.09,5,83.53,83.53,0.0,Ramachandran Ltd,,bank_statement_line,Food & Beverages/Outdoor Catering,food_catering,Blocked,"Sec 17(5)(b)(i) explicitly blocks ITC on food and beverages and outdoor catering, unless used to make an outward taxable supply of the same category or as part of a composite/mixed supply.",synthetic
TXN000418,2025-10-09,AUDITING SERVICES CHGS - SAMRA-SUNDER,auditing services charges - Samra-Sunder,40712.89,18,3664.16,3664.16,0.0,Samra-Sunder,09VKDNM5070N9Z2,receipt,Input Services (Professional/Consulting/IT),input_services,Eligible,,synthetic
TXN001927,2026-06-13,"Employee home travel concession booking booking - Bera, Oza and Warrior","Employee home travel concession booking booking - Bera, Oza and Warrior",31762.97,5,794.08,794.08,0.0,"Bera, Oza and Warrior",,bank_statement_line,Employee Travel Benefits,employee_travel,Blocked,"Sec 17(5)(b)(iii) blocks ITC on travel benefits extended to employees (e.g. leave/home travel concession), unless obligatory under law.",synthetic
TXN001048,2024-07-22,processing fee fee - Sodhi PLC,processing fee fee - Sodhi PLC,3762.71,18,0.0,0.0,677.29,Sodhi PLC,09LGOZC9167G4ZJ,invoice,Bank Charges/Financial Services,bank_charges,Eligible,,synthetic
TXN000622,2025-10-31,Dixit-Varma - Shop Rent Payment,Dixit-Varma - Shop Rent Payment,8454.92,18,760.95,760.95,0.0,Dixit-Varma,23OKFMJ4293K3ZZ,invoice,Rent/Lease of Business Premises,rent,Eligible,,synthetic
TXN001772,2026-01-16,wellness center package - Setty PLC,wellness center package - Setty PLC,30001.64,18,2700.15,2700.15,0.0,Setty PLC,29JVVGW9867E5ZB,receipt,Club/Health/Fitness Memberships,club_membership,Blocked,"Sec 17(5)(b)(ii) blocks ITC on membership of a club, health, or fitness centre.",synthetic
TXN000088,2025-05-28,"BARAL, BUMB AND SAINI - RAW PLASTIC PELLETS SUPPLY","Baral, Bumb and Saini - raw plastic pellets supply",82919.86,18,7462.78,7462.78,0.0,"Baral, Bumb and Saini",09NWVNH1929Q5ZF,invoice,Purchase of Goods (Raw Material/Trading Stock),purchase_goods,Eligible,,synthetic
TXN001721,2026-05-22,club membership renewal - Tella Group,club membership renewal - Tella Group,45872.29,18,4128.51,4128.51,0.0,Tella Group,,bank_statement_line,Club/Health/Fitness Memberships,club_membership,Blocked,"Sec 17(5)(b)(ii) blocks ITC on membership of a club, health, or fitness centre.",synthetic
TXN002195,2026-01-09,"staff life insurance premium premium payment - Modi, Balakrishnan and Dani","staff life insurance premium premium payment - Modi, Balakrishnan and Dani",92057.04,18,8285.14,8285.14,0.0,"Modi, Balakrishnan and Dani",,bank_statement_line,Employee Insurance/Reimbursements,employee_insurance,Blocked,Sec 17(5)(b) blocks ITC on health/life insurance for employees unless it is obligatory for the employer under any law for the time being in force.,synthetic
TXN001174,2026-11-06,loan processing fee fee - lal-misra,loan processing fee fee - Lal-Misra,3519.17,18,0.0,0.0,633.45,Lal-Misra,36YEEKW9676Y9Z2,invoice,Bank Charges/Financial Services,bank_charges,Eligible,,synthetic
TXN000802,2025-06-26,electricity charges - Morar Group,electricity charges - Morar Group,11458.72,18,1031.29,1031.29,0.0,Morar Group,27KQUMW9962K4Z2,receipt,Utilities (Business Electricity/Internet),utilities,Eligible,,synthetic
TXN002008,2025-06-23,"Basak, Ravi and Dani - employee medical reimbursement","Basak, Ravi and Dani - employee medical reimbursement",49761.21,18,0.0,0.0,8957.02,"Basak, Ravi and Dani",33PKIST0030Z4ZN,receipt,Employee Insurance/Reimbursements,employee_insurance,Blocked,Sec 17(5)(b) blocks ITC on health/life insurance for employees unless it is obligatory for the employer under any law for the time being in force.,synthetic
TXN000259,2024-11-13,"Purchase of CNC lathe - Mani, Sarna and Dash","Purchase of CNC lathe - Mani, Sarna and Dash",775691.24,18,69812.21,69812.21,0.0,"Mani, Sarna and Dash",,bank_statement_line,Capital Goods,capital_goods,Eligible,,synthetic
TXN001442,2026-10-13,office festival sweets order order - soni plc,Office festival sweets order order - Soni PLC,14859.41,5,0.0,0.0,742.97,Soni PLC,09IPJNQ2122X3ZL,receipt,Food & Beverages/Outdoor Catering,food_catering,Blocked,"Sec 17(5)(b)(i) explicitly blocks ITC on food and beverages and outdoor catering, unless used to make an outward taxable supply of the same category or as part of a composite/mixed supply.",synthetic
TXN000263,2026-09-30,"packing machine installation inv from baral, sankaran and naidu","packing machine installation invoice from Baral, Sankaran and Naidu",169460.98,18,15251.49,15251.49,0.0,"Baral, Sankaran and Naidu",,bank_statement_line,Capital Goods,capital_goods,Eligible,,synthetic
TXN000709,2025-04-04,"datta,  kapoor and aggarwal - shop rent pymt","Datta, Kapoor and Aggarwal - Shop Rent Payment",13374.41,18,1203.69,1203.69,0.0,"Datta, Kapoor and Aggarwal",,bank_statement_line,Rent/Lease of Business Premises,rent,Eligible,,synthetic
TXN001392,2026-07-29,pmt to yohannan and sons for vehicle registration fee,Payment to Yohannan and Sons for vehicle registration fee,47036.54,28,6585.11,6585.11,0.0,Yohannan and Sons,33PNLKG7267G5Z0,invoice,Motor Vehicle Expenses,motor_vehicle,Blocked,"Sec 17(5)(a) blocks ITC on motor vehicles for transport of persons (seating <=13) and related services, unless used for further supply, passenger transport, or driving training.",synthetic
TXN001020,2026-12-05,"bawa, mistry and lad - bank chgs","Bawa, Mistry and Lad - Bank Charges",3631.55,18,326.84,326.84,0.0,"Bawa, Mistry and Lad",,bank_statement_line,Bank Charges/Financial Services,bank_charges,Eligible,,synthetic
TXN001400,2024-01-02,Payment to Thaker-Uppal for fuel purchase,Payment to Thaker-Uppal for fuel purchase,9207.48,28,1289.05,1289.05,0.0,Thaker-Uppal,,bank_statement_line,Motor Vehicle Expenses,motor_vehicle,Blocked,"Sec 17(5)(a) blocks ITC on motor vehicles for transport of persons (seating <=13) and related services, unless used for further supply, passenger transport, or driving training.",synthetic
TXN002603,2024-06-04,employee PF contribution payment,employee PF contribution payment,19103.55,exempt,0.0,0.0,0.0,Ray-Sehgal,23PFKYH5394D9Z7,invoice,Exempt/Non-GST Expense,exempt_non_gst,Not Applicable,,synthetic
TXN000148,2024-05-20,Purchase of raw plastic pellets from Keer Ltd,Purchase of raw plastic pellets from Keer Ltd,131237.35,18,11811.36,11811.36,0.0,Keer Ltd,,bank_statement_line,Purchase of Goods (Raw Material/Trading Stock),purchase_goods,Eligible,,synthetic
TXN002557,2026-11-29,PRASAD-MITTER - SALES INVC,Prasad-Mitter - Sales Invoice,256209.82,18,23058.88,23058.88,0.0,Prasad-Mitter,,bank_statement_line,Sales/Outward Supply,sales_revenue,Not Applicable,,synthetic
TXN001173,2026-03-22,Malhotra-Nair - cheque bounce fee,Malhotra-Nair - cheque bounce fee,4196.26,18,377.67,377.67,0.0,Malhotra-Nair,07JTLIA7495H4ZB,receipt,Bank Charges/Financial Services,bank_charges,Eligible,,synthetic
TXN001523,2024-02-26,Office staff lunch catering order - Pradhan-Patla,Office staff lunch catering order - Pradhan-Patla,19628.09,5,0.0,0.0,981.4,Pradhan-Patla,,bank_statement_line,Food & Beverages/Outdoor Catering,food_catering,Blocked,"Sec 17(5)(b)(i) explicitly blocks ITC on food and beverages and outdoor catering, unless used to make an outward taxable supply of the same category or as part of a composite/mixed supply.",synthetic
TXN000618,2026-08-31,Issac  PLC - Shop Rent pymt,Issac PLC - Shop Rent Payment,18607.43,18,1674.67,1674.67,0.0,Issac PLC,23DPJJP0768A3Z0,invoice,Rent/Lease of Business Premises,rent,Eligible,,synthetic
TXN002506,2025-07-26,Sale invoice to Sachdeva-Patel,Sale invoice to Sachdeva-Patel,81040.83,18,7293.68,7293.68,0.0,Sachdeva-Patel,19VKRNV5528U6ZC,invoice,Sales/Outward Supply,sales_revenue,Not Applicable,,synthetic
TXN002163,2024-08-16,"Modi, Tak and Sheth - staff life insurance premium","Modi, Tak and Sheth - staff life insurance premium",46630.17,18,0.0,0.0,8393.43,"Modi, Tak and Sheth",,bank_statement_line,Employee Insurance/Reimbursements,employee_insurance,Blocked,Sec 17(5)(b) blocks ITC on health/life insurance for employees unless it is obligatory for the employer under any law for the time being in force.,synthetic
TXN000821,2026-12-05,"water supply charges - Rai, Narayan and Sarraf","water supply charges - Rai, Narayan and Sarraf",7414.11,18,667.27,667.27,0.0,"Rai, Narayan and Sarraf",23FXAGM2959D5ZX,invoice,Utilities (Business Electricity/Internet),utilities,Eligible,,synthetic
TXN001741,2024-06-28,GYM MEMBERSHIP - SABHARWAL-MITTER,gym membership - Sabharwal-Mitter,42172.04,18,0.0,0.0,7590.97,Sabharwal-Mitter,32KBEJW3169H6ZM,receipt,Club/Health/Fitness Memberships,club_membership,Blocked,"Sec 17(5)(b)(ii) blocks ITC on membership of a club, health, or fitness centre.",synthetic
TXN000947,2025-08-15,Chowdhury-Khosla - electricity bill payment,Chowdhury-Khosla - electricity bill payment,1847.64,18,166.29,166.29,0.0,Chowdhury-Khosla,,bank_statement_line,Utilities (Business Electricity/Internet),utilities,Eligible,,synthetic
TXN002075,2024-05-26,"staff life insurance premium premium pymt - Thaman, Bandi and Sandal","staff life insurance premium premium payment - Thaman, Bandi and Sandal",48640.47,18,4377.64,4377.64,0.0,"Thaman, Bandi and Sandal",,bank_statement_line,Employee Insurance/Reimbursements,employee_insurance,Blocked,Sec 17(5)(b) blocks ITC on health/life insurance for employees unless it is obligatory for the employer under any law for the time being in force.,synthetic
TXN002099,2026-04-17,employee medical reimbursement premium payment - Pradhan LLC,employee medical reimbursement premium payment - Pradhan LLC,96800.57,18,8712.05,8712.05,0.0,Pradhan LLC,23FDJUW7952K6ZI,receipt,Employee Insurance/Reimbursements,employee_insurance,Blocked,Sec 17(5)(b) blocks ITC on health/life insurance for employees unless it is obligatory for the employer under any law for the time being in force.,synthetic
TXN002325,2024-02-11,"Sampath, Soman and Koshy - shop renovation works","Sampath, Soman and Koshy - shop renovation works",235442.94,18,0.0,0.0,42379.73,"Sampath, Soman and Koshy",19VIJBV7836E2ZB,invoice,Works Contract/Construction of Immovable Property,works_contract,Blocked,"Sec 17(5)(c)/(d) blocks ITC on works contract services and goods/services for construction of immovable property (other than plant & machinery), even when used for business.",synthetic
TXN001359,2026-03-12,"Dani, Warrior and Ahuja - car repair","Dani, Warrior and Ahuja - car repair",18560.92,28,0.0,0.0,5197.06,"Dani, Warrior and Ahuja",19KIWPE7620B3ZB,invoice,Motor Vehicle Expenses,motor_vehicle,Blocked,"Sec 17(5)(a) blocks ITC on motor vehicles for transport of persons (seating <=13) and related services, unless used for further supply, passenger transport, or driving training.",synthetic
TXN002275,2024-04-02,Bahri-Singh - shop renovation works,Bahri-Singh - shop renovation works,368756.53,18,33188.09,33188.09,0.0,Bahri-Singh,24QNFYM9705S2ZK,invoice,Works Contract/Construction of Immovable Property,works_contract,Blocked,"Sec 17(5)(c)/(d) blocks ITC on works contract services and goods/services for construction of immovable property (other than plant & machinery), even when used for business.",synthetic
TXN001376,2025-12-25,"Vehicle fuel purchse - Bhagat, Shenoy and Bora","Vehicle fuel purchase - Bhagat, Shenoy and Bora",44868.01,28,0.0,0.0,12563.04,"Bhagat, Shenoy and Bora",,bank_statement_line,Motor Vehicle Expenses,motor_vehicle,Blocked,"Sec 17(5)(a) blocks ITC on motor vehicles for transport of persons (seating <=13) and related services, unless used for further supply, passenger transport, or driving training.",synthetic
TXN000879,2026-06-24,DESHPANDE-HAYER - TELEPHONE/MOBILE PLAN BILL PMT,Deshpande-Hayer - telephone/mobile plan bill payment,8138.35,18,0.0,0.0,1464.9,Deshpande-Hayer,09EDIVV4037Q7Z2,receipt,Utilities (Business Electricity/Internet),utilities,Eligible,,synthetic
TXN002663,2024-10-01,Sekhon  PLC - municipal tax payment,Sekhon PLC - municipal tax payment,16990.49,exempt,0.0,0.0,0.0,Sekhon PLC,29UVOZA1116O6ZD,receipt,Exempt/Non-GST Expense,exempt_non_gst,Not Applicable,,synthetic
TXN001177,2024-12-29,Nagarajan-Dey - Bank Charges,Nagarajan-Dey - Bank Charges,123.41,18,11.11,11.11,0.0,Nagarajan-Dey,,bank_statement_line,Bank Charges/Financial Services,bank_charges,Eligible,,synthetic
TXN001235,2026-10-03,Merchant-Dyal - fuel purch,Merchant-Dyal - fuel purchase,49391.66,28,0.0,0.0,13829.66,Merchant-Dyal,07VZSHM1863W8Z6,invoice,Motor Vehicle Expenses,motor_vehicle,Blocked,"Sec 17(5)(a) blocks ITC on motor vehicles for transport of persons (seating <=13) and related services, unless used for further supply, passenger transport, or driving training.",synthetic
TXN000302,2025-08-19,Thakkar  PLC - Capital Asset purchse - generator set,Thakkar PLC - Capital Asset Purchase - generator set,104820.81,18,0.0,0.0,18867.75,Thakkar PLC,24MRCVX9601E8Z8,receipt,Capital Goods,capital_goods,Eligible,,synthetic
TXN000732,2026-06-10,"Dhawan, Sheth and Bhardwaj - Shop Rent Payment","Dhawan, Sheth and Bhardwaj - Shop Rent Payment",95035.95,18,8553.24,8553.24,0.0,"Dhawan, Sheth and Bhardwaj",09MHFME8821T8Z1,invoice,Rent/Lease of Business Premises,rent,Eligible,,synthetic
TXN002229,2025-06-24,"Pillai, Gola and Arya - warehouse construction contract","Pillai, Gola and Arya - warehouse construction contract",401731.64,18,36155.85,36155.85,0.0,"Pillai, Gola and Arya",24ILMZA9939Q3ZN,receipt,Works Contract/Construction of Immovable Property,works_contract,Blocked,"Sec 17(5)(c)/(d) blocks ITC on works contract services and goods/services for construction of immovable property (other than plant & machinery), even when used for business.",synthetic
TXN000862,2025-09-20,electricity chrgs - chaudry plc,electricity charges - Chaudry PLC,6007.53,18,540.68,540.68,0.0,Chaudry PLC,07VZIMO9314V9ZS,receipt,Utilities (Business Electricity/Internet),utilities,Eligible,,synthetic
TXN001460,2024-06-19,"CATERING PMT - RANGANATHAN, JANI AND SACHDEV","Catering payment - Ranganathan, Jani and Sachdev",3635.35,5,0.0,0.0,181.77,"Ranganathan, Jani and Sachdev",19AUWXG9399B1ZQ,invoice,Food & Beverages/Outdoor Catering,food_catering,Blocked,"Sec 17(5)(b)(i) explicitly blocks ITC on food and beverages and outdoor catering, unless used to make an outward taxable supply of the same category or as part of a composite/mixed supply.",synthetic
TXN002761,2026-10-01,Sengupta-Balan - municipal tax payment,Sengupta-Balan - municipal tax payment,4842.34,exempt,0.0,0.0,0.0,Sengupta-Balan,07IRJOR3454X4Z8,invoice,Exempt/Non-GST Expense,exempt_non_gst,Not Applicable,,synthetic
TXN000920,2026-01-02,ELECTRICITY CHARGES - CHANDER-PATEL,electricity charges - Chander-Patel,3609.55,18,0.0,0.0,649.72,Chander-Patel,,bank_statement_line,Utilities (Business Electricity/Internet),utilities,Eligible,,synthetic
TXN002346,2024-11-07,Construction paymnt - Dugar and Sons for shop renovation works,Construction payment - Dugar and Sons for shop renovation works,705208.38,18,0.0,0.0,126937.51,Dugar and Sons,19ZABCB7803R7ZL,invoice,Works Contract/Construction of Immovable Property,works_contract,Blocked,"Sec 17(5)(c)/(d) blocks ITC on works contract services and goods/services for construction of immovable property (other than plant & machinery), even when used for business.",synthetic
TXN000293,2025-12-25,"industrial sewing machine installation invoice from Loke, Agate and Mandal","industrial sewing machine installation invoice from Loke, Agate and Mandal",437990.67,18,39419.16,39419.16,0.0,"Loke, Agate and Mandal",,bank_statement_line,Capital Goods,capital_goods,Eligible,,synthetic
TXN000523,2024-03-15,"software subscription chrgs - Natarajan, Deol and Basu","software subscription charges - Natarajan, Deol and Basu",38423.29,18,3458.09,3458.09,0.0,"Natarajan, Deol and Basu",,bank_statement_line,Input Services (Professional/Consulting/IT),input_services,Eligible,,synthetic
TXN000687,2025-08-29,"Prakash, Sagar and Sinha - Shop Rent Payment","Prakash, Sagar and Sinha - Shop Rent Payment",61529.91,18,0.0,0.0,11075.38,"Prakash, Sagar and Sinha",,bank_statement_line,Rent/Lease of Business Premises,rent,Eligible,,synthetic
TXN000321,2024-05-27,purch of cnc lathe - shenoy ltd,Purchase of CNC lathe - Shenoy Ltd,260030.09,18,23402.71,23402.71,0.0,Shenoy Ltd,27ABUBD8646R3ZO,receipt,Capital Goods,capital_goods,Eligible,,synthetic
TXN002261,2025-01-09,Construction payment - Raman LLC for shop renovation works,Construction payment - Raman LLC for shop renovation works,511361.2,18,46022.51,46022.51,0.0,Raman LLC,36JQBAJ8758Z7ZU,receipt,Works Contract/Construction of Immovable Property,works_contract,Blocked,"Sec 17(5)(c)/(d) blocks ITC on works contract services and goods/services for construction of immovable property (other than plant & machinery), even when used for business.",synthetic
TXN000329,2025-05-20,"Purchase of commercial printer - Parmer, Merchant and Merchant","Purchase of commercial printer - Parmer, Merchant and Merchant",672851.44,18,60556.63,60556.63,0.0,"Parmer, Merchant and Merchant",,bank_statement_line,Capital Goods,capital_goods,Eligible,,synthetic
TXN000861,2024-06-11,Mallick Ltd - electricity bill payment,Mallick Ltd - electricity bill payment,8236.27,18,741.26,741.26,0.0,Mallick Ltd,07FGYYI7139D8Z8,invoice,Utilities (Business Electricity/Internet),utilities,Eligible,,synthetic
TXN000239,2025-08-11,commercial printer installation invoice from Bhattacharyya Group,commercial printer installation invoice from Bhattacharyya Group,379361.94,18,34142.57,34142.57,0.0,Bhattacharyya Group,23DBQZR2395A5ZP,invoice,Capital Goods,capital_goods,Eligible,,synthetic
TXN002538,2025-12-22,"Sale invoice to Kota, Cheema and Narang","Sale invoice to Kota, Cheema and Narang",166214.78,18,14959.33,14959.33,0.0,"Kota, Cheema and Narang",36PJNKG9521S8ZR,invoice,Sales/Outward Supply,sales_revenue,Not Applicable,,synthetic
TXN001422,2026-06-09,Dugar LLC - festival sweets order,Dugar LLC - festival sweets order,5549.15,5,138.73,138.73,0.0,Dugar LLC,36OFGFJ9739I1Z6,receipt,Food & Beverages/Outdoor Catering,food_catering,Blocked,"Sec 17(5)(b)(i) explicitly blocks ITC on food and beverages and outdoor catering, unless used to make an outward taxable supply of the same category or as part of a composite/mixed supply.",synthetic
TXN001735,2025-11-28,"gym membership - Devi, Jain and Devi","gym membership - Devi, Jain and Devi",22392.9,18,2015.36,2015.36,0.0,"Devi, Jain and Devi",32WAKPV7890E8ZQ,receipt,Club/Health/Fitness Memberships,club_membership,Blocked,"Sec 17(5)(b)(ii) blocks ITC on membership of a club, health, or fitness centre.",synthetic
TXN001671,2026-01-15,wellness center package - Devi LLC,wellness center package - Devi LLC,25789.23,18,2321.03,2321.03,0.0,Devi LLC,36SFWVF9506N5Z2,invoice,Club/Health/Fitness Memberships,club_membership,Blocked,"Sec 17(5)(b)(ii) blocks ITC on membership of a club, health, or fitness centre.",synthetic
TXN002009,2025-05-17,employee group health insurance premium paymnt - Virk Group,employee group health insurance premium payment - Virk Group,53564.1,18,4820.77,4820.77,0.0,Virk Group,32XEFNH7648Z7ZD,receipt,Employee Insurance/Reimbursements,employee_insurance,Blocked,Sec 17(5)(b) blocks ITC on health/life insurance for employees unless it is obligatory for the employer under any law for the time being in force.,synthetic
TXN002167,2024-04-05,staff life insurance premium premium payment - Gola-Swamy,staff life insurance premium premium payment - Gola-Swamy,76338.97,18,0.0,0.0,13741.01,Gola-Swamy,,bank_statement_line,Employee Insurance/Reimbursements,employee_insurance,Blocked,Sec 17(5)(b) blocks ITC on health/life insurance for employees unless it is obligatory for the employer under any law for the time being in force.,synthetic
TXN000771,2024-08-09,Monthly rent - Viswanathan and Sons,Monthly rent - Viswanathan and Sons,82806.54,18,0.0,0.0,14905.18,Viswanathan and Sons,29EYYLZ5251B7Z5,invoice,Rent/Lease of Business Premises,rent,Eligible,,synthetic
TXN000827,2024-05-09,broadband internet chrgs - mand-ramaswamy,broadband internet charges - Mand-Ramaswamy,12495.52,18,1124.6,1124.6,0.0,Mand-Ramaswamy,23BLQAS7377V7ZJ,receipt,Utilities (Business Electricity/Internet),utilities,Eligible,,synthetic
TXN001785,2025-06-18,"gym membership - kulkarni, arora and shanker","gym membership - Kulkarni, Arora and Shanker",26924.36,18,0.0,0.0,4846.38,"Kulkarni, Arora and Shanker",,bank_statement_line,Club/Health/Fitness Memberships,club_membership,Blocked,"Sec 17(5)(b)(ii) blocks ITC on membership of a club, health, or fitness centre.",synthetic
TXN002545,2025-01-02,"VORA,  RAU AND VENKATARAMAN - SALES INVOICE","Vora, Rau and Venkataraman - Sales Invoice",146452.15,18,13180.69,13180.69,0.0,"Vora, Rau and Venkataraman",36LAJNT8929Z6ZE,receipt,Sales/Outward Supply,sales_revenue,Not Applicable,,synthetic
TXN002102,2025-10-17,"employee medical reimbursement premium pymt - Walia, Master and Seth","employee medical reimbursement premium payment - Walia, Master and Seth",28910.46,18,0.0,0.0,5203.88,"Walia, Master and Seth",36QRQMR1940I7ZE,receipt,Employee Insurance/Reimbursements,employee_insurance,Blocked,Sec 17(5)(b) blocks ITC on health/life insurance for employees unless it is obligatory for the employer under any law for the time being in force.,synthetic
TXN002579,2025-02-11,"Sawhney,  Chad and Walla - Sales invc","Sawhney, Chad and Walla - Sales Invoice",202856.51,18,0.0,0.0,36514.17,"Sawhney, Chad and Walla",19AITXT6709S4ZX,invoice,Sales/Outward Supply,sales_revenue,Not Applicable,,synthetic
TXN002590,2025-10-04,Bala  Ltd - Sales Invoice,Bala Ltd - Sales Invoice,243846.46,18,21946.18,21946.18,0.0,Bala Ltd,,bank_statement_line,Sales/Outward Supply,sales_revenue,Not Applicable,,synthetic
TXN002309,2026-11-03,Construction  payment - Mall-Goda for building repair works contract,Construction payment - Mall-Goda for building repair works contract,479824.69,18,43184.22,43184.22,0.0,Mall-Goda,09DTMHT6806F3ZV,receipt,Works Contract/Construction of Immovable Property,works_contract,Blocked,"Sec 17(5)(c)/(d) blocks ITC on works contract services and goods/services for construction of immovable property (other than plant & machinery), even when used for business.",synthetic
TXN001289,2026-08-03,Vehicle car servicing - Halder-Nigam,Vehicle car servicing - Halder-Nigam,4623.47,28,647.28,647.28,0.0,Halder-Nigam,,bank_statement_line,Motor Vehicle Expenses,motor_vehicle,Blocked,"Sec 17(5)(a) blocks ITC on motor vehicles for transport of persons (seating <=13) and related services, unless used for further supply, passenger transport, or driving training.",synthetic
TXN001501,2024-01-09,Catering pmt - Gupta Group,Catering payment - Gupta Group,4004.06,5,0.0,0.0,200.2,Gupta Group,,bank_statement_line,Food & Beverages/Outdoor Catering,food_catering,Blocked,"Sec 17(5)(b)(i) explicitly blocks ITC on food and beverages and outdoor catering, unless used to make an outward taxable supply of the same category or as part of a composite/mixed supply.",synthetic
TXN001631,2026-10-13,Peri-Setty - Membership Fee,Peri-Setty - Membership Fee,13028.93,18,1172.61,1172.61,0.0,Peri-Setty,09TURLN7970Q6ZV,receipt,Club/Health/Fitness Memberships,club_membership,Blocked,"Sec 17(5)(b)(ii) blocks ITC on membership of a club, health, or fitness centre.",synthetic
TXN001456,2026-10-05,"OFFICE CLIENT MEETING REFRESHMENTS ORDER - MUTTI, REGE AND PATHAK","Office client meeting refreshments order - Mutti, Rege and Pathak",12740.38,5,0.0,0.0,637.02,"Mutti, Rege and Pathak",,bank_statement_line,Food & Beverages/Outdoor Catering,food_catering,Blocked,"Sec 17(5)(b)(i) explicitly blocks ITC on food and beverages and outdoor catering, unless used to make an outward taxable supply of the same category or as part of a composite/mixed supply.",synthetic
TXN002424,2026-03-18,Payment received from Sami LLC for finished goods,Payment received from Sami LLC for finished goods,1211.8,18,0.0,0.0,218.12,Sami LLC,27CORFU6939T8ZT,receipt,Sales/Outward Supply,sales_revenue,Not Applicable,,synthetic
TXN001824,2025-11-08,HOME TRAVEL CONCESSION BOOKING - DUGAL-SHARMA,home travel concession booking - Dugal-Sharma,55305.52,5,1382.64,1382.64,0.0,Dugal-Sharma,,bank_statement_line,Employee Travel Benefits,employee_travel,Blocked,"Sec 17(5)(b)(iii) blocks ITC on travel benefits extended to employees (e.g. leave/home travel concession), unless obligatory under law.",synthetic
TXN001110,2026-09-10,Sehgal Inc - Bank Charges,Sehgal Inc - Bank Charges,456.89,18,0.0,0.0,82.24,Sehgal Inc,,bank_statement_line,Bank Charges/Financial Services,bank_charges,Eligible,,synthetic
TXN000721,2025-11-12,"Monthly rent - Mann, Kaur and Nagar","Monthly rent - Mann, Kaur and Nagar",55234.9,18,0.0,0.0,9942.28,"Mann, Kaur and Nagar",23IEQSG9329V8ZF,invoice,Rent/Lease of Business Premises,rent,Eligible,,synthetic
TXN001320,2025-03-09,Vehicle vehicle insurance premium - Savant and Sons,Vehicle vehicle insurance premium - Savant and Sons,48573.24,28,6800.26,6800.26,0.0,Savant and Sons,32EBNYJ1005D4ZP,invoice,Motor Vehicle Expenses,motor_vehicle,Blocked,"Sec 17(5)(a) blocks ITC on motor vehicles for transport of persons (seating <=13) and related services, unless used for further supply, passenger transport, or driving training.",synthetic
TXN001992,2024-12-21,employee home travel concession booking booking - dara-wason,Employee home travel concession booking booking - Dara-Wason,33813.89,5,0.0,0.0,1690.69,Dara-Wason,,bank_statement_line,Employee Travel Benefits,employee_travel,Blocked,"Sec 17(5)(b)(iii) blocks ITC on travel benefits extended to employees (e.g. leave/home travel concession), unless obligatory under law.",synthetic
TXN001142,2026-08-09,Mital Ltd - Bank Charges,Mital Ltd - Bank Charges,3917.22,18,352.55,352.55,0.0,Mital Ltd,23FKVLF0191D2ZE,invoice,Bank Charges/Financial Services,bank_charges,Eligible,,synthetic
TXN002428,2025-09-07,"Sale inv to Dubey, Tandon and Vyas","Sale invoice to Dubey, Tandon and Vyas",178319.86,18,0.0,0.0,32097.57,"Dubey, Tandon and Vyas",27HJNQP0012C6ZI,receipt,Sales/Outward Supply,sales_revenue,Not Applicable,,synthetic
TXN002785,2026-11-15,Jhaveri-De - staff salary payment,Jhaveri-De - staff salary payment,23959.33,exempt,0.0,0.0,0.0,Jhaveri-De,32GWUQT6257Q8Z1,receipt,Exempt/Non-GST Expense,exempt_non_gst,Not Applicable,,synthetic
TXN002729,2026-05-27,municipal tax paymnt payment,municipal tax payment payment,51085.63,exempt,0.0,0.0,0.0,"Talwar, Som and Loyal",33YUUTL3752P5ZS,invoice,Exempt/Non-GST Expense,exempt_non_gst,Not Applicable,,synthetic
TXN000638,2025-04-04,"Johal, Nair and Sridhar - Shop Rent Payment","Johal, Nair and Sridhar - Shop Rent Payment",49349.95,18,0.0,0.0,8882.99,"Johal, Nair and Sridhar",09HNIME9369N4ZB,invoice,Rent/Lease of Business Premises,rent,Eligible,,synthetic
TXN000685,2025-12-14,Lease rental to Deol Group for office unit,Lease rental to Deol Group for office unit,87440.43,18,7869.64,7869.64,0.0,Deol Group,,bank_statement_line,Rent/Lease of Business Premises,rent,Eligible,,synthetic
TXN001505,2026-07-20,CATERING PAYMENT - DUGAL-CHHABRA,Catering payment - Dugal-Chhabra,6341.25,5,0.0,0.0,317.06,Dugal-Chhabra,,bank_statement_line,Food & Beverages/Outdoor Catering,food_catering,Blocked,"Sec 17(5)(b)(i) explicitly blocks ITC on food and beverages and outdoor catering, unless used to make an outward taxable supply of the same category or as part of a composite/mixed supply.",synthetic
TXN001232,2026-05-25,Payment to Tank and Sons for vehicle registration fee,Payment to Tank and Sons for vehicle registration fee,4330.65,28,606.29,606.29,0.0,Tank and Sons,,bank_statement_line,Motor Vehicle Expenses,motor_vehicle,Blocked,"Sec 17(5)(a) blocks ITC on motor vehicles for transport of persons (seating <=13) and related services, unless used for further supply, passenger transport, or driving training.",synthetic
TXN001308,2026-09-29,payment to arya-virk for vehicle registration fee,Payment to Arya-Virk for vehicle registration fee,14818.78,28,2074.63,2074.63,0.0,Arya-Virk,,bank_statement_line,Motor Vehicle Expenses,motor_vehicle,Blocked,"Sec 17(5)(a) blocks ITC on motor vehicles for transport of persons (seating <=13) and related services, unless used for further supply, passenger transport, or driving training.",synthetic
TXN002439,2025-02-10,Sale invoice to Shere and Sons,Sale invoice to Shere and Sons,177391.41,18,15965.23,15965.23,0.0,Shere and Sons,36XUNWR5478H8Z7,receipt,Sales/Outward Supply,sales_revenue,Not Applicable,,synthetic
TXN001895,2025-01-09,employee leave travel airfare - jha ltd,employee leave travel airfare - Jha Ltd,66508.43,5,1662.71,1662.71,0.0,Jha Ltd,24NENSQ0185V5ZC,receipt,Employee Travel Benefits,employee_travel,Blocked,"Sec 17(5)(b)(iii) blocks ITC on travel benefits extended to employees (e.g. leave/home travel concession), unless obligatory under law.",synthetic
TXN002668,2026-05-05,"Sankaran, Bhatti and Chaudry - municipal tax pmt","Sankaran, Bhatti and Chaudry - municipal tax payment",26228.03,exempt,0.0,0.0,0.0,"Sankaran, Bhatti and Chaudry",23TXZEY9734J8Z1,invoice,Exempt/Non-GST Expense,exempt_non_gst,Not Applicable,,synthetic
TXN000835,2026-01-26,"SRINIVAS,  RATTAN AND WARRIOR - TELEPHONE/MOBILE PLAN BILL PAYMENT","Srinivas, Rattan and Warrior - telephone/mobile plan bill payment",10099.54,18,0.0,0.0,1817.92,"Srinivas, Rattan and Warrior",24QCSHD3147Q4ZU,receipt,Utilities (Business Electricity/Internet),utilities,Eligible,,synthetic
TXN001064,2025-10-28,"DHAR, CHOUDHRY AND VORA - BANK CHARGES","Dhar, Choudhry and Vora - Bank Charges",2427.98,18,218.52,218.52,0.0,"Dhar, Choudhry and Vora",,bank_statement_line,Bank Charges/Financial Services,bank_charges,Eligible,,synthetic
TXN002133,2026-12-06,Dugal-Agrawal - staff life insurance premium,Dugal-Agrawal - staff life insurance premium,91963.92,18,8276.75,8276.75,0.0,Dugal-Agrawal,24ILTJF7450B8ZL,invoice,Employee Insurance/Reimbursements,employee_insurance,Blocked,Sec 17(5)(b) blocks ITC on health/life insurance for employees unless it is obligatory for the employer under any law for the time being in force.,synthetic
TXN002298,2026-02-11,Construction pymt - Khosla and Sons for shop renovation works,Construction payment - Khosla and Sons for shop renovation works,727631.73,18,65486.86,65486.86,0.0,Khosla and Sons,19GNLOY7292I7ZU,receipt,Works Contract/Construction of Immovable Property,works_contract,Blocked,"Sec 17(5)(c)/(d) blocks ITC on works contract services and goods/services for construction of immovable property (other than plant & machinery), even when used for business.",synthetic
TXN000686,2025-11-21,Monthly rent - Sha Ltd,Monthly rent - Sha Ltd,76067.06,18,0.0,0.0,13692.07,Sha Ltd,24VCSQI4132W8ZW,invoice,Rent/Lease of Business Premises,rent,Eligible,,synthetic
TXN002237,2025-05-12,"construction payment - tata, mallick and mahajan for shop renovation works","Construction payment - Tata, Mallick and Mahajan for shop renovation works",503430.36,18,45308.73,45308.73,0.0,"Tata, Mallick and Mahajan",,bank_statement_line,Works Contract/Construction of Immovable Property,works_contract,Blocked,"Sec 17(5)(c)/(d) blocks ITC on works contract services and goods/services for construction of immovable property (other than plant & machinery), even when used for business.",synthetic
TXN000521,2024-11-25,"PROFESSIONAL FEES TO BABU, PARIKH AND BIR FOR AUDITING SVCS","Professional fees to Babu, Parikh and Bir for auditing services",18601.87,18,0.0,0.0,3348.34,"Babu, Parikh and Bir",36FXEBX4921N8Z4,receipt,Input Services (Professional/Consulting/IT),input_services,Eligible,,synthetic
TXN001691,2026-06-09,"gym membership - Saraf, De and Deshmukh","gym membership - Saraf, De and Deshmukh",27331.03,18,2459.8,2459.8,0.0,"Saraf, De and Deshmukh",,bank_statement_line,Club/Health/Fitness Memberships,club_membership,Blocked,"Sec 17(5)(b)(ii) blocks ITC on membership of a club, health, or fitness centre.",synthetic
TXN000173,2024-03-04,"Bahri, Rai and Sood - steel sheets supply","Bahri, Rai and Sood - steel sheets supply",14419.15,18,1297.72,1297.72,0.0,"Bahri, Rai and Sood",,bank_statement_line,Purchase of Goods (Raw Material/Trading Stock),purchase_goods,Eligible,,synthetic
TXN002564,2026-07-23,Srivastava-Mukherjee - Sales invc,Srivastava-Mukherjee - Sales Invoice,482071.22,18,43386.41,43386.41,0.0,Srivastava-Mukherjee,36ZWYOV3479O1Z1,receipt,Sales/Outward Supply,sales_revenue,Not Applicable,,synthetic
TXN002509,2025-05-26,SACHDEV-ROUT - SALES INV,Sachdev-Rout - Sales Invoice,280219.82,18,0.0,0.0,50439.57,Sachdev-Rout,36LVNHR2771T2ZR,invoice,Sales/Outward Supply,sales_revenue,Not Applicable,,synthetic
TXN000710,2025-08-01,lease rental to misra group for shop premises,Lease rental to Misra Group for shop premises,91794.65,18,0.0,0.0,16523.04,Misra Group,,bank_statement_line,Rent/Lease of Business Premises,rent,Eligible,,synthetic
TXN001182,2025-07-09,"SONI, PARMER AND TRIPATHI - POS MACHINE RENTAL","Soni, Parmer and Tripathi - POS machine rental",4307.16,18,387.64,387.64,0.0,"Soni, Parmer and Tripathi",,bank_statement_line,Bank Charges/Financial Services,bank_charges,Eligible,,synthetic
TXN002455,2026-03-05,Dhillon-Khurana - Sales invc,Dhillon-Khurana - Sales Invoice,233840.16,18,0.0,0.0,42091.23,Dhillon-Khurana,33ILJPO6782S6ZF,receipt,Sales/Outward Supply,sales_revenue,Not Applicable,,synthetic
TXN002191,2024-01-15,employee group health insurance premium payment - Deep Inc,employee group health insurance premium payment - Deep Inc,11027.44,18,992.47,992.47,0.0,Deep Inc,32AQPYA0873M1Z4,invoice,Employee Insurance/Reimbursements,employee_insurance,Blocked,Sec 17(5)(b) blocks ITC on health/life insurance for employees unless it is obligatory for the employer under any law for the time being in force.,synthetic
TXN002540,2024-05-06,Din Ltd - Sales Invoice,Din Ltd - Sales Invoice,452094.58,18,40688.51,40688.51,0.0,Din Ltd,,bank_statement_line,Sales/Outward Supply,sales_revenue,Not Applicable,,synthetic
TXN001272,2026-02-08,sharaf group - car repair,Sharaf Group - car repair,24736.0,28,3463.04,3463.04,0.0,Sharaf Group,29OUJXJ6351F8Z2,invoice,Motor Vehicle Expenses,motor_vehicle,Blocked,"Sec 17(5)(a) blocks ITC on motor vehicles for transport of persons (seating <=13) and related services, unless used for further supply, passenger transport, or driving training.",synthetic
TXN002397,2026-11-12,Construction payment - Divan Inc for building repair works contract,Construction payment - Divan Inc for building repair works contract,539579.59,18,48562.17,48562.17,0.0,Divan Inc,29FMKQG3945M1ZJ,invoice,Works Contract/Construction of Immovable Property,works_contract,Blocked,"Sec 17(5)(c)/(d) blocks ITC on works contract services and goods/services for construction of immovable property (other than plant & machinery), even when used for business.",synthetic
TXN001504,2026-08-09,Krish PLC - client meeting refreshments,Krish PLC - client meeting refreshments,6733.2,5,0.0,0.0,336.66,Krish PLC,36VTQPF4515Y7Z3,receipt,Food & Beverages/Outdoor Catering,food_catering,Blocked,"Sec 17(5)(b)(i) explicitly blocks ITC on food and beverages and outdoor catering, unless used to make an outward taxable supply of the same category or as part of a composite/mixed supply.",synthetic
TXN001779,2026-04-19,NAYAK PLC - MEMBERSHIP FEE,Nayak PLC - Membership Fee,18509.04,18,0.0,0.0,3331.63,Nayak PLC,,bank_statement_line,Club/Health/Fitness Memberships,club_membership,Blocked,"Sec 17(5)(b)(ii) blocks ITC on membership of a club, health, or fitness centre.",synthetic
TXN000820,2026-07-19,broadband internet charges - randhawa llc,broadband internet charges - Randhawa LLC,6679.21,18,601.13,601.13,0.0,Randhawa LLC,,bank_statement_line,Utilities (Business Electricity/Internet),utilities,Eligible,,synthetic
TXN000365,2026-03-23,Purchase  of 3-phase motor - Chand-Kala,Purchase of 3-phase motor - Chand-Kala,764969.01,18,0.0,0.0,137694.42,Chand-Kala,,bank_statement_line,Capital Goods,capital_goods,Eligible,,synthetic
TXN000283,2026-07-24,"Purchase of commercial printer - Khatri, Dutt and Mukhopadhyay","Purchase of commercial printer - Khatri, Dutt and Mukhopadhyay",212491.4,18,19124.22,19124.22,0.0,"Khatri, Dutt and Mukhopadhyay",32TJIPT5587Q2Z2,invoice,Capital Goods,capital_goods,Eligible,,synthetic
TXN000374,2026-03-25,Khanna-Naik - Capital Asset Purchase - CNC lathe,Khanna-Naik - Capital Asset Purchase - CNC lathe,586832.29,18,52814.9,52814.9,0.0,Khanna-Naik,09UAZGL2560P3ZU,invoice,Capital Goods,capital_goods,Eligible,,synthetic
TXN001192,2024-09-20,Tella Inc - processing fee,Tella Inc - processing fee,963.37,18,0.0,0.0,173.41,Tella Inc,,bank_statement_line,Bank Charges/Financial Services,bank_charges,Eligible,,synthetic
TXN001585,2025-02-24,OFFICE STAFF LUNCH CATERING ORDER - SACHAR-GUHA,Office staff lunch catering order - Sachar-Guha,4488.11,5,112.2,112.2,0.0,Sachar-Guha,27FNDJY4413R5ZK,receipt,Food & Beverages/Outdoor Catering,food_catering,Blocked,"Sec 17(5)(b)(i) explicitly blocks ITC on food and beverages and outdoor catering, unless used to make an outward taxable supply of the same category or as part of a composite/mixed supply.",synthetic
TXN002532,2024-08-31,"Tripathi, Pandya and Dasgupta - Sales Invoice","Tripathi, Pandya and Dasgupta - Sales Invoice",47743.4,18,4296.9,4296.9,0.0,"Tripathi, Pandya and Dasgupta",,bank_statement_line,Sales/Outward Supply,sales_revenue,Not Applicable,,synthetic
TXN000993,2024-01-17,water supply charges - Korpal and Sons,water supply charges - Korpal and Sons,7346.73,18,0.0,0.0,1322.41,Korpal and Sons,09YPNZB2203L1Z8,receipt,Utilities (Business Electricity/Internet),utilities,Eligible,,synthetic
TXN001059,2024-02-05,Kanda Inc - processing fee,Kanda Inc - processing fee,122.12,18,0.0,0.0,21.98,Kanda Inc,24XBFRS7458T6ZN,receipt,Bank Charges/Financial Services,bank_charges,Eligible,,synthetic
TXN000368,2025-05-05,purch of CNC lathe - Biswas PLC,Purchase of CNC lathe - Biswas PLC,479795.14,18,43181.57,43181.57,0.0,Biswas PLC,29ILRZW9378A1ZD,receipt,Capital Goods,capital_goods,Eligible,,synthetic
TXN001288,2024-06-07,pymt to Ramaswamy and Sons for vehicle registration fee,Payment to Ramaswamy and Sons for vehicle registration fee,23784.25,28,3329.8,3329.8,0.0,Ramaswamy and Sons,,bank_statement_line,Motor Vehicle Expenses,motor_vehicle,Blocked,"Sec 17(5)(a) blocks ITC on motor vehicles for transport of persons (seating <=13) and related services, unless used for further supply, passenger transport, or driving training.",synthetic
TXN000046,2024-01-06,Purchase of steel sheets from Choudhury LLC,Purchase of steel sheets from Choudhury LLC,125291.23,18,0.0,0.0,22552.42,Choudhury LLC,23OJXNW8274Z9ZR,invoice,Purchase of Goods (Raw Material/Trading Stock),purchase_goods,Eligible,,synthetic
TXN001046,2024-05-07,Nagar PLC - Bank Charges,Nagar PLC - Bank Charges,2010.35,18,0.0,0.0,361.86,Nagar PLC,24QIEGN2795F7ZK,invoice,Bank Charges/Financial Services,bank_charges,Eligible,,synthetic
TXN001914,2025-09-13,"EMPLOYEE EMPLOYEE LEAVE TRAVEL AIRFARE BOOKING - GOLE, SHA AND UPADHYAY","Employee employee leave travel airfare booking - Gole, Sha and Upadhyay",59271.12,5,1481.78,1481.78,0.0,"Gole, Sha and Upadhyay",27BNOMJ7435A6ZG,invoice,Employee Travel Benefits,employee_travel,Blocked,"Sec 17(5)(b)(iii) blocks ITC on travel benefits extended to employees (e.g. leave/home travel concession), unless obligatory under law.",synthetic
TXN000641,2024-09-04,"Monthly rent - Pandya, Lalla and Sule","Monthly rent - Pandya, Lalla and Sule",63568.63,18,5721.18,5721.18,0.0,"Pandya, Lalla and Sule",07MZAAR8980N5Z8,invoice,Rent/Lease of Business Premises,rent,Eligible,,synthetic
TXN001878,2024-04-06,staff outing travel booking - Chhabra-Nanda,staff outing travel booking - Chhabra-Nanda,34085.96,5,852.15,852.15,0.0,Chhabra-Nanda,27HKBQC1337S5ZI,invoice,Employee Travel Benefits,employee_travel,Blocked,"Sec 17(5)(b)(iii) blocks ITC on travel benefits extended to employees (e.g. leave/home travel concession), unless obligatory under law.",synthetic
TXN000105,2025-10-24,purch of adhesive tape rolls from Behl-Chanda,Purchase of adhesive tape rolls from Behl-Chanda,107930.43,18,9713.74,9713.74,0.0,Behl-Chanda,19OTEWX8506F3Z4,receipt,Purchase of Goods (Raw Material/Trading Stock),purchase_goods,Eligible,,synthetic
TXN000254,2025-07-31,3-phase motor installation invoice from Kaur LLC,3-phase motor installation invoice from Kaur LLC,229681.18,18,20671.31,20671.31,0.0,Kaur LLC,33DCLLS4319A3ZG,invoice,Capital Goods,capital_goods,Eligible,,synthetic
TXN001556,2025-05-24,office festival sweets order order - bhagat-bal,Office festival sweets order order - Bhagat-Bal,4847.17,5,121.18,121.18,0.0,Bhagat-Bal,27FBVCN6335D5ZH,receipt,Food & Beverages/Outdoor Catering,food_catering,Blocked,"Sec 17(5)(b)(i) explicitly blocks ITC on food and beverages and outdoor catering, unless used to make an outward taxable supply of the same category or as part of a composite/mixed supply.",synthetic
TXN002230,2025-12-26,"swamy, cheema and randhawa - shop renovation works","Swamy, Cheema and Randhawa - shop renovation works",187407.04,18,16866.63,16866.63,0.0,"Swamy, Cheema and Randhawa",36ZBYSN4551K9Z5,invoice,Works Contract/Construction of Immovable Property,works_contract,Blocked,"Sec 17(5)(c)/(d) blocks ITC on works contract services and goods/services for construction of immovable property (other than plant & machinery), even when used for business.",synthetic
TXN001724,2024-08-04,gym membership - Dugar-Badami,gym membership - Dugar-Badami,19894.73,18,0.0,0.0,3581.05,Dugar-Badami,09AVNIA8138G9ZA,receipt,Club/Health/Fitness Memberships,club_membership,Blocked,"Sec 17(5)(b)(ii) blocks ITC on membership of a club, health, or fitness centre.",synthetic
TXN000595,2025-04-25,Professional fees to Varma-Cherian for chartered accountant,Professional fees to Varma-Cherian for chartered accountant,46072.26,18,4146.51,4146.51,0.0,Varma-Cherian,24GLEYR3318Z8Z0,receipt,Input Services (Professional/Consulting/IT),input_services,Eligible,,synthetic
TXN001213,2026-05-12,Vehicle car servicing - Mannan-Shah,Vehicle car servicing - Mannan-Shah,28828.6,28,0.0,0.0,8072.01,Mannan-Shah,,bank_statement_line,Motor Vehicle Expenses,motor_vehicle,Blocked,"Sec 17(5)(a) blocks ITC on motor vehicles for transport of persons (seating <=13) and related services, unless used for further supply, passenger transport, or driving training.",synthetic
TXN001780,2024-09-17,"doctor, gaba and dhillon - membership fee","Doctor, Gaba and Dhillon - Membership Fee",27337.15,18,2460.34,2460.34,0.0,"Doctor, Gaba and Dhillon",27MQXOY9527D4ZH,receipt,Club/Health/Fitness Memberships,club_membership,Blocked,"Sec 17(5)(b)(ii) blocks ITC on membership of a club, health, or fitness centre.",synthetic
TXN001421,2025-08-25,"Catering payment - Mand, Kakar and Doctor","Catering payment - Mand, Kakar and Doctor",10837.74,5,270.94,270.94,0.0,"Mand, Kakar and Doctor",29VQOTP0627E5ZJ,receipt,Food & Beverages/Outdoor Catering,food_catering,Blocked,"Sec 17(5)(b)(i) explicitly blocks ITC on food and beverages and outdoor catering, unless used to make an outward taxable supply of the same category or as part of a composite/mixed supply.",synthetic
TXN000798,2024-05-15,Borah Inc - Shop Rent pymt,Borah Inc - Shop Rent Payment,30011.37,18,2701.03,2701.03,0.0,Borah Inc,29YRRSH7863M4ZW,receipt,Rent/Lease of Business Premises,rent,Eligible,,synthetic
TXN000396,2026-07-02,PACKING MACHINE INSTALLATION INVC FROM CHADA INC,packing machine installation invoice from Chada Inc,431677.55,18,0.0,0.0,77701.96,Chada Inc,,bank_statement_line,Capital Goods,capital_goods,Eligible,,synthetic
TXN001513,2025-05-31,Catering pmt - Zachariah-Bali,Catering payment - Zachariah-Bali,11167.19,5,279.18,279.18,0.0,Zachariah-Bali,27KZQEF2670E4ZO,invoice,Food & Beverages/Outdoor Catering,food_catering,Blocked,"Sec 17(5)(b)(i) explicitly blocks ITC on food and beverages and outdoor catering, unless used to make an outward taxable supply of the same category or as part of a composite/mixed supply.",synthetic
TXN001251,2024-02-17,Rattan Group - fuel purchase,Rattan Group - fuel purchase,28374.76,28,3972.47,3972.47,0.0,Rattan Group,,bank_statement_line,Motor Vehicle Expenses,motor_vehicle,Blocked,"Sec 17(5)(a) blocks ITC on motor vehicles for transport of persons (seating <=13) and related services, unless used for further supply, passenger transport, or driving training.",synthetic
TXN002743,2024-12-22,Kaur-Lanka - staff salary paymnt,Kaur-Lanka - staff salary payment,33310.69,exempt,0.0,0.0,0.0,Kaur-Lanka,23YGYWF8660B6ZR,invoice,Exempt/Non-GST Expense,exempt_non_gst,Not Applicable,,synthetic
TXN001918,2026-11-12,"home travel concession booking - Khalsa, Thaker and Luthra","home travel concession booking - Khalsa, Thaker and Luthra",74467.22,5,1861.68,1861.68,0.0,"Khalsa, Thaker and Luthra",32XCUXS8494V9Z0,invoice,Employee Travel Benefits,employee_travel,Blocked,"Sec 17(5)(b)(iii) blocks ITC on travel benefits extended to employees (e.g. leave/home travel concession), unless obligatory under law.",synthetic
TXN000857,2026-03-11,water supply charges - Gour-Grewal,water supply charges - Gour-Grewal,4372.18,18,393.5,393.5,0.0,Gour-Grewal,32UINQB0942A9Z1,invoice,Utilities (Business Electricity/Internet),utilities,Eligible,,synthetic
TXN001409,2025-04-25,VASA LLC - CLIENT MEETING REFRESHMENTS,Vasa LLC - client meeting refreshments,10632.29,5,265.81,265.81,0.0,Vasa LLC,27IPBME3253H6Z0,invoice,Food & Beverages/Outdoor Catering,food_catering,Blocked,"Sec 17(5)(b)(i) explicitly blocks ITC on food and beverages and outdoor catering, unless used to make an outward taxable supply of the same category or as part of a composite/mixed supply.",synthetic
TXN000215,2024-08-20,"purch of office desktop computers - Halder, Chada and Khurana","Purchase of office desktop computers - Halder, Chada and Khurana",761240.46,18,68511.64,68511.64,0.0,"Halder, Chada and Khurana",36VZARL9669V6ZY,receipt,Capital Goods,capital_goods,Eligible,,synthetic
TXN000844,2024-01-07,"electricity chrgs - tella, dora and pai","electricity charges - Tella, Dora and Pai",8998.31,18,809.85,809.85,0.0,"Tella, Dora and Pai",29OVNAR3647T2Z0,receipt,Utilities (Business Electricity/Internet),utilities,Eligible,,synthetic
TXN001066,2024-01-07,"Randhawa, Chaudhuri and Nayar - Bank Charges","Randhawa, Chaudhuri and Nayar - Bank Charges",1129.9,18,101.69,101.69,0.0,"Randhawa, Chaudhuri and Nayar",,bank_statement_line,Bank Charges/Financial Services,bank_charges,Eligible,,synthetic
TXN001500,2024-10-16,OFFICE CLIENT MEETING REFRESHMENTS ORDER - KAMDAR-LUTHRA,Office client meeting refreshments order - Kamdar-Luthra,18046.3,5,0.0,0.0,902.32,Kamdar-Luthra,33KAELT7553I9ZA,receipt,Food & Beverages/Outdoor Catering,food_catering,Blocked,"Sec 17(5)(b)(i) explicitly blocks ITC on food and beverages and outdoor catering, unless used to make an outward taxable supply of the same category or as part of a composite/mixed supply.",synthetic
TXN001714,2026-10-12,gym  membership - Shroff Ltd,gym membership - Shroff Ltd,41172.35,18,3705.51,3705.51,0.0,Shroff Ltd,,bank_statement_line,Club/Health/Fitness Memberships,club_membership,Blocked,"Sec 17(5)(b)(ii) blocks ITC on membership of a club, health, or fitness centre.",synthetic
TXN000673,2025-04-10,Lease rental to Ravi Group for office unit,Lease rental to Ravi Group for office unit,99695.08,18,8972.56,8972.56,0.0,Ravi Group,23ULCWT2740R3ZG,receipt,Rent/Lease of Business Premises,rent,Eligible,,synthetic
TXN000577,2025-05-28,software subscription charges - Modi and Sons,software subscription charges - Modi and Sons,57658.0,18,5189.22,5189.22,0.0,Modi and Sons,33XHRHZ7250I6ZR,invoice,Input Services (Professional/Consulting/IT),input_services,Eligible,,synthetic
TXN001341,2024-05-05,"Nagi, Raj and Comar - vehicle registration fee","Nagi, Raj and Comar - vehicle registration fee",36897.25,28,5165.61,5165.61,0.0,"Nagi, Raj and Comar",,bank_statement_line,Motor Vehicle Expenses,motor_vehicle,Blocked,"Sec 17(5)(a) blocks ITC on motor vehicles for transport of persons (seating <=13) and related services, unless used for further supply, passenger transport, or driving training.",synthetic
TXN000864,2025-05-12,Shankar Inc - electricity bill pymt,Shankar Inc - electricity bill payment,9040.4,18,0.0,0.0,1627.27,Shankar Inc,07GYKOI8764Y7ZO,invoice,Utilities (Business Electricity/Internet),utilities,Eligible,,synthetic
TXN001461,2025-02-25,"Catering  payment - Subramanian, Gola and Prabhakar","Catering payment - Subramanian, Gola and Prabhakar",18031.49,5,450.79,450.79,0.0,"Subramanian, Gola and Prabhakar",09UFONY4836T4ZE,receipt,Food & Beverages/Outdoor Catering,food_catering,Blocked,"Sec 17(5)(b)(i) explicitly blocks ITC on food and beverages and outdoor catering, unless used to make an outward taxable supply of the same category or as part of a composite/mixed supply.",synthetic
TXN002465,2026-11-03,"Sale invoice to Sankaran, Sagar and Tandon","Sale invoice to Sankaran, Sagar and Tandon",350383.43,18,31534.51,31534.51,0.0,"Sankaran, Sagar and Tandon",29UCQPC6278S2ZK,receipt,Sales/Outward Supply,sales_revenue,Not Applicable,,synthetic
TXN001902,2025-02-16,EMPLOYEE LEAVE TRAVEL AIRFARE - KEER GROUP,employee leave travel airfare - Keer Group,49930.71,5,0.0,0.0,2496.54,Keer Group,33VTMLD9397W8ZS,invoice,Employee Travel Benefits,employee_travel,Blocked,"Sec 17(5)(b)(iii) blocks ITC on travel benefits extended to employees (e.g. leave/home travel concession), unless obligatory under law.",synthetic
TXN001067,2025-04-30,Naidu-Deshpande - account maintenance charge,Naidu-Deshpande - account maintenance charge,4656.07,18,419.05,419.05,0.0,Naidu-Deshpande,,bank_statement_line,Bank Charges/Financial Services,bank_charges,Eligible,,synthetic
TXN002398,2024-05-25,CONSTRUCTION PAYMENT - CHANDER-JANI FOR BUILDING REPAIR WORKS CONTRACT,Construction payment - Chander-Jani for building repair works contract,914220.03,18,82279.8,82279.8,0.0,Chander-Jani,,bank_statement_line,Works Contract/Construction of Immovable Property,works_contract,Blocked,"Sec 17(5)(c)/(d) blocks ITC on works contract services and goods/services for construction of immovable property (other than plant & machinery), even when used for business.",synthetic
TXN001360,2025-03-20,"paymnt to Bhatnagar, Bath and Bora for car servicing","Payment to Bhatnagar, Bath and Bora for car servicing",29666.8,28,4153.35,4153.35,0.0,"Bhatnagar, Bath and Bora",19FDWKQ7861H6Z0,receipt,Motor Vehicle Expenses,motor_vehicle,Blocked,"Sec 17(5)(a) blocks ITC on motor vehicles for transport of persons (seating <=13) and related services, unless used for further supply, passenger transport, or driving training.",synthetic
TXN000184,2025-07-05,Narang-Kakar - raw cotton supply,Narang-Kakar - raw cotton supply,128638.12,18,11577.43,11577.43,0.0,Narang-Kakar,,bank_statement_line,Purchase of Goods (Raw Material/Trading Stock),purchase_goods,Eligible,,synthetic
TXN002583,2025-12-15,Sale  invoice to Wable LLC,Sale invoice to Wable LLC,95244.53,18,0.0,0.0,17144.02,Wable LLC,,bank_statement_line,Sales/Outward Supply,sales_revenue,Not Applicable,,synthetic
TXN000599,2025-08-19,mannan group - chartered accountant services invoice,Mannan Group - chartered accountant services invoice,32960.18,18,0.0,0.0,5932.83,Mannan Group,32UFPII5022I8ZY,invoice,Input Services (Professional/Consulting/IT),input_services,Eligible,,synthetic
TXN000851,2026-02-25,Sethi-Nagar - telephone/mobile plan bill payment,Sethi-Nagar - telephone/mobile plan bill payment,11616.11,18,1045.45,1045.45,0.0,Sethi-Nagar,19VQTTR7805E9ZX,receipt,Utilities (Business Electricity/Internet),utilities,Eligible,,synthetic
TXN001073,2025-01-20,POS MACHINE RENTAL FEE - RAMAN PLC,POS machine rental fee - Raman PLC,4324.21,18,389.18,389.18,0.0,Raman PLC,,bank_statement_line,Bank Charges/Financial Services,bank_charges,Eligible,,synthetic
TXN000243,2026-03-17,PURCHASE OF 3-PHASE MOTOR - SAHA PLC,Purchase of 3-phase motor - Saha PLC,393089.66,18,35378.07,35378.07,0.0,Saha PLC,,bank_statement_line,Capital Goods,capital_goods,Eligible,,synthetic
TXN001328,2026-02-17,Vehicle  vehicle insurance premium - Dubey-Baral,Vehicle vehicle insurance premium - Dubey-Baral,46978.51,28,6576.99,6576.99,0.0,Dubey-Baral,07ONXDG6223V9ZY,receipt,Motor Vehicle Expenses,motor_vehicle,Blocked,"Sec 17(5)(a) blocks ITC on motor vehicles for transport of persons (seating <=13) and related services, unless used for further supply, passenger transport, or driving training.",synthetic
TXN001748,2025-10-03,"Singh, Prakash and Gour - Membership Fee","Singh, Prakash and Gour - Membership Fee",23186.28,18,2086.76,2086.76,0.0,"Singh, Prakash and Gour",09SNOZH7847E1Z4,receipt,Club/Health/Fitness Memberships,club_membership,Blocked,"Sec 17(5)(b)(ii) blocks ITC on membership of a club, health, or fitness centre.",synthetic
TXN000910,2025-06-24,"electricity chgs - shanker, parmar and bhatnagar","electricity charges - Shanker, Parmar and Bhatnagar",4359.52,18,392.36,392.36,0.0,"Shanker, Parmar and Bhatnagar",24LFRNP2516Z1ZE,invoice,Utilities (Business Electricity/Internet),utilities,Eligible,,synthetic
TXN002498,2025-02-17,SALE INVOICE TO MASTER LTD,Sale invoice to Master Ltd,419548.23,18,37759.34,37759.34,0.0,Master Ltd,36PPZBK5358X3ZK,receipt,Sales/Outward Supply,sales_revenue,Not Applicable,,synthetic
TXN002458,2024-02-24,som group - sales invoice,Som Group - Sales Invoice,364863.76,18,32837.74,32837.74,0.0,Som Group,,bank_statement_line,Sales/Outward Supply,sales_revenue,Not Applicable,,synthetic
TXN000682,2025-05-03,Dutta-Ravi - Shop Rent paymnt,Dutta-Ravi - Shop Rent Payment,62379.77,18,5614.18,5614.18,0.0,Dutta-Ravi,23OVJNY3657D2ZH,invoice,Rent/Lease of Business Premises,rent,Eligible,,synthetic
TXN000751,2025-11-30,Lease rental to Kant Ltd for godown,Lease rental to Kant Ltd for godown,89856.16,18,8087.06,8087.06,0.0,Kant Ltd,,bank_statement_line,Rent/Lease of Business Premises,rent,Eligible,,synthetic
TXN001872,2024-10-13,employee leave travel airfare - Narayanan LLC,employee leave travel airfare - Narayanan LLC,12972.01,5,324.3,324.3,0.0,Narayanan LLC,23VUMYB7881U9ZH,receipt,Employee Travel Benefits,employee_travel,Blocked,"Sec 17(5)(b)(iii) blocks ITC on travel benefits extended to employees (e.g. leave/home travel concession), unless obligatory under law.",synthetic
TXN000569,2026-06-02,"Professional fees to Dayal, Chadha and Bhatti for chartered accountant","Professional fees to Dayal, Chadha and Bhatti for chartered accountant",50265.2,18,0.0,0.0,9047.74,"Dayal, Chadha and Bhatti",29YPPCO9200Q4ZW,receipt,Input Services (Professional/Consulting/IT),input_services,Eligible,,synthetic
TXN000980,2026-11-24,electricity charges - Sodhi LLC,electricity charges - Sodhi LLC,8700.38,18,783.03,783.03,0.0,Sodhi LLC,36LNIOS8549F2ZY,invoice,Utilities (Business Electricity/Internet),utilities,Eligible,,synthetic
TXN002257,2026-09-08,Construction payment - Muni Ltd for flooring and fixtures work,Construction payment - Muni Ltd for flooring and fixtures work,224674.35,18,0.0,0.0,40441.38,Muni Ltd,07OFMWR8215M4Z4,receipt,Works Contract/Construction of Immovable Property,works_contract,Blocked,"Sec 17(5)(c)/(d) blocks ITC on works contract services and goods/services for construction of immovable property (other than plant & machinery), even when used for business.",synthetic
TXN002020,2025-07-06,employee group health insurance premium payment - Nazareth-Ratti,employee group health insurance premium payment - Nazareth-Ratti,16895.52,18,1520.6,1520.6,0.0,Nazareth-Ratti,27TXSBR6490U8ZP,receipt,Employee Insurance/Reimbursements,employee_insurance,Blocked,Sec 17(5)(b) blocks ITC on health/life insurance for employees unless it is obligatory for the employer under any law for the time being in force.,synthetic
TXN000727,2026-04-24,Lease rental to Raj-Vohra for shop premises,Lease rental to Raj-Vohra for shop premises,28949.83,18,2605.49,2605.49,0.0,Raj-Vohra,,bank_statement_line,Rent/Lease of Business Premises,rent,Eligible,,synthetic
TXN000117,2026-05-05,Goel Group - raw plastic pellets supply,Goel Group - raw plastic pellets supply,22315.45,18,2008.39,2008.39,0.0,Goel Group,,bank_statement_line,Purchase of Goods (Raw Material/Trading Stock),purchase_goods,Eligible,,synthetic
TXN000217,2024-02-18,"Purchase of CNC lathe - Soni, Swaminathan and Sem","Purchase of CNC lathe - Soni, Swaminathan and Sem",524317.7,18,0.0,0.0,94377.19,"Soni, Swaminathan and Sem",,bank_statement_line,Capital Goods,capital_goods,Eligible,,synthetic
TXN000865,2026-10-06,Suri-Wable - broadband internet bill payment,Suri-Wable - broadband internet bill payment,8800.17,18,792.01,792.01,0.0,Suri-Wable,,bank_statement_line,Utilities (Business Electricity/Internet),utilities,Eligible,,synthetic
TXN000946,2026-03-02,"TELEPHONE/MOBILE  PLAN CHARGES - BHAGAT, KHATRI AND TALWAR","telephone/mobile plan charges - Bhagat, Khatri and Talwar",12698.49,18,1142.87,1142.87,0.0,"Bhagat, Khatri and Talwar",,bank_statement_line,Utilities (Business Electricity/Internet),utilities,Eligible,,synthetic
TXN001964,2024-12-05,employee leave travel airfare - Sehgal LLC,employee leave travel airfare - Sehgal LLC,70793.6,5,0.0,0.0,3539.68,Sehgal LLC,,bank_statement_line,Employee Travel Benefits,employee_travel,Blocked,"Sec 17(5)(b)(iii) blocks ITC on travel benefits extended to employees (e.g. leave/home travel concession), unless obligatory under law.",synthetic
TXN002103,2026-07-09,"Pillai, Bhatti and Guha - employee medical reimbursement","Pillai, Bhatti and Guha - employee medical reimbursement",17663.33,18,1589.7,1589.7,0.0,"Pillai, Bhatti and Guha",,bank_statement_line,Employee Insurance/Reimbursements,employee_insurance,Blocked,Sec 17(5)(b) blocks ITC on health/life insurance for employees unless it is obligatory for the employer under any law for the time being in force.,synthetic
TXN000343,2024-09-01,Sidhu Inc - Capital Asset Purchase - generator set,Sidhu Inc - Capital Asset Purchase - generator set,405398.38,18,0.0,0.0,72971.71,Sidhu Inc,27UEHQQ1621W4ZB,invoice,Capital Goods,capital_goods,Eligible,,synthetic
TXN002096,2024-05-12,"STAFF LIFE INSURANCE PREMIUM PREMIUM PMT - SRIDHAR, KADAKIA AND KAR","staff life insurance premium premium payment - Sridhar, Kadakia and Kar",83137.63,18,7482.39,7482.39,0.0,"Sridhar, Kadakia and Kar",36EQRLA6177B3ZZ,receipt,Employee Insurance/Reimbursements,employee_insurance,Blocked,Sec 17(5)(b) blocks ITC on health/life insurance for employees unless it is obligatory for the employer under any law for the time being in force.,synthetic
TXN000195,2024-08-09,Purchase of raw plastic pellets from Contractor and Sons,Purchase of raw plastic pellets from Contractor and Sons,115801.82,18,10422.17,10422.17,0.0,Contractor and Sons,,bank_statement_line,Purchase of Goods (Raw Material/Trading Stock),purchase_goods,Eligible,,synthetic
TXN002379,2024-07-30,Barman PLC - shop renovation works,Barman PLC - shop renovation works,496868.59,18,44718.18,44718.18,0.0,Barman PLC,29KZLAU2111G4ZZ,invoice,Works Contract/Construction of Immovable Property,works_contract,Blocked,"Sec 17(5)(c)/(d) blocks ITC on works contract services and goods/services for construction of immovable property (other than plant & machinery), even when used for business.",synthetic
TXN001465,2026-05-24,"Office client meeting refreshments order - Edwin, Chaudhry and Kala","Office client meeting refreshments order - Edwin, Chaudhry and Kala",18797.37,5,469.94,469.94,0.0,"Edwin, Chaudhry and Kala",33NENAT5130Q9ZV,invoice,Food & Beverages/Outdoor Catering,food_catering,Blocked,"Sec 17(5)(b)(i) explicitly blocks ITC on food and beverages and outdoor catering, unless used to make an outward taxable supply of the same category or as part of a composite/mixed supply.",synthetic
TXN001072,2025-04-08,POS machine rental fee - Goel Ltd,POS machine rental fee - Goel Ltd,388.17,18,0.0,0.0,69.87,Goel Ltd,36MAVLI0143K4ZU,receipt,Bank Charges/Financial Services,bank_charges,Eligible,,synthetic
TXN000011,2025-01-27,Purchase of steel sheets from Chanda Group,Purchase of steel sheets from Chanda Group,71209.45,18,6408.85,6408.85,0.0,Chanda Group,29RJKWB6607Z2ZP,invoice,Purchase of Goods (Raw Material/Trading Stock),purchase_goods,Eligible,,synthetic
TXN001547,2026-04-03,Catering payment - Oza and Sons,Catering payment - Oza and Sons,11373.11,5,0.0,0.0,568.66,Oza and Sons,36NKJWI4143B6ZX,receipt,Food & Beverages/Outdoor Catering,food_catering,Blocked,"Sec 17(5)(b)(i) explicitly blocks ITC on food and beverages and outdoor catering, unless used to make an outward taxable supply of the same category or as part of a composite/mixed supply.",synthetic
TXN000029,2026-08-15,Dewan-Koshy - plastic granules supply,Dewan-Koshy - plastic granules supply,100496.61,18,0.0,0.0,18089.39,Dewan-Koshy,,bank_statement_line,Purchase of Goods (Raw Material/Trading Stock),purchase_goods,Eligible,,synthetic
TXN000090,2026-01-28,Murthy and Sons - printed labels supply,Murthy and Sons - printed labels supply,121198.72,18,10907.89,10907.89,0.0,Murthy and Sons,29REKMI1839L7ZI,receipt,Purchase of Goods (Raw Material/Trading Stock),purchase_goods,Eligible,,synthetic
TXN000968,2024-01-02,palan-virk - telephone/mobile plan bill payment,Palan-Virk - telephone/mobile plan bill payment,776.9,18,69.92,69.92,0.0,Palan-Virk,23RBSEA7328I2ZL,receipt,Utilities (Business Electricity/Internet),utilities,Eligible,,synthetic
TXN000014,2026-10-26,"Dash, Radhakrishnan and Brar - plastic granules supply","Dash, Radhakrishnan and Brar - plastic granules supply",112322.35,18,10109.01,10109.01,0.0,"Dash, Radhakrishnan and Brar",,bank_statement_line,Purchase of Goods (Raw Material/Trading Stock),purchase_goods,Eligible,,synthetic
TXN001395,2026-09-07,Payment to Ravel PLC for car repair,Payment to Ravel PLC for car repair,42134.26,28,5898.8,5898.8,0.0,Ravel PLC,,bank_statement_line,Motor Vehicle Expenses,motor_vehicle,Blocked,"Sec 17(5)(a) blocks ITC on motor vehicles for transport of persons (seating <=13) and related services, unless used for further supply, passenger transport, or driving training.",synthetic
TXN001028,2024-04-24,Hora Ltd - Bank chgs,Hora Ltd - Bank Charges,4509.47,18,0.0,0.0,811.7,Hora Ltd,27LLUPJ8271U6ZN,receipt,Bank Charges/Financial Services,bank_charges,Eligible,,synthetic
TXN002488,2024-02-26,SALE INVOICE TO NAZARETH GROUP,Sale invoice to Nazareth Group,332985.91,18,0.0,0.0,59937.46,Nazareth Group,19ZIROE7437W8ZC,receipt,Sales/Outward Supply,sales_revenue,Not Applicable,,synthetic
TXN001578,2024-10-05,"Kashyap,  Amble and Prakash - client meeting refreshments","Kashyap, Amble and Prakash - client meeting refreshments",13373.15,5,334.33,334.33,0.0,"Kashyap, Amble and Prakash",23YGZWY9701C9Z9,receipt,Food & Beverages/Outdoor Catering,food_catering,Blocked,"Sec 17(5)(b)(i) explicitly blocks ITC on food and beverages and outdoor catering, unless used to make an outward taxable supply of the same category or as part of a composite/mixed supply.",synthetic
TXN002305,2025-01-17,Construction pymt - Mukherjee Group for shop renovation works,Construction payment - Mukherjee Group for shop renovation works,413083.06,18,37177.47,37177.47,0.0,Mukherjee Group,07QUVRP3162U9Z0,invoice,Works Contract/Construction of Immovable Property,works_contract,Blocked,"Sec 17(5)(c)/(d) blocks ITC on works contract services and goods/services for construction of immovable property (other than plant & machinery), even when used for business.",synthetic
TXN000072,2024-06-15,paymnt to Borra Group for steel sheets,Payment to Borra Group for steel sheets,24232.56,18,2180.93,2180.93,0.0,Borra Group,09KIPUQ0062X3ZV,receipt,Purchase of Goods (Raw Material/Trading Stock),purchase_goods,Eligible,,synthetic
TXN002626,2024-08-02,saxena ltd - employee pf contribution,Saxena Ltd - employee PF contribution,44005.36,exempt,0.0,0.0,0.0,Saxena Ltd,09TWNDI6190T6Z6,invoice,Exempt/Non-GST Expense,exempt_non_gst,Not Applicable,,synthetic
TXN002563,2025-05-29,"Palla, Bir and Basu - Sales Invoice","Palla, Bir and Basu - Sales Invoice",71330.59,18,6419.76,6419.76,0.0,"Palla, Bir and Basu",33EIDNZ0620Y8ZP,receipt,Sales/Outward Supply,sales_revenue,Not Applicable,,synthetic
TXN000096,2026-09-10,Palla Inc - printed labels supply,Palla Inc - printed labels supply,73732.07,18,6635.89,6635.89,0.0,Palla Inc,27JRZPU7604U4ZD,receipt,Purchase of Goods (Raw Material/Trading Stock),purchase_goods,Eligible,,synthetic
TXN000801,2025-02-06,Chhabra-Chand - water supply bill payment,Chhabra-Chand - water supply bill payment,6165.01,18,554.85,554.85,0.0,Chhabra-Chand,,bank_statement_line,Utilities (Business Electricity/Internet),utilities,Eligible,,synthetic
TXN000696,2026-07-14,Monthly rent - Varghese Group,Monthly rent - Varghese Group,45496.83,18,4094.72,4094.72,0.0,Varghese Group,24EIELG0223U2ZV,invoice,Rent/Lease of Business Premises,rent,Eligible,,synthetic
TXN001919,2026-07-26,Employee  staff outing travel booking booking - Peri-Bandi,Employee staff outing travel booking booking - Peri-Bandi,60612.2,5,1515.31,1515.31,0.0,Peri-Bandi,,bank_statement_line,Employee Travel Benefits,employee_travel,Blocked,"Sec 17(5)(b)(iii) blocks ITC on travel benefits extended to employees (e.g. leave/home travel concession), unless obligatory under law.",synthetic
TXN000574,2026-02-25,"Varughese, Padmanabhan and Dave - legal consultation services invoice","Varughese, Padmanabhan and Dave - legal consultation services invoice",8242.13,18,0.0,0.0,1483.58,"Varughese, Padmanabhan and Dave",27ZSQLC4023C1ZR,invoice,Input Services (Professional/Consulting/IT),input_services,Eligible,,synthetic
TXN002702,2025-07-05,MUNICIPAL  TAX PAYMENT PAYMENT,municipal tax payment payment,13720.79,exempt,0.0,0.0,0.0,Balan-Contractor,36JWGUZ9227U2Z8,receipt,Exempt/Non-GST Expense,exempt_non_gst,Not Applicable,,synthetic
TXN001274,2026-09-12,Mutti-Dani - fuel purch,Mutti-Dani - fuel purchase,14783.15,28,2069.64,2069.64,0.0,Mutti-Dani,,bank_statement_line,Motor Vehicle Expenses,motor_vehicle,Blocked,"Sec 17(5)(a) blocks ITC on motor vehicles for transport of persons (seating <=13) and related services, unless used for further supply, passenger transport, or driving training.",synthetic
TXN002216,2024-12-29,"construction payment - soman, peri and goyal for shop renovation works","Construction payment - Soman, Peri and Goyal for shop renovation works",276714.38,18,0.0,0.0,49808.59,"Soman, Peri and Goyal",,bank_statement_line,Works Contract/Construction of Immovable Property,works_contract,Blocked,"Sec 17(5)(c)/(d) blocks ITC on works contract services and goods/services for construction of immovable property (other than plant & machinery), even when used for business.",synthetic
TXN001568,2026-04-07,"Office festival sweets order order - Saran, Viswanathan and Walla","Office festival sweets order order - Saran, Viswanathan and Walla",3402.82,5,85.07,85.07,0.0,"Saran, Viswanathan and Walla",23UAFGG0906Z3ZY,invoice,Food & Beverages/Outdoor Catering,food_catering,Blocked,"Sec 17(5)(b)(i) explicitly blocks ITC on food and beverages and outdoor catering, unless used to make an outward taxable supply of the same category or as part of a composite/mixed supply.",synthetic
TXN000281,2025-04-20,Purchase of generator set - Mani Group,Purchase of generator set - Mani Group,133507.81,18,12015.7,12015.7,0.0,Mani Group,09YHTVQ7111A5ZO,receipt,Capital Goods,capital_goods,Eligible,,synthetic
TXN002125,2024-03-31,STAFF LIFE INSURANCE PREMIUM PREMIUM PAYMENT - DATE-SASTRY,staff life insurance premium premium payment - Date-Sastry,52002.61,18,0.0,0.0,9360.47,Date-Sastry,24HYYWR5756Z3ZB,receipt,Employee Insurance/Reimbursements,employee_insurance,Blocked,Sec 17(5)(b) blocks ITC on health/life insurance for employees unless it is obligatory for the employer under any law for the time being in force.,synthetic
TXN002132,2025-03-22,Dhillon-Shanker - employee group health insurance,Dhillon-Shanker - employee group health insurance,51543.84,18,0.0,0.0,9277.89,Dhillon-Shanker,,bank_statement_line,Employee Insurance/Reimbursements,employee_insurance,Blocked,Sec 17(5)(b) blocks ITC on health/life insurance for employees unless it is obligatory for the employer under any law for the time being in force.,synthetic
TXN000989,2025-10-18,electricity chrgs - Chadha-Shan,electricity charges - Chadha-Shan,13834.71,18,0.0,0.0,2490.25,Chadha-Shan,,bank_statement_line,Utilities (Business Electricity/Internet),utilities,Eligible,,synthetic
TXN001054,2025-09-11,Nadkarni Ltd - POS machine rental,Nadkarni Ltd - POS machine rental,4770.36,18,429.33,429.33,0.0,Nadkarni Ltd,,bank_statement_line,Bank Charges/Financial Services,bank_charges,Eligible,,synthetic
TXN002192,2026-12-30,Pall-Muni - employee medical reimbursement,Pall-Muni - employee medical reimbursement,34657.53,18,3119.18,3119.18,0.0,Pall-Muni,,bank_statement_line,Employee Insurance/Reimbursements,employee_insurance,Blocked,Sec 17(5)(b) blocks ITC on health/life insurance for employees unless it is obligatory for the employer under any law for the time being in force.,synthetic
TXN002562,2026-03-14,"Payment received from Suresh, Agate and Das for wholesale supply","Payment received from Suresh, Agate and Das for wholesale supply",467920.49,18,42112.85,42112.85,0.0,"Suresh, Agate and Das",33IOQEG4994B8ZG,invoice,Sales/Outward Supply,sales_revenue,Not Applicable,,synthetic
TXN002120,2026-11-01,STAFF LIFE INSURANCE PREMIUM PREMIUM PAYMENT - PANDIT LLC,staff life insurance premium premium payment - Pandit LLC,66861.82,18,6017.56,6017.56,0.0,Pandit LLC,33CYHIZ2355M9Z5,receipt,Employee Insurance/Reimbursements,employee_insurance,Blocked,Sec 17(5)(b) blocks ITC on health/life insurance for employees unless it is obligatory for the employer under any law for the time being in force.,synthetic
TXN002371,2024-07-27,Construction pymt - Deol-Naik for flooring and fixtures work,Construction payment - Deol-Naik for flooring and fixtures work,29238.57,18,2631.47,2631.47,0.0,Deol-Naik,,bank_statement_line,Works Contract/Construction of Immovable Property,works_contract,Blocked,"Sec 17(5)(c)/(d) blocks ITC on works contract services and goods/services for construction of immovable property (other than plant & machinery), even when used for business.",synthetic
TXN001747,2026-12-15,WELLNESS CENTER PACKAGE - SOOD AND SONS,wellness center package - Sood and Sons,37896.9,18,3410.72,3410.72,0.0,Sood and Sons,07IBMNO1002K6ZO,receipt,Club/Health/Fitness Memberships,club_membership,Blocked,"Sec 17(5)(b)(ii) blocks ITC on membership of a club, health, or fitness centre.",synthetic
TXN001615,2025-04-18,gym membership - basak plc,gym membership - Basak PLC,7175.09,18,645.76,645.76,0.0,Basak PLC,32WGPLP8937R4ZP,invoice,Club/Health/Fitness Memberships,club_membership,Blocked,"Sec 17(5)(b)(ii) blocks ITC on membership of a club, health, or fitness centre.",synthetic
TXN000717,2024-12-24,"MONTHLY RENT - BANDI, SEKHON AND BAVA","Monthly rent - Bandi, Sekhon and Bava",87990.66,18,7919.16,7919.16,0.0,"Bandi, Sekhon and Bava",24YJTYH0639O8ZV,invoice,Rent/Lease of Business Premises,rent,Eligible,,synthetic
TXN001913,2024-05-17,home travel concession booking - Shah-Sandal,home travel concession booking - Shah-Sandal,71706.27,5,1792.65,1792.65,0.0,Shah-Sandal,24CJUAE0950N1ZS,receipt,Employee Travel Benefits,employee_travel,Blocked,"Sec 17(5)(b)(iii) blocks ITC on travel benefits extended to employees (e.g. leave/home travel concession), unless obligatory under law.",synthetic
TXN000149,2025-03-20,Payment to Kar-Issac for raw cotton,Payment to Kar-Issac for raw cotton,112366.19,18,0.0,0.0,20225.91,Kar-Issac,,bank_statement_line,Purchase of Goods (Raw Material/Trading Stock),purchase_goods,Eligible,,synthetic
TXN002249,2025-05-10,Construction paymnt - Tank-Swaminathan for building repair works contract,Construction payment - Tank-Swaminathan for building repair works contract,814120.05,18,73270.8,73270.8,0.0,Tank-Swaminathan,07MYGTG3364Y7ZN,receipt,Works Contract/Construction of Immovable Property,works_contract,Blocked,"Sec 17(5)(c)/(d) blocks ITC on works contract services and goods/services for construction of immovable property (other than plant & machinery), even when used for business.",synthetic
TXN001572,2026-01-08,Office client meeting refreshments order - Dugal-Mitter,Office client meeting refreshments order - Dugal-Mitter,508.4,5,0.0,0.0,25.42,Dugal-Mitter,,bank_statement_line,Food & Beverages/Outdoor Catering,food_catering,Blocked,"Sec 17(5)(b)(i) explicitly blocks ITC on food and beverages and outdoor catering, unless used to make an outward taxable supply of the same category or as part of a composite/mixed supply.",synthetic
TXN002653,2025-12-12,PROFESSIONAL TAX PYMT PAYMNT,professional tax payment payment,45666.72,exempt,0.0,0.0,0.0,Natt Inc,32AERBU0498O3ZD,invoice,Exempt/Non-GST Expense,exempt_non_gst,Not Applicable,,synthetic
TXN001993,2026-08-09,Employee staff outing travel booking booking - Nath-Mitter,Employee staff outing travel booking booking - Nath-Mitter,41086.44,5,1027.16,1027.16,0.0,Nath-Mitter,23SIQQN4751H1ZD,receipt,Employee Travel Benefits,employee_travel,Blocked,"Sec 17(5)(b)(iii) blocks ITC on travel benefits extended to employees (e.g. leave/home travel concession), unless obligatory under law.",synthetic
TXN002223,2026-05-14,"Construction payment - Mani, Baria and Butala for building repair works contract","Construction payment - Mani, Baria and Butala for building repair works contract",459293.21,18,41336.39,41336.39,0.0,"Mani, Baria and Butala",,bank_statement_line,Works Contract/Construction of Immovable Property,works_contract,Blocked,"Sec 17(5)(c)/(d) blocks ITC on works contract services and goods/services for construction of immovable property (other than plant & machinery), even when used for business.",synthetic
TXN000776,2026-08-19,"Lease rental to Kara, Mital and Buch for office unit","Lease rental to Kara, Mital and Buch for office unit",85116.14,18,7660.45,7660.45,0.0,"Kara, Mital and Buch",33SPSJU2342J4ZY,receipt,Rent/Lease of Business Premises,rent,Eligible,,synthetic
TXN002180,2025-01-20,"staff life insurance premium premium payment - Goswami, Chandra and Ganesh","staff life insurance premium premium payment - Goswami, Chandra and Ganesh",87028.32,18,7832.55,7832.55,0.0,"Goswami, Chandra and Ganesh",09XNBXQ5101C3ZZ,receipt,Employee Insurance/Reimbursements,employee_insurance,Blocked,Sec 17(5)(b) blocks ITC on health/life insurance for employees unless it is obligatory for the employer under any law for the time being in force.,synthetic
TXN001339,2024-04-12,Pal Group - fuel purchase,Pal Group - fuel purchase,43897.05,28,6145.59,6145.59,0.0,Pal Group,36ZXHSB8167C4ZX,invoice,Motor Vehicle Expenses,motor_vehicle,Blocked,"Sec 17(5)(a) blocks ITC on motor vehicles for transport of persons (seating <=13) and related services, unless used for further supply, passenger transport, or driving training.",synthetic
TXN002749,2025-02-07,staff salary payment pymt,staff salary payment payment,53443.9,exempt,0.0,0.0,0.0,Hegde-Narayan,,bank_statement_line,Exempt/Non-GST Expense,exempt_non_gst,Not Applicable,,synthetic
TXN001146,2024-06-27,"sundaram, varty and prakash - account maintenance charge","Sundaram, Varty and Prakash - account maintenance charge",4651.66,18,418.65,418.65,0.0,"Sundaram, Varty and Prakash",24QPZIS2617Y8ZL,invoice,Bank Charges/Financial Services,bank_charges,Eligible,,synthetic
TXN000405,2026-04-29,CONTRACTOR-MALLICK - PAYROLL PROCESSING SERVICES INVOICE,Contractor-Mallick - payroll processing services invoice,11604.86,18,1044.43,1044.43,0.0,Contractor-Mallick,07VVPCN3549K7ZL,invoice,Input Services (Professional/Consulting/IT),input_services,Eligible,,synthetic
TXN001469,2026-12-20,office festival sweets order order - saran-chakrabarti,Office festival sweets order order - Saran-Chakrabarti,2532.76,5,63.32,63.32,0.0,Saran-Chakrabarti,09GFPJI7748T7Z2,receipt,Food & Beverages/Outdoor Catering,food_catering,Blocked,"Sec 17(5)(b)(i) explicitly blocks ITC on food and beverages and outdoor catering, unless used to make an outward taxable supply of the same category or as part of a composite/mixed supply.",synthetic
TXN001277,2026-09-12,"Acharya,  Chand and Modi - car repair","Acharya, Chand and Modi - car repair",10118.8,28,1416.63,1416.63,0.0,"Acharya, Chand and Modi",36BCSMG3539I4Z1,receipt,Motor Vehicle Expenses,motor_vehicle,Blocked,"Sec 17(5)(a) blocks ITC on motor vehicles for transport of persons (seating <=13) and related services, unless used for further supply, passenger transport, or driving training.",synthetic
TXN000417,2024-02-17,BUMB LLC - LEGAL CONSULTATION SERVICES INVOICE,Bumb LLC - legal consultation services invoice,30519.21,18,2746.73,2746.73,0.0,Bumb LLC,32RPEPT1988X5ZM,invoice,Input Services (Professional/Consulting/IT),input_services,Eligible,,synthetic
TXN001413,2024-12-26,"OFFICE FESTIVAL SWEETS ORDER ORDER - MAHAL, LALL AND GHOSH","Office festival sweets order order - Mahal, Lall and Ghosh",14641.72,5,366.05,366.05,0.0,"Mahal, Lall and Ghosh",,bank_statement_line,Food & Beverages/Outdoor Catering,food_catering,Blocked,"Sec 17(5)(b)(i) explicitly blocks ITC on food and beverages and outdoor catering, unless used to make an outward taxable supply of the same category or as part of a composite/mixed supply.",synthetic
TXN001226,2025-05-29,Krishnan  Group - vehicle registration fee,Krishnan Group - vehicle registration fee,12295.77,28,1721.41,1721.41,0.0,Krishnan Group,,bank_statement_line,Motor Vehicle Expenses,motor_vehicle,Blocked,"Sec 17(5)(a) blocks ITC on motor vehicles for transport of persons (seating <=13) and related services, unless used for further supply, passenger transport, or driving training.",synthetic
TXN002483,2025-11-04,Sale invc to Tak-Mitter,Sale invoice to Tak-Mitter,424406.42,18,38196.58,38196.58,0.0,Tak-Mitter,32NDGQN2086J6ZC,receipt,Sales/Outward Supply,sales_revenue,Not Applicable,,synthetic
TXN001974,2025-03-27,employee leave travel airfare - malhotra inc,employee leave travel airfare - Malhotra Inc,48823.67,5,0.0,0.0,2441.18,Malhotra Inc,19SODTJ7336B3ZF,invoice,Employee Travel Benefits,employee_travel,Blocked,"Sec 17(5)(b)(iii) blocks ITC on travel benefits extended to employees (e.g. leave/home travel concession), unless obligatory under law.",synthetic
TXN001534,2024-10-25,Gade Inc - festival sweets order,Gade Inc - festival sweets order,14626.16,5,365.65,365.65,0.0,Gade Inc,27BFPAA9034C5ZT,receipt,Food & Beverages/Outdoor Catering,food_catering,Blocked,"Sec 17(5)(b)(i) explicitly blocks ITC on food and beverages and outdoor catering, unless used to make an outward taxable supply of the same category or as part of a composite/mixed supply.",synthetic
TXN000456,2024-12-06,software subscription charges - Mangat-Bose,software subscription charges - Mangat-Bose,23104.43,18,0.0,0.0,4158.8,Mangat-Bose,23EYLVE0172N8ZG,invoice,Input Services (Professional/Consulting/IT),input_services,Eligible,,synthetic
TXN001995,2024-12-10,home travel concession booking - Warrior-Oak,home travel concession booking - Warrior-Oak,20611.73,5,515.29,515.29,0.0,Warrior-Oak,,bank_statement_line,Employee Travel Benefits,employee_travel,Blocked,"Sec 17(5)(b)(iii) blocks ITC on travel benefits extended to employees (e.g. leave/home travel concession), unless obligatory under law.",synthetic
TXN000024,2024-10-29,"NAIR, BHALLA AND KARNIK - RAW PLASTIC PELLETS SUPPLY","Nair, Bhalla and Karnik - raw plastic pellets supply",35612.86,18,3205.16,3205.16,0.0,"Nair, Bhalla and Karnik",33AGMWB4616P7ZP,invoice,Purchase of Goods (Raw Material/Trading Stock),purchase_goods,Eligible,,synthetic
TXN002721,2025-01-02,professional tax payment payment,professional tax payment payment,7602.21,exempt,0.0,0.0,0.0,Bera Ltd,23LNMBV1607Y7ZO,receipt,Exempt/Non-GST Expense,exempt_non_gst,Not Applicable,,synthetic
TXN000282,2024-05-15,"purch of packing machine - Sundaram, Dara and Balakrishnan","Purchase of packing machine - Sundaram, Dara and Balakrishnan",491675.17,18,0.0,0.0,88501.53,"Sundaram, Dara and Balakrishnan",33WMDFA7024X4ZN,receipt,Capital Goods,capital_goods,Eligible,,synthetic
TXN002385,2026-06-12,Construction payment - Datta Group for flooring and fixtures work,Construction payment - Datta Group for flooring and fixtures work,650223.81,18,0.0,0.0,117040.29,Datta Group,27VWPAJ4973W5ZB,receipt,Works Contract/Construction of Immovable Property,works_contract,Blocked,"Sec 17(5)(c)/(d) blocks ITC on works contract services and goods/services for construction of immovable property (other than plant & machinery), even when used for business.",synthetic
TXN002013,2025-02-25,employee medical reimbursement premium pmt - Sinha PLC,employee medical reimbursement premium payment - Sinha PLC,77837.24,18,0.0,0.0,14010.7,Sinha PLC,27DQOJG0671H4ZF,invoice,Employee Insurance/Reimbursements,employee_insurance,Blocked,Sec 17(5)(b) blocks ITC on health/life insurance for employees unless it is obligatory for the employer under any law for the time being in force.,synthetic
TXN000294,2025-09-11,"purch of CNC lathe - Misra, Suri and Dixit","Purchase of CNC lathe - Misra, Suri and Dixit",149456.2,18,13451.06,13451.06,0.0,"Misra, Suri and Dixit",32DUIWS2083J4Z7,invoice,Capital Goods,capital_goods,Eligible,,synthetic
TXN001095,2024-11-05,Chaudhuri LLC - account maintenance charge,Chaudhuri LLC - account maintenance charge,4208.93,18,378.81,378.81,0.0,Chaudhuri LLC,32MQCQD7545X9Z4,invoice,Bank Charges/Financial Services,bank_charges,Eligible,,synthetic
TXN000826,2024-02-13,"broadband internet charges - swaminathan, kibe and nanda","broadband internet charges - Swaminathan, Kibe and Nanda",12347.45,18,1111.27,1111.27,0.0,"Swaminathan, Kibe and Nanda",24CNFOA6975F1ZG,receipt,Utilities (Business Electricity/Internet),utilities,Eligible,,synthetic
TXN000364,2024-02-10,gupta-das - capital asset purch - packing machine,Gupta-Das - Capital Asset Purchase - packing machine,211557.56,18,0.0,0.0,38080.36,Gupta-Das,23OLQAE1286F1Z5,receipt,Capital Goods,capital_goods,Eligible,,synthetic
TXN000030,2024-04-16,"Purchase  of raw cotton from Yohannan, Lall and Sangha","Purchase of raw cotton from Yohannan, Lall and Sangha",64577.61,18,0.0,0.0,11623.97,"Yohannan, Lall and Sangha",27GILIW2948P1Z8,invoice,Purchase of Goods (Raw Material/Trading Stock),purchase_goods,Eligible,,synthetic
TXN001107,2024-12-06,Suresh-Lanka - account maintenance charge,Suresh-Lanka - account maintenance charge,1429.08,18,128.62,128.62,0.0,Suresh-Lanka,19LYNDO5341A3ZE,receipt,Bank Charges/Financial Services,bank_charges,Eligible,,synthetic
TXN002121,2025-05-20,EMPLOYEE GROUP HEALTH INSURANCE PREMIUM PAYMENT - GANESAN-DYAL,employee group health insurance premium payment - Ganesan-Dyal,67713.82,18,6094.24,6094.24,0.0,Ganesan-Dyal,,bank_statement_line,Employee Insurance/Reimbursements,employee_insurance,Blocked,Sec 17(5)(b) blocks ITC on health/life insurance for employees unless it is obligatory for the employer under any law for the time being in force.,synthetic
TXN001743,2024-03-04,WELLNESS CENTER PACKAGE - CHHABRA AND SONS,wellness center package - Chhabra and Sons,36828.87,18,0.0,0.0,6629.2,Chhabra and Sons,32CDWHG7772W2ZR,invoice,Club/Health/Fitness Memberships,club_membership,Blocked,"Sec 17(5)(b)(ii) blocks ITC on membership of a club, health, or fitness centre.",synthetic
TXN001947,2026-08-16,EMPLOYEE EMPLOYEE LEAVE TRAVEL AIRFARE BOOKING - BEN AND SONS,Employee employee leave travel airfare booking - Ben and Sons,17772.51,5,444.31,444.31,0.0,Ben and Sons,,bank_statement_line,Employee Travel Benefits,employee_travel,Blocked,"Sec 17(5)(b)(iii) blocks ITC on travel benefits extended to employees (e.g. leave/home travel concession), unless obligatory under law.",synthetic
TXN000770,2025-11-30,"Lease rental to Sani, Gola and Chhabra for office unit","Lease rental to Sani, Gola and Chhabra for office unit",50567.52,18,4551.07,4551.07,0.0,"Sani, Gola and Chhabra",19QFUVE6424I8Z8,invoice,Rent/Lease of Business Premises,rent,Eligible,,synthetic
TXN002618,2024-01-20,"Lal, Sethi and Mahajan - employee PF contribution","Lal, Sethi and Mahajan - employee PF contribution",28045.72,exempt,0.0,0.0,0.0,"Lal, Sethi and Mahajan",24AIUVG4173I6ZZ,invoice,Exempt/Non-GST Expense,exempt_non_gst,Not Applicable,,synthetic
TXN001942,2024-07-25,"home travel concession booking - bali, oza and chad","home travel concession booking - Bali, Oza and Chad",74582.74,5,0.0,0.0,3729.14,"Bali, Oza and Chad",32TRZIS6105V8ZK,invoice,Employee Travel Benefits,employee_travel,Blocked,"Sec 17(5)(b)(iii) blocks ITC on travel benefits extended to employees (e.g. leave/home travel concession), unless obligatory under law.",synthetic
TXN001437,2025-12-01,"catering payment - oommen, setty and biswas","Catering payment - Oommen, Setty and Biswas",14821.8,5,0.0,0.0,741.09,"Oommen, Setty and Biswas",09JNGHG2986N6ZP,receipt,Food & Beverages/Outdoor Catering,food_catering,Blocked,"Sec 17(5)(b)(i) explicitly blocks ITC on food and beverages and outdoor catering, unless used to make an outward taxable supply of the same category or as part of a composite/mixed supply.",synthetic
TXN000314,2026-02-08,INDUSTRIAL  SEWING MACHINE INSTALLATION INVOICE FROM BATRA LLC,industrial sewing machine installation invoice from Batra LLC,101047.68,18,9094.29,9094.29,0.0,Batra LLC,19GAQBP8251D2ZI,invoice,Capital Goods,capital_goods,Eligible,,synthetic
TXN001224,2024-09-29,"Bahri, Bava and D’Alia - vehicle insurance premium","Bahri, Bava and D’Alia - vehicle insurance premium",40163.8,28,5622.93,5622.93,0.0,"Bahri, Bava and D’Alia",07WUCEA3428E8ZN,receipt,Motor Vehicle Expenses,motor_vehicle,Blocked,"Sec 17(5)(a) blocks ITC on motor vehicles for transport of persons (seating <=13) and related services, unless used for further supply, passenger transport, or driving training.",synthetic
TXN001555,2024-11-01,Catering payment - Chandran Inc,Catering payment - Chandran Inc,7756.02,5,193.9,193.9,0.0,Chandran Inc,24DKIOV8311Z5Z9,invoice,Food & Beverages/Outdoor Catering,food_catering,Blocked,"Sec 17(5)(b)(i) explicitly blocks ITC on food and beverages and outdoor catering, unless used to make an outward taxable supply of the same category or as part of a composite/mixed supply.",synthetic
TXN002447,2026-07-23,Sale invc to Ahluwalia Group,Sale invoice to Ahluwalia Group,360277.05,18,0.0,0.0,64849.87,Ahluwalia Group,,bank_statement_line,Sales/Outward Supply,sales_revenue,Not Applicable,,synthetic
TXN001784,2026-03-09,JAIN INC - MEMBERSHIP FEE,Jain Inc - Membership Fee,23680.94,18,0.0,0.0,4262.57,Jain Inc,,bank_statement_line,Club/Health/Fitness Memberships,club_membership,Blocked,"Sec 17(5)(b)(ii) blocks ITC on membership of a club, health, or fitness centre.",synthetic
TXN001131,2025-12-31,"Chaudhry, Cherian and Chaudhuri - Bank Charges","Chaudhry, Cherian and Chaudhuri - Bank Charges",4387.88,18,0.0,0.0,789.82,"Chaudhry, Cherian and Chaudhuri",29KAZPT5826A7Z2,invoice,Bank Charges/Financial Services,bank_charges,Eligible,,synthetic
TXN000392,2024-08-04,RASTOGI-SAGAR - CAPITAL ASSET PURCH - COMMERCIAL PRINTER,Rastogi-Sagar - Capital Asset Purchase - commercial printer,221101.27,18,19899.12,19899.12,0.0,Rastogi-Sagar,27UOXWW6109Z8ZH,receipt,Capital Goods,capital_goods,Eligible,,synthetic
TXN002479,2025-03-11,Sale inv to Edwin-Johal,Sale invoice to Edwin-Johal,154824.35,18,13934.19,13934.19,0.0,Edwin-Johal,27QJZRX8544H1Z8,receipt,Sales/Outward Supply,sales_revenue,Not Applicable,,synthetic
TXN001473,2025-09-04,Bhandari-Gill - office tea/coffee supplies,Bhandari-Gill - office tea/coffee supplies,7032.0,5,175.8,175.8,0.0,Bhandari-Gill,27PLWYV4740K4ZZ,receipt,Food & Beverages/Outdoor Catering,food_catering,Blocked,"Sec 17(5)(b)(i) explicitly blocks ITC on food and beverages and outdoor catering, unless used to make an outward taxable supply of the same category or as part of a composite/mixed supply.",synthetic
TXN002648,2025-06-23,"Vasa, Shukla and Tandon - municipal tax payment","Vasa, Shukla and Tandon - municipal tax payment",30650.61,exempt,0.0,0.0,0.0,"Vasa, Shukla and Tandon",,bank_statement_line,Exempt/Non-GST Expense,exempt_non_gst,Not Applicable,,synthetic
TXN000083,2026-04-11,paymnt to Sood PLC for yarn,Payment to Sood PLC for yarn,15838.39,18,1425.45,1425.45,0.0,Sood PLC,19LSELL7964U1ZE,receipt,Purchase of Goods (Raw Material/Trading Stock),purchase_goods,Eligible,,synthetic
TXN000735,2026-10-02,Lease rental to Jani-Narayanan for office unit,Lease rental to Jani-Narayanan for office unit,79906.75,18,7191.61,7191.61,0.0,Jani-Narayanan,32PVGOX3831K2Z7,invoice,Rent/Lease of Business Premises,rent,Eligible,,synthetic
TXN001432,2025-03-08,Kalita Group - office tea/coffee supplies,Kalita Group - office tea/coffee supplies,18149.71,5,0.0,0.0,907.49,Kalita Group,23JJMXK4014I5ZS,receipt,Food & Beverages/Outdoor Catering,food_catering,Blocked,"Sec 17(5)(b)(i) explicitly blocks ITC on food and beverages and outdoor catering, unless used to make an outward taxable supply of the same category or as part of a composite/mixed supply.",synthetic
TXN002017,2025-07-19,EMPLOYEE MEDICAL REIMBURSEMENT PREMIUM PAYMENT - GARDE-BHATT,employee medical reimbursement premium payment - Garde-Bhatt,35379.91,18,3184.19,3184.19,0.0,Garde-Bhatt,,bank_statement_line,Employee Insurance/Reimbursements,employee_insurance,Blocked,Sec 17(5)(b) blocks ITC on health/life insurance for employees unless it is obligatory for the employer under any law for the time being in force.,synthetic
TXN001006,2025-03-08,Manne LLC - account maintenance charge,Manne LLC - account maintenance charge,1916.28,18,0.0,0.0,344.93,Manne LLC,,bank_statement_line,Bank Charges/Financial Services,bank_charges,Eligible,,synthetic
TXN000870,2024-02-23,Khare LLC - water supply bill payment,Khare LLC - water supply bill payment,7425.22,18,668.27,668.27,0.0,Khare LLC,,bank_statement_line,Utilities (Business Electricity/Internet),utilities,Eligible,,synthetic
TXN001333,2024-10-10,pymt to Tiwari and Sons for car repair,Payment to Tiwari and Sons for car repair,29423.19,28,4119.24,4119.24,0.0,Tiwari and Sons,,bank_statement_line,Motor Vehicle Expenses,motor_vehicle,Blocked,"Sec 17(5)(a) blocks ITC on motor vehicles for transport of persons (seating <=13) and related services, unless used for further supply, passenger transport, or driving training.",synthetic
TXN002703,2024-04-17,mannan group - professional tax pmt,Mannan Group - professional tax payment,11268.14,exempt,0.0,0.0,0.0,Mannan Group,36EKZMD8055B4ZF,invoice,Exempt/Non-GST Expense,exempt_non_gst,Not Applicable,,synthetic
TXN002410,2024-04-14,"Sethi, Nair and Dayal - Sales Invoice","Sethi, Nair and Dayal - Sales Invoice",75082.25,18,6757.4,6757.4,0.0,"Sethi, Nair and Dayal",23RTUKW3327Y5ZH,invoice,Sales/Outward Supply,sales_revenue,Not Applicable,,synthetic
TXN000481,2025-08-08,"software subscription chgs - Vyas, Barad and Nayar","software subscription charges - Vyas, Barad and Nayar",26238.14,18,0.0,0.0,4722.87,"Vyas, Barad and Nayar",19QCHUV6020S1ZF,invoice,Input Services (Professional/Consulting/IT),input_services,Eligible,,synthetic
TXN001032,2026-05-01,"Sant, Rana and Taneja - cheque bounce fee","Sant, Rana and Taneja - cheque bounce fee",779.79,18,70.18,70.18,0.0,"Sant, Rana and Taneja",07LUBED0059B4ZW,invoice,Bank Charges/Financial Services,bank_charges,Eligible,,synthetic
TXN001560,2026-08-28,CATERING PMT - MORE-KARNIK,Catering payment - More-Karnik,227.0,5,0.0,0.0,11.35,More-Karnik,09LHVLF0183M5ZU,invoice,Food & Beverages/Outdoor Catering,food_catering,Blocked,"Sec 17(5)(b)(i) explicitly blocks ITC on food and beverages and outdoor catering, unless used to make an outward taxable supply of the same category or as part of a composite/mixed supply.",synthetic
TXN000197,2024-11-24,Prashad-Ranganathan - packaging material supply,Prashad-Ranganathan - packaging material supply,21005.95,18,0.0,0.0,3781.07,Prashad-Ranganathan,36SDCCF1252W7ZS,invoice,Purchase of Goods (Raw Material/Trading Stock),purchase_goods,Eligible,,synthetic
TXN002402,2024-01-02,Sale invoice to Bose-Koshy,Sale invoice to Bose-Koshy,430046.59,18,38704.19,38704.19,0.0,Bose-Koshy,33GBSMA6249I2ZJ,receipt,Sales/Outward Supply,sales_revenue,Not Applicable,,synthetic
TXN000357,2026-04-23,3-phase motor installation inv from Zachariah-Saini,3-phase motor installation invoice from Zachariah-Saini,501212.95,18,45109.17,45109.17,0.0,Zachariah-Saini,24BPDJV5763N6ZW,receipt,Capital Goods,capital_goods,Eligible,,synthetic
TXN001745,2026-07-13,"LOKE,  KASHYAP AND KATA - MEMBERSHIP FEE","Loke, Kashyap and Kata - Membership Fee",4046.46,18,364.18,364.18,0.0,"Loke, Kashyap and Kata",33WEKZN6886L9Z4,receipt,Club/Health/Fitness Memberships,club_membership,Blocked,"Sec 17(5)(b)(ii) blocks ITC on membership of a club, health, or fitness centre.",synthetic
TXN000274,2025-02-21,PURCHASE OF OFFICE DESKTOP COMPUTERS - CHAKRABARTI-MURTY,Purchase of office desktop computers - Chakrabarti-Murty,37743.53,18,3396.92,3396.92,0.0,Chakrabarti-Murty,,bank_statement_line,Capital Goods,capital_goods,Eligible,,synthetic
TXN000025,2026-08-09,Payment to Mutti Group for raw cotton,Payment to Mutti Group for raw cotton,33216.75,18,0.0,0.0,5979.01,Mutti Group,,bank_statement_line,Purchase of Goods (Raw Material/Trading Stock),purchase_goods,Eligible,,synthetic
TXN002619,2025-12-12,Nagy  LLC - professional tax payment,Nagy LLC - professional tax payment,35996.62,exempt,0.0,0.0,0.0,Nagy LLC,24TTEEK6704K2ZL,receipt,Exempt/Non-GST Expense,exempt_non_gst,Not Applicable,,synthetic
TXN002242,2025-09-23,TANK-KASHYAP - WAREHOUSE CONSTRUCTION CONTRACT,Tank-Kashyap - warehouse construction contract,477091.82,18,42938.26,42938.26,0.0,Tank-Kashyap,09CNXHP2766Y3ZQ,receipt,Works Contract/Construction of Immovable Property,works_contract,Blocked,"Sec 17(5)(c)/(d) blocks ITC on works contract services and goods/services for construction of immovable property (other than plant & machinery), even when used for business.",synthetic
TXN001275,2026-07-26,Badami-Chauhan - vehicle insurance premium,Badami-Chauhan - vehicle insurance premium,15384.16,28,0.0,0.0,4307.56,Badami-Chauhan,29GJJTC6281C2ZQ,invoice,Motor Vehicle Expenses,motor_vehicle,Blocked,"Sec 17(5)(a) blocks ITC on motor vehicles for transport of persons (seating <=13) and related services, unless used for further supply, passenger transport, or driving training.",synthetic
TXN000971,2026-11-03,water supply charges - Balan LLC,water supply charges - Balan LLC,1198.1,18,0.0,0.0,215.66,Balan LLC,32FHSFX1210G7ZC,receipt,Utilities (Business Electricity/Internet),utilities,Eligible,,synthetic
TXN001770,2026-09-07,"Deshmukh, Ramaswamy and Sachdev - Membership Fee","Deshmukh, Ramaswamy and Sachdev - Membership Fee",24765.57,18,0.0,0.0,4457.8,"Deshmukh, Ramaswamy and Sachdev",,bank_statement_line,Club/Health/Fitness Memberships,club_membership,Blocked,"Sec 17(5)(b)(ii) blocks ITC on membership of a club, health, or fitness centre.",synthetic
TXN002105,2025-10-24,Gola-Mani - staff life insurance premium,Gola-Mani - staff life insurance premium,27224.69,18,0.0,0.0,4900.44,Gola-Mani,,bank_statement_line,Employee Insurance/Reimbursements,employee_insurance,Blocked,Sec 17(5)(b) blocks ITC on health/life insurance for employees unless it is obligatory for the employer under any law for the time being in force.,synthetic
TXN000530,2024-01-24,"software subscription chgs - Rao, Solanki and Kulkarni","software subscription charges - Rao, Solanki and Kulkarni",31519.35,18,2836.74,2836.74,0.0,"Rao, Solanki and Kulkarni",33NQUVQ2592C1Z1,invoice,Input Services (Professional/Consulting/IT),input_services,Eligible,,synthetic
TXN001512,2024-05-22,Vora Group - client meeting refreshments,Vora Group - client meeting refreshments,12570.96,5,0.0,0.0,628.55,Vora Group,23LJBRO8434S3Z2,receipt,Food & Beverages/Outdoor Catering,food_catering,Blocked,"Sec 17(5)(b)(i) explicitly blocks ITC on food and beverages and outdoor catering, unless used to make an outward taxable supply of the same category or as part of a composite/mixed supply.",synthetic
TXN002396,2024-06-02,"Sundaram, Shankar and Tailor - flooring and fixtures work","Sundaram, Shankar and Tailor - flooring and fixtures work",492508.42,18,44325.76,44325.76,0.0,"Sundaram, Shankar and Tailor",,bank_statement_line,Works Contract/Construction of Immovable Property,works_contract,Blocked,"Sec 17(5)(c)/(d) blocks ITC on works contract services and goods/services for construction of immovable property (other than plant & machinery), even when used for business.",synthetic
TXN002441,2024-09-27,Payment received from Saha Ltd for finished goods,Payment received from Saha Ltd for finished goods,334987.85,18,30148.9,30148.9,0.0,Saha Ltd,23AFECN6458B9ZC,receipt,Sales/Outward Supply,sales_revenue,Not Applicable,,synthetic
TXN000517,2024-11-12,"Patel, Bir and Vora - IT support services invoice","Patel, Bir and Vora - IT support services invoice",22637.2,18,0.0,0.0,4074.7,"Patel, Bir and Vora",24CKLWZ0907W9ZA,receipt,Input Services (Professional/Consulting/IT),input_services,Eligible,,synthetic
TXN000320,2024-10-13,"CNC lathe installation invc from Khosla, Tank and Dhar","CNC lathe installation invoice from Khosla, Tank and Dhar",86192.74,18,7757.35,7757.35,0.0,"Khosla, Tank and Dhar",,bank_statement_line,Capital Goods,capital_goods,Eligible,,synthetic
TXN001283,2025-07-20,Pant-Manne - fuel purchse,Pant-Manne - fuel purchase,21695.74,28,3037.41,3037.41,0.0,Pant-Manne,32NLGTS5344V8ZP,receipt,Motor Vehicle Expenses,motor_vehicle,Blocked,"Sec 17(5)(a) blocks ITC on motor vehicles for transport of persons (seating <=13) and related services, unless used for further supply, passenger transport, or driving training.",synthetic
TXN001368,2024-01-23,"Vehicle car repair - Prakash, Apte and Dhaliwal","Vehicle car repair - Prakash, Apte and Dhaliwal",22031.58,28,3084.42,3084.42,0.0,"Prakash, Apte and Dhaliwal",,bank_statement_line,Motor Vehicle Expenses,motor_vehicle,Blocked,"Sec 17(5)(a) blocks ITC on motor vehicles for transport of persons (seating <=13) and related services, unless used for further supply, passenger transport, or driving training.",synthetic
TXN001068,2025-12-10,Sarkar Ltd - account maintenance charge,Sarkar Ltd - account maintenance charge,3873.38,18,348.61,348.61,0.0,Sarkar Ltd,,bank_statement_line,Bank Charges/Financial Services,bank_charges,Eligible,,synthetic
TXN001296,2024-03-08,"Vehicle car servicing - Ghose, Dave and Chawla","Vehicle car servicing - Ghose, Dave and Chawla",33314.38,28,4664.02,4664.02,0.0,"Ghose, Dave and Chawla",27WRXXB5844D7Z8,invoice,Motor Vehicle Expenses,motor_vehicle,Blocked,"Sec 17(5)(a) blocks ITC on motor vehicles for transport of persons (seating <=13) and related services, unless used for further supply, passenger transport, or driving training.",synthetic
TXN000154,2024-04-28,Payment to Kohli-Divan for raw plastic pellets,Payment to Kohli-Divan for raw plastic pellets,10384.21,18,934.58,934.58,0.0,Kohli-Divan,,bank_statement_line,Purchase of Goods (Raw Material/Trading Stock),purchase_goods,Eligible,,synthetic
TXN002073,2025-06-05,"employee group health insurance premium payment - Dixit, Ahluwalia and Sahni","employee group health insurance premium payment - Dixit, Ahluwalia and Sahni",21534.5,18,0.0,0.0,3876.21,"Dixit, Ahluwalia and Sahni",,bank_statement_line,Employee Insurance/Reimbursements,employee_insurance,Blocked,Sec 17(5)(b) blocks ITC on health/life insurance for employees unless it is obligatory for the employer under any law for the time being in force.,synthetic
TXN000354,2026-07-10,Modi  Group - Capital Asset Purchase - generator set,Modi Group - Capital Asset Purchase - generator set,79683.46,18,0.0,0.0,14343.02,Modi Group,23FRMGI8590N2ZY,receipt,Capital Goods,capital_goods,Eligible,,synthetic
TXN000510,2026-10-27,it support charges - batta and sons,IT support charges - Batta and Sons,4540.05,18,408.61,408.61,0.0,Batta and Sons,,bank_statement_line,Input Services (Professional/Consulting/IT),input_services,Eligible,,synthetic
TXN001347,2025-11-29,"butala, char and ganesh - fuel purchse","Butala, Char and Ganesh - fuel purchase",35169.75,28,4923.77,4923.77,0.0,"Butala, Char and Ganesh",29ROGLO6287A3Z6,invoice,Motor Vehicle Expenses,motor_vehicle,Blocked,"Sec 17(5)(a) blocks ITC on motor vehicles for transport of persons (seating <=13) and related services, unless used for further supply, passenger transport, or driving training.",synthetic
TXN000612,2026-01-20,Monthly rent - Bath-Rattan,Monthly rent - Bath-Rattan,15619.87,18,0.0,0.0,2811.58,Bath-Rattan,27LSIWH8673V6ZK,invoice,Rent/Lease of Business Premises,rent,Eligible,,synthetic
TXN002735,2024-01-18,"chad,  desai and chad - staff salary paymnt","Chad, Desai and Chad - staff salary payment",35116.63,exempt,0.0,0.0,0.0,"Chad, Desai and Chad",19FALFT6351U7ZM,receipt,Exempt/Non-GST Expense,exempt_non_gst,Not Applicable,,synthetic
TXN001185,2024-08-18,Kuruvilla Ltd - cheque bounce fee,Kuruvilla Ltd - cheque bounce fee,4735.31,18,426.18,426.18,0.0,Kuruvilla Ltd,23DNPIO6420R1Z1,invoice,Bank Charges/Financial Services,bank_charges,Eligible,,synthetic
TXN000995,2024-08-01,electricity charges - Pal Ltd,electricity charges - Pal Ltd,9934.64,18,894.12,894.12,0.0,Pal Ltd,33YVHII7052Y8ZO,invoice,Utilities (Business Electricity/Internet),utilities,Eligible,,synthetic
TXN002442,2024-01-27,SALE INV TO MURTHY-SHA,Sale invoice to Murthy-Sha,447213.8,18,0.0,0.0,80498.48,Murthy-Sha,19FAKGN4460J5ZR,receipt,Sales/Outward Supply,sales_revenue,Not Applicable,,synthetic
TXN002758,2024-09-05,"Sidhu, Shenoy and Oak - municipal tax paymnt","Sidhu, Shenoy and Oak - municipal tax payment",26007.66,exempt,0.0,0.0,0.0,"Sidhu, Shenoy and Oak",29JPLMT2645X4ZS,receipt,Exempt/Non-GST Expense,exempt_non_gst,Not Applicable,,synthetic
TXN002469,2024-09-03,"sale invc to bahl, sami and mutti","Sale invoice to Bahl, Sami and Mutti",160173.91,18,14415.65,14415.65,0.0,"Bahl, Sami and Mutti",36AEOKK9000S9ZB,invoice,Sales/Outward Supply,sales_revenue,Not Applicable,,synthetic
TXN000228,2025-06-25,"purch of generator set - Sule, Malhotra and Vohra","Purchase of generator set - Sule, Malhotra and Vohra",487498.87,18,43874.9,43874.9,0.0,"Sule, Malhotra and Vohra",19YFPMM2415Y3Z6,invoice,Capital Goods,capital_goods,Eligible,,synthetic
TXN002342,2026-06-07,Construction pmt - Bala-Ben for shop renovation works,Construction payment - Bala-Ben for shop renovation works,288607.92,18,25974.72,25974.72,0.0,Bala-Ben,36BCTQX4508U2ZK,receipt,Works Contract/Construction of Immovable Property,works_contract,Blocked,"Sec 17(5)(c)/(d) blocks ITC on works contract services and goods/services for construction of immovable property (other than plant & machinery), even when used for business.",synthetic
TXN002605,2025-12-04,MUNICIPAL TAX PAYMENT PMT,municipal tax payment payment,20772.23,exempt,0.0,0.0,0.0,Prakash PLC,,bank_statement_line,Exempt/Non-GST Expense,exempt_non_gst,Not Applicable,,synthetic
TXN001800,2026-10-26,gym membership - Bir-Sane,gym membership - Bir-Sane,48553.32,18,4369.8,4369.8,0.0,Bir-Sane,23SWKNO7309X2ZB,receipt,Club/Health/Fitness Memberships,club_membership,Blocked,"Sec 17(5)(b)(ii) blocks ITC on membership of a club, health, or fitness centre.",synthetic
TXN001399,2025-03-21,Vehicle vehicle insurance premium - Mannan and Sons,Vehicle vehicle insurance premium - Mannan and Sons,5774.31,28,0.0,0.0,1616.81,Mannan and Sons,23OYJML1857B3ZI,receipt,Motor Vehicle Expenses,motor_vehicle,Blocked,"Sec 17(5)(a) blocks ITC on motor vehicles for transport of persons (seating <=13) and related services, unless used for further supply, passenger transport, or driving training.",synthetic
TXN002425,2025-09-12,"Sale invoice to Grewal, Saraf and Sandhu","Sale invoice to Grewal, Saraf and Sandhu",91466.76,18,8232.01,8232.01,0.0,"Grewal, Saraf and Sandhu",36KKGFO2529E7ZI,receipt,Sales/Outward Supply,sales_revenue,Not Applicable,,synthetic
TXN001423,2025-07-11,"Office office tea/coffee supplies order - Dani, Karpe and Sachdeva","Office office tea/coffee supplies order - Dani, Karpe and Sachdeva",7797.64,5,194.94,194.94,0.0,"Dani, Karpe and Sachdeva",36IAGIV5398U9ZX,invoice,Food & Beverages/Outdoor Catering,food_catering,Blocked,"Sec 17(5)(b)(i) explicitly blocks ITC on food and beverages and outdoor catering, unless used to make an outward taxable supply of the same category or as part of a composite/mixed supply.",synthetic
TXN001996,2024-05-10,Employee home travel concession booking booking - Sharaf LLC,Employee home travel concession booking booking - Sharaf LLC,73831.46,5,1845.79,1845.79,0.0,Sharaf LLC,09KTKSJ8624J2ZJ,invoice,Employee Travel Benefits,employee_travel,Blocked,"Sec 17(5)(b)(iii) blocks ITC on travel benefits extended to employees (e.g. leave/home travel concession), unless obligatory under law.",synthetic
TXN000428,2025-08-25,Sani-Gill - payroll processing srvcs invoice,Sani-Gill - payroll processing services invoice,55339.8,18,0.0,0.0,9961.16,Sani-Gill,,bank_statement_line,Input Services (Professional/Consulting/IT),input_services,Eligible,,synthetic
TXN001720,2025-03-10,"Wali, Chakrabarti and Grewal - Membership Fee","Wali, Chakrabarti and Grewal - Membership Fee",22504.0,18,0.0,0.0,4050.72,"Wali, Chakrabarti and Grewal",,bank_statement_line,Club/Health/Fitness Memberships,club_membership,Blocked,"Sec 17(5)(b)(ii) blocks ITC on membership of a club, health, or fitness centre.",synthetic
TXN002654,2025-09-21,"Bakshi,  Kara and Sampath - municipal tax pmt","Bakshi, Kara and Sampath - municipal tax payment",37178.63,exempt,0.0,0.0,0.0,"Bakshi, Kara and Sampath",24MUIYH1318H9Z8,receipt,Exempt/Non-GST Expense,exempt_non_gst,Not Applicable,,synthetic
TXN000621,2025-02-20,"Lease rental to Nath, Som and Venkataraman for warehouse space","Lease rental to Nath, Som and Venkataraman for warehouse space",69033.39,18,0.0,0.0,12426.01,"Nath, Som and Venkataraman",29ITULE0183C3ZP,invoice,Rent/Lease of Business Premises,rent,Eligible,,synthetic
TXN001953,2024-11-16,Employee  staff outing travel booking booking - Mani Group,Employee staff outing travel booking booking - Mani Group,2300.71,5,57.52,57.52,0.0,Mani Group,07KWKHF1784C5ZJ,receipt,Employee Travel Benefits,employee_travel,Blocked,"Sec 17(5)(b)(iii) blocks ITC on travel benefits extended to employees (e.g. leave/home travel concession), unless obligatory under law.",synthetic
TXN000800,2025-03-08,"Monthly  rent - Dube, Ramachandran and Nadig","Monthly rent - Dube, Ramachandran and Nadig",20911.37,18,1882.03,1882.03,0.0,"Dube, Ramachandran and Nadig",19XSKUQ7830P9ZM,receipt,Rent/Lease of Business Premises,rent,Eligible,,synthetic
TXN001850,2026-09-30,"Employee staff outing travel booking booking - Kadakia, Nagi and Iyer","Employee staff outing travel booking booking - Kadakia, Nagi and Iyer",28077.2,5,701.93,701.93,0.0,"Kadakia, Nagi and Iyer",33AEDFS7661H5ZA,receipt,Employee Travel Benefits,employee_travel,Blocked,"Sec 17(5)(b)(iii) blocks ITC on travel benefits extended to employees (e.g. leave/home travel concession), unless obligatory under law.",synthetic
TXN000114,2026-03-06,Purchase of raw plastic pellets from Parmar and Sons,Purchase of raw plastic pellets from Parmar and Sons,62740.53,18,5646.65,5646.65,0.0,Parmar and Sons,33TMWHS8959R9ZI,receipt,Purchase of Goods (Raw Material/Trading Stock),purchase_goods,Eligible,,synthetic
TXN002537,2026-02-20,Dey-Purohit - Sales inv,Dey-Purohit - Sales Invoice,336025.44,18,0.0,0.0,60484.58,Dey-Purohit,29LQDEM8440I1ZK,receipt,Sales/Outward Supply,sales_revenue,Not Applicable,,synthetic
TXN001831,2026-05-21,"EMPLOYEE EMPLOYEE LEAVE TRAVEL AIRFARE BOOKING - WARRIOR, GANDHI AND RAMACHANDRAN","Employee employee leave travel airfare booking - Warrior, Gandhi and Ramachandran",16034.28,5,400.86,400.86,0.0,"Warrior, Gandhi and Ramachandran",,bank_statement_line,Employee Travel Benefits,employee_travel,Blocked,"Sec 17(5)(b)(iii) blocks ITC on travel benefits extended to employees (e.g. leave/home travel concession), unless obligatory under law.",synthetic
TXN001260,2026-11-23,VEHICLE CAR REPAIR - BATRA-BHATNAGAR,Vehicle car repair - Batra-Bhatnagar,12188.22,28,1706.35,1706.35,0.0,Batra-Bhatnagar,07CIQRT4936Q8ZO,invoice,Motor Vehicle Expenses,motor_vehicle,Blocked,"Sec 17(5)(a) blocks ITC on motor vehicles for transport of persons (seating <=13) and related services, unless used for further supply, passenger transport, or driving training.",synthetic
TXN001833,2026-08-10,"employee home travel concession booking booking - murty, balay and magar","Employee home travel concession booking booking - Murty, Balay and Magar",46598.16,5,0.0,0.0,2329.91,"Murty, Balay and Magar",23BWZMK1098V9Z3,invoice,Employee Travel Benefits,employee_travel,Blocked,"Sec 17(5)(b)(iii) blocks ITC on travel benefits extended to employees (e.g. leave/home travel concession), unless obligatory under law.",synthetic
TXN002162,2024-02-27,"employee group health insurance premium payment - Swaminathan, Basak and Mittal","employee group health insurance premium payment - Swaminathan, Basak and Mittal",77634.08,18,0.0,0.0,13974.13,"Swaminathan, Basak and Mittal",24CEBPL0113H9Z2,invoice,Employee Insurance/Reimbursements,employee_insurance,Blocked,Sec 17(5)(b) blocks ITC on health/life insurance for employees unless it is obligatory for the employer under any law for the time being in force.,synthetic
TXN000062,2024-05-02,Payment to Zacharia and Sons for plastic granules,Payment to Zacharia and Sons for plastic granules,60110.16,18,0.0,0.0,10819.83,Zacharia and Sons,09IGYRM0047L3Z9,receipt,Purchase of Goods (Raw Material/Trading Stock),purchase_goods,Eligible,,synthetic
TXN001247,2026-12-02,Payment to Andra and Sons for car servicing,Payment to Andra and Sons for car servicing,7447.61,28,0.0,0.0,2085.33,Andra and Sons,33SGDWW8935Y3ZV,invoice,Motor Vehicle Expenses,motor_vehicle,Blocked,"Sec 17(5)(a) blocks ITC on motor vehicles for transport of persons (seating <=13) and related services, unless used for further supply, passenger transport, or driving training.",synthetic
TXN002030,2025-09-14,employee group health insurance premium payment - Gola Inc,employee group health insurance premium payment - Gola Inc,67468.71,18,6072.19,6072.19,0.0,Gola Inc,29RETMU0964M4ZZ,invoice,Employee Insurance/Reimbursements,employee_insurance,Blocked,Sec 17(5)(b) blocks ITC on health/life insurance for employees unless it is obligatory for the employer under any law for the time being in force.,synthetic
TXN002712,2025-06-19,STAFF SALARY PAYMENT PAYMNT,staff salary payment payment,57841.5,exempt,0.0,0.0,0.0,Nigam and Sons,,bank_statement_line,Exempt/Non-GST Expense,exempt_non_gst,Not Applicable,,synthetic
TXN000883,2026-03-01,Balasubramanian and Sons - broadband internet bill payment,Balasubramanian and Sons - broadband internet bill payment,5226.69,18,470.4,470.4,0.0,Balasubramanian and Sons,27IMNQL7622Q9ZY,invoice,Utilities (Business Electricity/Internet),utilities,Eligible,,synthetic
TXN000493,2026-12-28,"IT support chgs - Srivastava, Prabhu and Chauhan","IT support charges - Srivastava, Prabhu and Chauhan",8698.64,18,0.0,0.0,1565.76,"Srivastava, Prabhu and Chauhan",27PXRES9053X8ZM,invoice,Input Services (Professional/Consulting/IT),input_services,Eligible,,synthetic
TXN000808,2026-11-15,Nair  Group - telephone/mobile plan bill payment,Nair Group - telephone/mobile plan bill payment,13751.26,18,0.0,0.0,2475.23,Nair Group,29EINRF9733M7ZG,invoice,Utilities (Business Electricity/Internet),utilities,Eligible,,synthetic
TXN001120,2026-11-11,"Din, Dara and Sen - Bank chrgs","Din, Dara and Sen - Bank Charges",4989.06,18,0.0,0.0,898.03,"Din, Dara and Sen",36WHQMV6563B7ZG,receipt,Bank Charges/Financial Services,bank_charges,Eligible,,synthetic
TXN002141,2026-12-13,Hayer PLC - employee group health insurance,Hayer PLC - employee group health insurance,15483.0,18,1393.47,1393.47,0.0,Hayer PLC,23VKEGT8234W3ZE,invoice,Employee Insurance/Reimbursements,employee_insurance,Blocked,Sec 17(5)(b) blocks ITC on health/life insurance for employees unless it is obligatory for the employer under any law for the time being in force.,synthetic
TXN002522,2024-02-22,"sale invoice to ravel, hora and mitra","Sale invoice to Ravel, Hora and Mitra",337452.4,18,30370.72,30370.72,0.0,"Ravel, Hora and Mitra",07KCAYT6208D5ZD,invoice,Sales/Outward Supply,sales_revenue,Not Applicable,,synthetic
TXN002734,2024-09-04,PROFESSIONAL TAX PAYMENT PAYMENT,professional tax payment payment,49396.09,exempt,0.0,0.0,0.0,"Dugar, Prasad and Kumar",,bank_statement_line,Exempt/Non-GST Expense,exempt_non_gst,Not Applicable,,synthetic
TXN002140,2024-09-17,STAFF LIFE INSURANCE PREMIUM PREMIUM PAYMENT - CHANDA-NARAIN,staff life insurance premium premium payment - Chanda-Narain,53132.41,18,4781.91,4781.91,0.0,Chanda-Narain,23CEPPP6025P1ZD,invoice,Employee Insurance/Reimbursements,employee_insurance,Blocked,Sec 17(5)(b) blocks ITC on health/life insurance for employees unless it is obligatory for the employer under any law for the time being in force.,synthetic
TXN001419,2025-10-16,"DEWAN, SARRAF AND GANDHI - FESTIVAL SWEETS ORDER","Dewan, Sarraf and Gandhi - festival sweets order",12798.49,5,319.96,319.96,0.0,"Dewan, Sarraf and Gandhi",29RQNVK0970G6ZY,receipt,Food & Beverages/Outdoor Catering,food_catering,Blocked,"Sec 17(5)(b)(i) explicitly blocks ITC on food and beverages and outdoor catering, unless used to make an outward taxable supply of the same category or as part of a composite/mixed supply.",synthetic
TXN000697,2025-01-07,MONTHLY RENT - BHARDWAJ-SHERE,Monthly rent - Bhardwaj-Shere,98344.93,18,8851.05,8851.05,0.0,Bhardwaj-Shere,29EZNAK0958F4Z5,receipt,Rent/Lease of Business Premises,rent,Eligible,,synthetic
TXN000658,2024-11-04,"Monthly rent - Dugar, Ray and Soni","Monthly rent - Dugar, Ray and Soni",33773.12,18,3039.58,3039.58,0.0,"Dugar, Ray and Soni",27CQHJY1173Y7ZJ,receipt,Rent/Lease of Business Premises,rent,Eligible,,synthetic
TXN002284,2025-09-21,construction payment - mishra plc for building repair works contract,Construction payment - Mishra PLC for building repair works contract,57287.43,18,0.0,0.0,10311.74,Mishra PLC,29XOYXI4950J3Z5,invoice,Works Contract/Construction of Immovable Property,works_contract,Blocked,"Sec 17(5)(c)/(d) blocks ITC on works contract services and goods/services for construction of immovable property (other than plant & machinery), even when used for business.",synthetic
TXN001669,2025-05-13,"club membership renewal - Vaidya, Dubey and Chandra","club membership renewal - Vaidya, Dubey and Chandra",28498.85,18,2564.89,2564.89,0.0,"Vaidya, Dubey and Chandra",,bank_statement_line,Club/Health/Fitness Memberships,club_membership,Blocked,"Sec 17(5)(b)(ii) blocks ITC on membership of a club, health, or fitness centre.",synthetic
TXN000312,2024-07-18,Chaudhari-Chaudhry - Capital Asset Purchase - CNC lathe,Chaudhari-Chaudhry - Capital Asset Purchase - CNC lathe,317963.19,18,28616.69,28616.69,0.0,Chaudhari-Chaudhry,,bank_statement_line,Capital Goods,capital_goods,Eligible,,synthetic
TXN001558,2024-07-31,Lala PLC - client meeting refreshments,Lala PLC - client meeting refreshments,13223.99,5,330.6,330.6,0.0,Lala PLC,23KOUHZ2007Q2ZH,receipt,Food & Beverages/Outdoor Catering,food_catering,Blocked,"Sec 17(5)(b)(i) explicitly blocks ITC on food and beverages and outdoor catering, unless used to make an outward taxable supply of the same category or as part of a composite/mixed supply.",synthetic
TXN001977,2026-07-05,employee employee leave travel airfare booking - sastry inc,Employee employee leave travel airfare booking - Sastry Inc,49953.75,5,1248.85,1248.85,0.0,Sastry Inc,24FWHRJ1620V6ZB,receipt,Employee Travel Benefits,employee_travel,Blocked,"Sec 17(5)(b)(iii) blocks ITC on travel benefits extended to employees (e.g. leave/home travel concession), unless obligatory under law.",synthetic
TXN000452,2026-02-28,Professional fees to Mitter-Maharaj for payroll processing,Professional fees to Mitter-Maharaj for payroll processing,29828.69,18,2684.58,2684.58,0.0,Mitter-Maharaj,,bank_statement_line,Input Services (Professional/Consulting/IT),input_services,Eligible,,synthetic
TXN000929,2025-09-23,"telephone/mobile plan charges - Deo, Sridhar and Bobal","telephone/mobile plan charges - Deo, Sridhar and Bobal",9394.16,18,845.48,845.48,0.0,"Deo, Sridhar and Bobal",27ILEVY3844R1Z2,receipt,Utilities (Business Electricity/Internet),utilities,Eligible,,synthetic
TXN000720,2026-10-10,Monthly rent - Bhalla and Sons,Monthly rent - Bhalla and Sons,98879.01,18,0.0,0.0,17798.22,Bhalla and Sons,33DHKDZ7693W2ZW,invoice,Rent/Lease of Business Premises,rent,Eligible,,synthetic
TXN000700,2025-08-22,"Bora, Bath and Sampath - Shop Rent Payment","Bora, Bath and Sampath - Shop Rent Payment",73102.64,18,0.0,0.0,13158.48,"Bora, Bath and Sampath",36CRXOS5762E8ZM,invoice,Rent/Lease of Business Premises,rent,Eligible,,synthetic
TXN001826,2025-07-31,"Employee  staff outing travel booking booking - Bhalla, Verma and Mistry","Employee staff outing travel booking booking - Bhalla, Verma and Mistry",49329.75,5,1233.24,1233.24,0.0,"Bhalla, Verma and Mistry",24SFKTA4761W1ZA,receipt,Employee Travel Benefits,employee_travel,Blocked,"Sec 17(5)(b)(iii) blocks ITC on travel benefits extended to employees (e.g. leave/home travel concession), unless obligatory under law.",synthetic
TXN000785,2026-08-10,"lease rental to bali, gola and murty for office unit","Lease rental to Bali, Gola and Murty for office unit",91137.06,18,8202.33,8202.33,0.0,"Bali, Gola and Murty",23SJFDY2161L1ZW,receipt,Rent/Lease of Business Premises,rent,Eligible,,synthetic
TXN002367,2024-03-15,Balakrishnan LLC - shop renovation works,Balakrishnan LLC - shop renovation works,848781.98,18,0.0,0.0,152780.76,Balakrishnan LLC,27BXHQC7804E8ZK,receipt,Works Contract/Construction of Immovable Property,works_contract,Blocked,"Sec 17(5)(c)/(d) blocks ITC on works contract services and goods/services for construction of immovable property (other than plant & machinery), even when used for business.",synthetic
TXN001869,2025-11-12,employee leave travel airfare - Shroff-Singhal,employee leave travel airfare - Shroff-Singhal,34339.07,5,0.0,0.0,1716.95,Shroff-Singhal,36YVXJP8572F3ZX,invoice,Employee Travel Benefits,employee_travel,Blocked,"Sec 17(5)(b)(iii) blocks ITC on travel benefits extended to employees (e.g. leave/home travel concession), unless obligatory under law.",synthetic
TXN001257,2024-11-12,RAGHAVAN LLC - VEHICLE REGISTRATION FEE,Raghavan LLC - vehicle registration fee,37042.27,28,5185.92,5185.92,0.0,Raghavan LLC,,bank_statement_line,Motor Vehicle Expenses,motor_vehicle,Blocked,"Sec 17(5)(a) blocks ITC on motor vehicles for transport of persons (seating <=13) and related services, unless used for further supply, passenger transport, or driving training.",synthetic
TXN001217,2026-08-07,Raval Inc - car servicing,Raval Inc - car servicing,38485.93,28,5388.03,5388.03,0.0,Raval Inc,32MPGCQ1307N1ZI,receipt,Motor Vehicle Expenses,motor_vehicle,Blocked,"Sec 17(5)(a) blocks ITC on motor vehicles for transport of persons (seating <=13) and related services, unless used for further supply, passenger transport, or driving training.",synthetic
TXN000769,2025-01-24,Lease rental to Thakkar Ltd for godown,Lease rental to Thakkar Ltd for godown,80394.19,18,0.0,0.0,14470.95,Thakkar Ltd,,bank_statement_line,Rent/Lease of Business Premises,rent,Eligible,,synthetic
TXN001945,2024-05-14,"HOME TRAVEL CONCESSION BOOKING - SARRAF, GANESH AND KADE","home travel concession booking - Sarraf, Ganesh and Kade",26442.8,5,0.0,0.0,1322.14,"Sarraf, Ganesh and Kade",,bank_statement_line,Employee Travel Benefits,employee_travel,Blocked,"Sec 17(5)(b)(iii) blocks ITC on travel benefits extended to employees (e.g. leave/home travel concession), unless obligatory under law.",synthetic
TXN001186,2025-07-05,"Goswami, Nayak and Chakraborty - POS machine rental","Goswami, Nayak and Chakraborty - POS machine rental",4009.05,18,360.81,360.81,0.0,"Goswami, Nayak and Chakraborty",27ONVGD0719G5ZR,invoice,Bank Charges/Financial Services,bank_charges,Eligible,,synthetic
TXN002076,2025-07-21,"employee  group health insurance premium payment - Ramesh, Srinivas and Chaudhari","employee group health insurance premium payment - Ramesh, Srinivas and Chaudhari",71872.45,18,6468.52,6468.52,0.0,"Ramesh, Srinivas and Chaudhari",,bank_statement_line,Employee Insurance/Reimbursements,employee_insurance,Blocked,Sec 17(5)(b) blocks ITC on health/life insurance for employees unless it is obligatory for the employer under any law for the time being in force.,synthetic
TXN001988,2025-02-02,"STAFF OUTING TRAVEL BOOKING - AGGARWAL, VARMA AND SWAMINATHAN","staff outing travel booking - Aggarwal, Varma and Swaminathan",34472.02,5,861.8,861.8,0.0,"Aggarwal, Varma and Swaminathan",33MIZFG3031D7Z1,invoice,Employee Travel Benefits,employee_travel,Blocked,"Sec 17(5)(b)(iii) blocks ITC on travel benefits extended to employees (e.g. leave/home travel concession), unless obligatory under law.",synthetic
TXN000672,2024-08-29,"MONTHLY RENT - NAZARETH, MERCHANT AND HANS","Monthly rent - Nazareth, Merchant and Hans",84854.88,18,7636.94,7636.94,0.0,"Nazareth, Merchant and Hans",24AMWEW9494I9Z2,receipt,Rent/Lease of Business Premises,rent,Eligible,,synthetic
TXN000020,2025-11-09,PAYMENT TO PANT-KADAKIA FOR PACKAGING MATERIAL,Payment to Pant-Kadakia for packaging material,30336.14,18,0.0,0.0,5460.51,Pant-Kadakia,19VWFRK2073Q7Z8,receipt,Purchase of Goods (Raw Material/Trading Stock),purchase_goods,Eligible,,synthetic
TXN001820,2026-04-02,"Employee employee leave travel airfare booking - Nath, Om and Randhawa","Employee employee leave travel airfare booking - Nath, Om and Randhawa",24036.27,5,600.9,600.9,0.0,"Nath, Om and Randhawa",27HCDHU1438F4ZM,invoice,Employee Travel Benefits,employee_travel,Blocked,"Sec 17(5)(b)(iii) blocks ITC on travel benefits extended to employees (e.g. leave/home travel concession), unless obligatory under law.",synthetic
TXN000448,2024-12-02,payroll  processing charges - Goel Ltd,payroll processing charges - Goel Ltd,52322.14,18,4708.99,4708.99,0.0,Goel Ltd,27QDFCP8920X8ZT,invoice,Input Services (Professional/Consulting/IT),input_services,Eligible,,synthetic
TXN000466,2025-09-24,professional fees to ram-rege for auditing services,Professional fees to Ram-Rege for auditing services,48276.21,18,0.0,0.0,8689.72,Ram-Rege,,bank_statement_line,Input Services (Professional/Consulting/IT),input_services,Eligible,,synthetic
TXN001766,2024-02-07,gym membership - Menon-Bhagat,gym membership - Menon-Bhagat,41519.08,18,0.0,0.0,7473.43,Menon-Bhagat,,bank_statement_line,Club/Health/Fitness Memberships,club_membership,Blocked,"Sec 17(5)(b)(ii) blocks ITC on membership of a club, health, or fitness centre.",synthetic
TXN001416,2025-09-26,Office client meeting refreshments order - Kapoor-Varty,Office client meeting refreshments order - Kapoor-Varty,18055.39,5,451.38,451.38,0.0,Kapoor-Varty,,bank_statement_line,Food & Beverages/Outdoor Catering,food_catering,Blocked,"Sec 17(5)(b)(i) explicitly blocks ITC on food and beverages and outdoor catering, unless used to make an outward taxable supply of the same category or as part of a composite/mixed supply.",synthetic
TXN000807,2025-12-24,pandya plc - broadband internet bill payment,Pandya PLC - broadband internet bill payment,11790.64,18,0.0,0.0,2122.32,Pandya PLC,33CLDTU4162C6ZF,receipt,Utilities (Business Electricity/Internet),utilities,Eligible,,synthetic
TXN000317,2024-01-08,Purchase of generator set - Wali Group,Purchase of generator set - Wali Group,578012.25,18,52021.11,52021.11,0.0,Wali Group,29OGLXD6962W6ZZ,invoice,Capital Goods,capital_goods,Eligible,,synthetic
TXN000818,2025-10-27,"Tandon,  Hayre and Shankar - broadband internet bill payment","Tandon, Hayre and Shankar - broadband internet bill payment",1546.89,18,139.22,139.22,0.0,"Tandon, Hayre and Shankar",19YOQSV0121X2ZX,invoice,Utilities (Business Electricity/Internet),utilities,Eligible,,synthetic
TXN000337,2025-05-02,CNC lathe installation invoice from Chana LLC,CNC lathe installation invoice from Chana LLC,310083.81,18,27907.54,27907.54,0.0,Chana LLC,33JLEYS2986V3ZK,invoice,Capital Goods,capital_goods,Eligible,,synthetic
TXN002662,2025-09-27,"KHALSA,  BORA AND SARNA - GOVERNMENT LICENSE FEE","Khalsa, Bora and Sarna - government license fee",55446.94,exempt,0.0,0.0,0.0,"Khalsa, Bora and Sarna",,bank_statement_line,Exempt/Non-GST Expense,exempt_non_gst,Not Applicable,,synthetic
TXN000356,2026-09-01,"deshmukh, rama and setty - capital asset purchse - cnc lathe","Deshmukh, Rama and Setty - Capital Asset Purchase - CNC lathe",534861.3,18,48137.51,48137.51,0.0,"Deshmukh, Rama and Setty",,bank_statement_line,Capital Goods,capital_goods,Eligible,,synthetic
TXN000823,2024-04-03,TELEPHONE/MOBILE PLAN CHARGES - NAGI-IYER,telephone/mobile plan charges - Nagi-Iyer,2072.76,18,186.55,186.55,0.0,Nagi-Iyer,19SHFKV6504G4ZU,receipt,Utilities (Business Electricity/Internet),utilities,Eligible,,synthetic
TXN000847,2026-03-25,electricity charges - Dhar LLC,electricity charges - Dhar LLC,7639.45,18,687.55,687.55,0.0,Dhar LLC,27NCTLW9980G6ZY,receipt,Utilities (Business Electricity/Internet),utilities,Eligible,,synthetic
TXN001533,2024-12-11,Catering payment - Batta-Rao,Catering payment - Batta-Rao,19662.17,5,491.56,491.56,0.0,Batta-Rao,,bank_statement_line,Food & Beverages/Outdoor Catering,food_catering,Blocked,"Sec 17(5)(b)(i) explicitly blocks ITC on food and beverages and outdoor catering, unless used to make an outward taxable supply of the same category or as part of a composite/mixed supply.",synthetic
TXN000245,2026-06-04,Savant-Mishra - Capital Asset Purchase - generator set,Savant-Mishra - Capital Asset Purchase - generator set,767650.92,18,69088.59,69088.59,0.0,Savant-Mishra,23LKTJK4596D5ZP,invoice,Capital Goods,capital_goods,Eligible,,synthetic
TXN002202,2025-12-13,Chokshi  Inc - flooring and fixtures work,Chokshi Inc - flooring and fixtures work,301904.25,18,27171.38,27171.38,0.0,Chokshi Inc,24WLHRP3031W8Z5,invoice,Works Contract/Construction of Immovable Property,works_contract,Blocked,"Sec 17(5)(c)/(d) blocks ITC on works contract services and goods/services for construction of immovable property (other than plant & machinery), even when used for business.",synthetic
TXN001373,2025-01-22,"dhar, dyal and gour - vehicle registration fee","Dhar, Dyal and Gour - vehicle registration fee",7921.31,28,1108.98,1108.98,0.0,"Dhar, Dyal and Gour",36KQMET0661F3ZO,invoice,Motor Vehicle Expenses,motor_vehicle,Blocked,"Sec 17(5)(a) blocks ITC on motor vehicles for transport of persons (seating <=13) and related services, unless used for further supply, passenger transport, or driving training.",synthetic
TXN000893,2026-10-28,WATER  SUPPLY CHRGS - DALAL-KHALSA,water supply charges - Dalal-Khalsa,10290.7,18,0.0,0.0,1852.33,Dalal-Khalsa,24KUWOE8256V8Z7,invoice,Utilities (Business Electricity/Internet),utilities,Eligible,,synthetic
TXN001655,2024-12-01,"Cherian, Parmar and Shanker - Membership Fee","Cherian, Parmar and Shanker - Membership Fee",15738.8,18,1416.49,1416.49,0.0,"Cherian, Parmar and Shanker",32IEITR3804V9Z6,invoice,Club/Health/Fitness Memberships,club_membership,Blocked,"Sec 17(5)(b)(ii) blocks ITC on membership of a club, health, or fitness centre.",synthetic
TXN000958,2024-04-30,"Dua, Mall and Chacko - electricity bill paymnt","Dua, Mall and Chacko - electricity bill payment",2833.31,18,255.0,255.0,0.0,"Dua, Mall and Chacko",07CZBYO9700Z6Z9,receipt,Utilities (Business Electricity/Internet),utilities,Eligible,,synthetic
TXN002117,2026-08-17,"Deo, Mohan and Garg - employee medical reimbursement","Deo, Mohan and Garg - employee medical reimbursement",14998.54,18,1349.87,1349.87,0.0,"Deo, Mohan and Garg",,bank_statement_line,Employee Insurance/Reimbursements,employee_insurance,Blocked,Sec 17(5)(b) blocks ITC on health/life insurance for employees unless it is obligatory for the employer under any law for the time being in force.,synthetic
TXN002248,2025-07-31,Shukla-Jaggi - building repair works contract,Shukla-Jaggi - building repair works contract,486505.2,18,0.0,0.0,87570.94,Shukla-Jaggi,19AUVMY1390C6ZX,invoice,Works Contract/Construction of Immovable Property,works_contract,Blocked,"Sec 17(5)(c)/(d) blocks ITC on works contract services and goods/services for construction of immovable property (other than plant & machinery), even when used for business.",synthetic
TXN000657,2026-08-20,lease rental to devan inc for godown,Lease rental to Devan Inc for godown,37944.44,18,3415.0,3415.0,0.0,Devan Inc,,bank_statement_line,Rent/Lease of Business Premises,rent,Eligible,,synthetic
TXN001577,2026-09-06,Catering payment - Sani LLC,Catering payment - Sani LLC,17815.21,5,0.0,0.0,890.76,Sani LLC,,bank_statement_line,Food & Beverages/Outdoor Catering,food_catering,Blocked,"Sec 17(5)(b)(i) explicitly blocks ITC on food and beverages and outdoor catering, unless used to make an outward taxable supply of the same category or as part of a composite/mixed supply.",synthetic
TXN001279,2024-07-14,Bhagat-Kapoor - car servicing,Bhagat-Kapoor - car servicing,10210.71,28,1429.5,1429.5,0.0,Bhagat-Kapoor,33FENWZ6366E3ZS,invoice,Motor Vehicle Expenses,motor_vehicle,Blocked,"Sec 17(5)(a) blocks ITC on motor vehicles for transport of persons (seating <=13) and related services, unless used for further supply, passenger transport, or driving training.",synthetic
TXN000397,2025-02-08,CNC lathe installation invoice from Char-Pradhan,CNC lathe installation invoice from Char-Pradhan,289295.48,18,0.0,0.0,52073.19,Char-Pradhan,,bank_statement_line,Capital Goods,capital_goods,Eligible,,synthetic
TXN001606,2026-10-14,"wellness center package - Joshi, Solanki and Ramachandran","wellness center package - Joshi, Solanki and Ramachandran",26301.51,18,2367.14,2367.14,0.0,"Joshi, Solanki and Ramachandran",,bank_statement_line,Club/Health/Fitness Memberships,club_membership,Blocked,"Sec 17(5)(b)(ii) blocks ITC on membership of a club, health, or fitness centre.",synthetic
TXN002157,2026-01-15,Prashad Inc - employee medical reimbursement,Prashad Inc - employee medical reimbursement,81856.6,18,0.0,0.0,14734.19,Prashad Inc,09KORZN3308B5ZR,receipt,Employee Insurance/Reimbursements,employee_insurance,Blocked,Sec 17(5)(b) blocks ITC on health/life insurance for employees unless it is obligatory for the employer under any law for the time being in force.,synthetic
TXN000442,2024-12-08,Bose PLC - chartered accountant services invoice,Bose PLC - chartered accountant services invoice,14013.5,18,0.0,0.0,2522.43,Bose PLC,,bank_statement_line,Input Services (Professional/Consulting/IT),input_services,Eligible,,synthetic
TXN001269,2025-07-04,pymt to Narayanan LLC for vehicle insurance premium,Payment to Narayanan LLC for vehicle insurance premium,37439.62,28,0.0,0.0,10483.09,Narayanan LLC,09YAZTX2891E3ZO,receipt,Motor Vehicle Expenses,motor_vehicle,Blocked,"Sec 17(5)(a) blocks ITC on motor vehicles for transport of persons (seating <=13) and related services, unless used for further supply, passenger transport, or driving training.",synthetic
TXN002705,2026-02-27,Issac and Sons - government license fee,Issac and Sons - government license fee,17599.72,exempt,0.0,0.0,0.0,Issac and Sons,24YTRMF0623T1ZN,receipt,Exempt/Non-GST Expense,exempt_non_gst,Not Applicable,,synthetic
TXN001104,2024-07-05,PROCESSING FEE FEE - JHAVERI AND SONS,processing fee fee - Jhaveri and Sons,3353.7,18,301.83,301.83,0.0,Jhaveri and Sons,,bank_statement_line,Bank Charges/Financial Services,bank_charges,Eligible,,synthetic
TXN001758,2026-04-03,Ramesh-Yadav - Membership Fee,Ramesh-Yadav - Membership Fee,42249.31,18,3802.44,3802.44,0.0,Ramesh-Yadav,,bank_statement_line,Club/Health/Fitness Memberships,club_membership,Blocked,"Sec 17(5)(b)(ii) blocks ITC on membership of a club, health, or fitness centre.",synthetic
TXN001562,2024-01-08,"Date, Deep and Vyas - client meeting refreshments","Date, Deep and Vyas - client meeting refreshments",12441.09,5,311.02,311.02,0.0,"Date, Deep and Vyas",,bank_statement_line,Food & Beverages/Outdoor Catering,food_catering,Blocked,"Sec 17(5)(b)(i) explicitly blocks ITC on food and beverages and outdoor catering, unless used to make an outward taxable supply of the same category or as part of a composite/mixed supply.",synthetic
TXN000756,2026-05-15,"monthly rent - nazareth, kurian and suresh","Monthly rent - Nazareth, Kurian and Suresh",87228.09,18,7850.53,7850.53,0.0,"Nazareth, Kurian and Suresh",,bank_statement_line,Rent/Lease of Business Premises,rent,Eligible,,synthetic
TXN000742,2025-04-15,Monthly rent - Kakar and Sons,Monthly rent - Kakar and Sons,88084.45,18,7927.6,7927.6,0.0,Kakar and Sons,09TRATM6650S1ZN,receipt,Rent/Lease of Business Premises,rent,Eligible,,synthetic
TXN002717,2026-09-01,Walia  Group - staff salary payment,Walia Group - staff salary payment,28450.38,exempt,0.0,0.0,0.0,Walia Group,,bank_statement_line,Exempt/Non-GST Expense,exempt_non_gst,Not Applicable,,synthetic
TXN000419,2026-08-27,"Sathe, Sachdeva and Mahajan - software subscription svcs invoice","Sathe, Sachdeva and Mahajan - software subscription services invoice",41683.39,18,0.0,0.0,7503.01,"Sathe, Sachdeva and Mahajan",07EIQCM8563I4ZG,invoice,Input Services (Professional/Consulting/IT),input_services,Eligible,,synthetic
TXN002299,2026-04-29,"Construction payment - Mital, Saran and Roy for warehouse construction contract","Construction payment - Mital, Saran and Roy for warehouse construction contract",509310.72,18,45837.96,45837.96,0.0,"Mital, Saran and Roy",,bank_statement_line,Works Contract/Construction of Immovable Property,works_contract,Blocked,"Sec 17(5)(c)/(d) blocks ITC on works contract services and goods/services for construction of immovable property (other than plant & machinery), even when used for business.",synthetic
TXN000955,2024-09-27,Toor-Mangat - electricity bill payment,Toor-Mangat - electricity bill payment,1832.58,18,0.0,0.0,329.86,Toor-Mangat,33LEDYI5488I6ZR,receipt,Utilities (Business Electricity/Internet),utilities,Eligible,,synthetic
TXN000544,2026-05-15,"Pandit, Saran and Maharaj - software subscription services invoice","Pandit, Saran and Maharaj - software subscription services invoice",2686.59,18,241.79,241.79,0.0,"Pandit, Saran and Maharaj",24GYCLD5502D1ZY,receipt,Input Services (Professional/Consulting/IT),input_services,Eligible,,synthetic
TXN001154,2025-10-07,Shetty-Tiwari - Bank Charges,Shetty-Tiwari - Bank Charges,2568.04,18,0.0,0.0,462.25,Shetty-Tiwari,09CXSXL4705F9ZR,receipt,Bank Charges/Financial Services,bank_charges,Eligible,,synthetic
TXN002774,2024-03-12,municipal tax payment payment,municipal tax payment payment,49756.13,exempt,0.0,0.0,0.0,Chawla Ltd,29TUMWR7979U3ZG,invoice,Exempt/Non-GST Expense,exempt_non_gst,Not Applicable,,synthetic
TXN000937,2026-02-16,Savant-Kalla - broadband internet bill payment,Savant-Kalla - broadband internet bill payment,2960.96,18,266.49,266.49,0.0,Savant-Kalla,,bank_statement_line,Utilities (Business Electricity/Internet),utilities,Eligible,,synthetic
TXN000691,2025-06-23,"Tiwari, Jain and Yadav - Shop Rent Payment","Tiwari, Jain and Yadav - Shop Rent Payment",98080.06,18,0.0,0.0,17654.41,"Tiwari, Jain and Yadav",,bank_statement_line,Rent/Lease of Business Premises,rent,Eligible,,synthetic
TXN000187,2025-01-20,Bumb-Singhal - packaging material supply,Bumb-Singhal - packaging material supply,49107.99,18,4419.72,4419.72,0.0,Bumb-Singhal,,bank_statement_line,Purchase of Goods (Raw Material/Trading Stock),purchase_goods,Eligible,,synthetic
TXN002456,2025-03-31,paymnt received from Yohannan-Halder for export order,Payment received from Yohannan-Halder for export order,240730.18,18,0.0,0.0,43331.43,Yohannan-Halder,19RAPSZ6783Y2ZY,invoice,Sales/Outward Supply,sales_revenue,Not Applicable,,synthetic
TXN001443,2024-07-03,"Office office tea/coffee supplies order - Barad, Wali and Thakur","Office office tea/coffee supplies order - Barad, Wali and Thakur",13672.1,5,341.81,341.81,0.0,"Barad, Wali and Thakur",33XBBBW5333H4Z9,receipt,Food & Beverages/Outdoor Catering,food_catering,Blocked,"Sec 17(5)(b)(i) explicitly blocks ITC on food and beverages and outdoor catering, unless used to make an outward taxable supply of the same category or as part of a composite/mixed supply.",synthetic
TXN002476,2024-02-15,Nori PLC - Sales inv,Nori PLC - Sales Invoice,313540.85,18,28218.67,28218.67,0.0,Nori PLC,36HTHGV5119Q7ZW,receipt,Sales/Outward Supply,sales_revenue,Not Applicable,,synthetic
TXN001477,2025-09-04,"CATERING PAYMENT - VARTY, KATA AND GARA","Catering payment - Varty, Kata and Gara",7532.44,5,188.31,188.31,0.0,"Varty, Kata and Gara",,bank_statement_line,Food & Beverages/Outdoor Catering,food_catering,Blocked,"Sec 17(5)(b)(i) explicitly blocks ITC on food and beverages and outdoor catering, unless used to make an outward taxable supply of the same category or as part of a composite/mixed supply.",synthetic
TXN001776,2025-05-22,"Sengupta, Patil and Chada - Membership Fee","Sengupta, Patil and Chada - Membership Fee",26793.21,18,0.0,0.0,4822.78,"Sengupta, Patil and Chada",32LFHKH4699M7ZC,receipt,Club/Health/Fitness Memberships,club_membership,Blocked,"Sec 17(5)(b)(ii) blocks ITC on membership of a club, health, or fitness centre.",synthetic
TXN001744,2026-11-24,wellness center package - Bal PLC,wellness center package - Bal PLC,11448.06,18,0.0,0.0,2060.65,Bal PLC,23PORHT0191C4Z5,receipt,Club/Health/Fitness Memberships,club_membership,Blocked,"Sec 17(5)(b)(ii) blocks ITC on membership of a club, health, or fitness centre.",synthetic
TXN002033,2024-05-27,"staff life insurance premium premium payment - Madan, Virk and Seshadri","staff life insurance premium premium payment - Madan, Virk and Seshadri",83348.32,18,0.0,0.0,15002.7,"Madan, Virk and Seshadri",24KLBUD8318T5Z8,invoice,Employee Insurance/Reimbursements,employee_insurance,Blocked,Sec 17(5)(b) blocks ITC on health/life insurance for employees unless it is obligatory for the employer under any law for the time being in force.,synthetic
TXN002039,2024-07-24,Pathak PLC - employee group health insurance,Pathak PLC - employee group health insurance,47588.44,18,4282.96,4282.96,0.0,Pathak PLC,36URKSM0916A4ZN,invoice,Employee Insurance/Reimbursements,employee_insurance,Blocked,Sec 17(5)(b) blocks ITC on health/life insurance for employees unless it is obligatory for the employer under any law for the time being in force.,synthetic
TXN000901,2026-04-24,MALHOTRA LTD - BROADBAND INTERNET BILL PAYMENT,Malhotra Ltd - broadband internet bill payment,14477.91,18,1303.01,1303.01,0.0,Malhotra Ltd,,bank_statement_line,Utilities (Business Electricity/Internet),utilities,Eligible,,synthetic
TXN002698,2026-07-30,municipal  tax payment payment,municipal tax payment payment,2440.73,exempt,0.0,0.0,0.0,Khare Group,,bank_statement_line,Exempt/Non-GST Expense,exempt_non_gst,Not Applicable,,synthetic
TXN000963,2024-10-16,water supply chgs - Konda Inc,water supply charges - Konda Inc,12626.82,18,1136.41,1136.41,0.0,Konda Inc,,bank_statement_line,Utilities (Business Electricity/Internet),utilities,Eligible,,synthetic
TXN001363,2026-11-14,Sarma-Raj  - fuel purchase,Sarma-Raj - fuel purchase,38630.56,28,5408.28,5408.28,0.0,Sarma-Raj,,bank_statement_line,Motor Vehicle Expenses,motor_vehicle,Blocked,"Sec 17(5)(a) blocks ITC on motor vehicles for transport of persons (seating <=13) and related services, unless used for further supply, passenger transport, or driving training.",synthetic
TXN001285,2025-03-02,Gala Group - vehicle registration fee,Gala Group - vehicle registration fee,23900.26,28,0.0,0.0,6692.07,Gala Group,07KPJHL9274K4ZV,invoice,Motor Vehicle Expenses,motor_vehicle,Blocked,"Sec 17(5)(a) blocks ITC on motor vehicles for transport of persons (seating <=13) and related services, unless used for further supply, passenger transport, or driving training.",synthetic
TXN001190,2026-07-14,Dalal-Singhal - Bank Charges,Dalal-Singhal - Bank Charges,777.01,18,69.93,69.93,0.0,Dalal-Singhal,,bank_statement_line,Bank Charges/Financial Services,bank_charges,Eligible,,synthetic
TXN001483,2025-01-31,"catering payment - mane, pall and palan","Catering payment - Mane, Pall and Palan",15047.56,5,0.0,0.0,752.38,"Mane, Pall and Palan",23THMYC4079Y5ZH,receipt,Food & Beverages/Outdoor Catering,food_catering,Blocked,"Sec 17(5)(b)(i) explicitly blocks ITC on food and beverages and outdoor catering, unless used to make an outward taxable supply of the same category or as part of a composite/mixed supply.",synthetic
TXN002267,2025-09-26,Construction payment - Pai-Parikh for flooring and fixtures work,Construction payment - Pai-Parikh for flooring and fixtures work,798724.26,18,0.0,0.0,143770.37,Pai-Parikh,23PKWGN8333I3ZL,receipt,Works Contract/Construction of Immovable Property,works_contract,Blocked,"Sec 17(5)(c)/(d) blocks ITC on works contract services and goods/services for construction of immovable property (other than plant & machinery), even when used for business.",synthetic
TXN002197,2025-10-31,employee group health insurance premium pymt - Karan LLC,employee group health insurance premium payment - Karan LLC,71541.49,18,6438.73,6438.73,0.0,Karan LLC,07GUJKK0030T4ZN,invoice,Employee Insurance/Reimbursements,employee_insurance,Blocked,Sec 17(5)(b) blocks ITC on health/life insurance for employees unless it is obligatory for the employer under any law for the time being in force.,synthetic
TXN002688,2026-07-25,staff salary pmt payment,staff salary payment payment,25688.91,exempt,0.0,0.0,0.0,"Bhagat, Sami and Padmanabhan",19KCKLQ4011E5ZA,receipt,Exempt/Non-GST Expense,exempt_non_gst,Not Applicable,,synthetic
TXN001602,2026-11-15,DARA LTD - MEMBERSHIP FEE,Dara Ltd - Membership Fee,17761.27,18,1598.52,1598.52,0.0,Dara Ltd,07FRTWR8136R9ZZ,invoice,Club/Health/Fitness Memberships,club_membership,Blocked,"Sec 17(5)(b)(ii) blocks ITC on membership of a club, health, or fitness centre.",synthetic
TXN001621,2026-12-05,SURA AND SONS - MEMBERSHIP FEE,Sura and Sons - Membership Fee,31087.8,18,2797.9,2797.9,0.0,Sura and Sons,23LWZCX5691J3ZZ,receipt,Club/Health/Fitness Memberships,club_membership,Blocked,"Sec 17(5)(b)(ii) blocks ITC on membership of a club, health, or fitness centre.",synthetic
TXN000580,2026-04-15,BRAR-KRISHNA - AUDITING SERVICES SERVICES INVOICE,Brar-Krishna - auditing services services invoice,7440.65,18,669.66,669.66,0.0,Brar-Krishna,36CFOVR0420T6ZV,invoice,Input Services (Professional/Consulting/IT),input_services,Eligible,,synthetic
TXN001700,2026-01-07,gym membership - Sathe-Dhingra,gym membership - Sathe-Dhingra,11811.87,18,1063.07,1063.07,0.0,Sathe-Dhingra,07EXFDQ8553U2ZI,receipt,Club/Health/Fitness Memberships,club_membership,Blocked,"Sec 17(5)(b)(ii) blocks ITC on membership of a club, health, or fitness centre.",synthetic
TXN001489,2025-04-12,"Office festival sweets order order - Kurian, Yogi and Krishna","Office festival sweets order order - Kurian, Yogi and Krishna",14302.9,5,0.0,0.0,715.14,"Kurian, Yogi and Krishna",23TWYGZ1796V1Z3,receipt,Food & Beverages/Outdoor Catering,food_catering,Blocked,"Sec 17(5)(b)(i) explicitly blocks ITC on food and beverages and outdoor catering, unless used to make an outward taxable supply of the same category or as part of a composite/mixed supply.",synthetic
TXN001666,2025-10-08,gym membership - Mittal Inc,gym membership - Mittal Inc,26183.77,18,2356.54,2356.54,0.0,Mittal Inc,,bank_statement_line,Club/Health/Fitness Memberships,club_membership,Blocked,"Sec 17(5)(b)(ii) blocks ITC on membership of a club, health, or fitness centre.",synthetic
TXN000016,2025-09-11,"Boase, Bath and Kari - steel sheets supply","Boase, Bath and Kari - steel sheets supply",112903.74,18,10161.33,10161.33,0.0,"Boase, Bath and Kari",32ZZBFG9883F8Z8,receipt,Purchase of Goods (Raw Material/Trading Stock),purchase_goods,Eligible,,synthetic
TXN000146,2026-03-22,purchase of packaging material from gara-chad,Purchase of packaging material from Gara-Chad,24118.54,18,2170.67,2170.67,0.0,Gara-Chad,07ZXWHW8030V3ZD,receipt,Purchase of Goods (Raw Material/Trading Stock),purchase_goods,Eligible,,synthetic
TXN000382,2024-06-20,office desktop computers installation invoice from Balasubramanian-Bhat,office desktop computers installation invoice from Balasubramanian-Bhat,745920.74,18,67132.87,67132.87,0.0,Balasubramanian-Bhat,,bank_statement_line,Capital Goods,capital_goods,Eligible,,synthetic
TXN001861,2024-11-19,employee leave travel airfare - Sinha Ltd,employee leave travel airfare - Sinha Ltd,71202.49,5,1780.06,1780.06,0.0,Sinha Ltd,36GSADW8939P2ZP,invoice,Employee Travel Benefits,employee_travel,Blocked,"Sec 17(5)(b)(iii) blocks ITC on travel benefits extended to employees (e.g. leave/home travel concession), unless obligatory under law.",synthetic
TXN000453,2025-06-19,"PROFESSIONAL FEES TO BHALLA, PANDEY AND TRIPATHI FOR AUDITING SRVCS","Professional fees to Bhalla, Pandey and Tripathi for auditing services",38226.21,18,3440.36,3440.36,0.0,"Bhalla, Pandey and Tripathi",,bank_statement_line,Input Services (Professional/Consulting/IT),input_services,Eligible,,synthetic
TXN001035,2025-11-08,Grover LLC - Bank chgs,Grover LLC - Bank Charges,4211.06,18,379.0,379.0,0.0,Grover LLC,,bank_statement_line,Bank Charges/Financial Services,bank_charges,Eligible,,synthetic
TXN001398,2026-10-21,"Vehicle car repair - Dixit, Pau and Ramanathan","Vehicle car repair - Dixit, Pau and Ramanathan",34375.59,28,4812.59,4812.59,0.0,"Dixit, Pau and Ramanathan",,bank_statement_line,Motor Vehicle Expenses,motor_vehicle,Blocked,"Sec 17(5)(a) blocks ITC on motor vehicles for transport of persons (seating <=13) and related services, unless used for further supply, passenger transport, or driving training.",synthetic
TXN002433,2026-11-12,"PAYMENT RECEIVED FROM SANE, MERCHANT AND BATTA FOR WHOLESALE SUPPLY","Payment received from Sane, Merchant and Batta for wholesale supply",105868.17,18,9528.14,9528.14,0.0,"Sane, Merchant and Batta",24WQVIS8196N1Z5,invoice,Sales/Outward Supply,sales_revenue,Not Applicable,,synthetic
TXN002444,2024-06-03,Sale invoice to Kakar and Sons,Sale invoice to Kakar and Sons,244868.26,18,22038.15,22038.15,0.0,Kakar and Sons,33LKDSA2997G1ZA,receipt,Sales/Outward Supply,sales_revenue,Not Applicable,,synthetic
TXN002550,2024-06-25,SALE INVOICE TO VARGHESE PLC,Sale invoice to Varghese PLC,196116.53,18,17650.49,17650.49,0.0,Varghese PLC,,bank_statement_line,Sales/Outward Supply,sales_revenue,Not Applicable,,synthetic
TXN001665,2024-08-28,Babu-Vasa - Membership Fee,Babu-Vasa - Membership Fee,5611.6,18,505.05,505.05,0.0,Babu-Vasa,,bank_statement_line,Club/Health/Fitness Memberships,club_membership,Blocked,"Sec 17(5)(b)(ii) blocks ITC on membership of a club, health, or fitness centre.",synthetic
TXN001752,2024-04-19,Madan Group - Membership Fee,Madan Group - Membership Fee,16135.66,18,1452.21,1452.21,0.0,Madan Group,24TOJOK0558P9ZZ,receipt,Club/Health/Fitness Memberships,club_membership,Blocked,"Sec 17(5)(b)(ii) blocks ITC on membership of a club, health, or fitness centre.",synthetic
TXN001111,2025-03-24,loan processing fee fee - sarraf-shroff,loan processing fee fee - Sarraf-Shroff,4088.88,18,0.0,0.0,736.0,Sarraf-Shroff,,bank_statement_line,Bank Charges/Financial Services,bank_charges,Eligible,,synthetic
TXN001209,2025-02-13,"PAYMENT TO KOTHARI, KARA AND PADMANABHAN FOR FUEL PURCHASE","Payment to Kothari, Kara and Padmanabhan for fuel purchase",27254.0,28,3815.56,3815.56,0.0,"Kothari, Kara and Padmanabhan",33PIZJR7222X7ZI,receipt,Motor Vehicle Expenses,motor_vehicle,Blocked,"Sec 17(5)(a) blocks ITC on motor vehicles for transport of persons (seating <=13) and related services, unless used for further supply, passenger transport, or driving training.",synthetic
TXN000468,2024-12-01,Professional fees to Narayan Inc for software subscription,Professional fees to Narayan Inc for software subscription,24072.72,18,2166.55,2166.55,0.0,Narayan Inc,19SFWKD7588W5Z3,receipt,Input Services (Professional/Consulting/IT),input_services,Eligible,,synthetic
TXN001424,2024-10-06,Office staff lunch catering order - Comar-Subramaniam,Office staff lunch catering order - Comar-Subramaniam,17497.77,5,437.44,437.44,0.0,Comar-Subramaniam,07ICWKB4850Y6ZR,receipt,Food & Beverages/Outdoor Catering,food_catering,Blocked,"Sec 17(5)(b)(i) explicitly blocks ITC on food and beverages and outdoor catering, unless used to make an outward taxable supply of the same category or as part of a composite/mixed supply.",synthetic
TXN000469,2026-01-11,"legal consultation charges - Raju, Mander and Krishnan","legal consultation charges - Raju, Mander and Krishnan",48457.15,18,4361.15,4361.15,0.0,"Raju, Mander and Krishnan",,bank_statement_line,Input Services (Professional/Consulting/IT),input_services,Eligible,,synthetic
TXN002129,2025-10-22,Sen-Zacharia - staff life insurance premium,Sen-Zacharia - staff life insurance premium,80519.11,18,0.0,0.0,14493.44,Sen-Zacharia,,bank_statement_line,Employee Insurance/Reimbursements,employee_insurance,Blocked,Sec 17(5)(b) blocks ITC on health/life insurance for employees unless it is obligatory for the employer under any law for the time being in force.,synthetic
TXN002777,2026-10-05,Raju LLC - staff salary paymnt,Raju LLC - staff salary payment,39688.17,exempt,0.0,0.0,0.0,Raju LLC,,bank_statement_line,Exempt/Non-GST Expense,exempt_non_gst,Not Applicable,,synthetic
TXN001156,2026-09-16,POS machine rental fee - Pradhan Group,POS machine rental fee - Pradhan Group,4306.85,18,387.62,387.62,0.0,Pradhan Group,36OSGUI9757A5Z8,invoice,Bank Charges/Financial Services,bank_charges,Eligible,,synthetic
TXN002542,2024-11-23,Bhatia Group - Sales Invoice,Bhatia Group - Sales Invoice,448847.96,18,40396.32,40396.32,0.0,Bhatia Group,23KANPB0943T8Z6,receipt,Sales/Outward Supply,sales_revenue,Not Applicable,,synthetic
TXN001122,2025-09-20,cheque bounce fee fee - Date Inc,cheque bounce fee fee - Date Inc,3316.63,18,298.5,298.5,0.0,Date Inc,29TCSMF5540V7ZO,receipt,Bank Charges/Financial Services,bank_charges,Eligible,,synthetic
TXN002544,2024-02-04,BRAHMBHATT-PINGLE - SALES INVOICE,Brahmbhatt-Pingle - Sales Invoice,129487.43,18,11653.87,11653.87,0.0,Brahmbhatt-Pingle,27DSUZE5883G1Z4,receipt,Sales/Outward Supply,sales_revenue,Not Applicable,,synthetic
TXN001970,2026-09-18,staff outing travel booking - gour llc,staff outing travel booking - Gour LLC,16320.1,5,408.0,408.0,0.0,Gour LLC,,bank_statement_line,Employee Travel Benefits,employee_travel,Blocked,"Sec 17(5)(b)(iii) blocks ITC on travel benefits extended to employees (e.g. leave/home travel concession), unless obligatory under law.",synthetic
TXN000203,2026-10-15,CNC lathe installation invoice from Cherian-Sant,CNC lathe installation invoice from Cherian-Sant,606115.4,18,54550.39,54550.39,0.0,Cherian-Sant,19BFQKG4848O6ZH,receipt,Capital Goods,capital_goods,Eligible,,synthetic
TXN002294,2024-07-22,"Construction payment - Varty, Grover and Tata for warehouse construction contract","Construction payment - Varty, Grover and Tata for warehouse construction contract",776883.09,18,0.0,0.0,139838.96,"Varty, Grover and Tata",07EWOAP9524U8ZX,invoice,Works Contract/Construction of Immovable Property,works_contract,Blocked,"Sec 17(5)(c)/(d) blocks ITC on works contract services and goods/services for construction of immovable property (other than plant & machinery), even when used for business.",synthetic
TXN000437,2025-09-01,"website maintenance charges - Sharma, Pathak and Chakrabarti","website maintenance charges - Sharma, Pathak and Chakrabarti",17251.02,18,1552.59,1552.59,0.0,"Sharma, Pathak and Chakrabarti",23BKUNX8457J8ZW,invoice,Input Services (Professional/Consulting/IT),input_services,Eligible,,synthetic
TXN002214,2026-10-25,Construction payment - Yogi Inc for warehouse construction contract,Construction payment - Yogi Inc for warehouse construction contract,42184.21,18,3796.58,3796.58,0.0,Yogi Inc,,bank_statement_line,Works Contract/Construction of Immovable Property,works_contract,Blocked,"Sec 17(5)(c)/(d) blocks ITC on works contract services and goods/services for construction of immovable property (other than plant & machinery), even when used for business.",synthetic
TXN001860,2025-03-21,Employee employee leave travel airfare booking - Bedi-De,Employee employee leave travel airfare booking - Bedi-De,9938.93,5,248.47,248.47,0.0,Bedi-De,32DXIUS5001Q6ZI,receipt,Employee Travel Benefits,employee_travel,Blocked,"Sec 17(5)(b)(iii) blocks ITC on travel benefits extended to employees (e.g. leave/home travel concession), unless obligatory under law.",synthetic
TXN001365,2024-10-12,Payment to Walla and Sons for fuel purchase,Payment to Walla and Sons for fuel purchase,49678.65,28,0.0,0.0,13910.02,Walla and Sons,27ZRYRT0642O9ZS,invoice,Motor Vehicle Expenses,motor_vehicle,Blocked,"Sec 17(5)(a) blocks ITC on motor vehicles for transport of persons (seating <=13) and related services, unless used for further supply, passenger transport, or driving training.",synthetic
TXN002718,2025-03-17,staff salary payment payment,staff salary payment payment,29929.96,exempt,0.0,0.0,0.0,"Prasad, Nadkarni and Sanghvi",27CAKPQ4206B2Z6,receipt,Exempt/Non-GST Expense,exempt_non_gst,Not Applicable,,synthetic
TXN000905,2026-12-17,"LUTHRA,  SACHDEVA AND PRASHAD - ELECTRICITY BILL PAYMENT","Luthra, Sachdeva and Prashad - electricity bill payment",10833.01,18,974.97,974.97,0.0,"Luthra, Sachdeva and Prashad",19JNHHU1705F6Z8,invoice,Utilities (Business Electricity/Internet),utilities,Eligible,,synthetic
TXN001105,2025-09-30,"Manne, Bumb and Solanki - Bank Charges","Manne, Bumb and Solanki - Bank Charges",3052.92,18,274.76,274.76,0.0,"Manne, Bumb and Solanki",19MLWZR1499Q9ZR,receipt,Bank Charges/Financial Services,bank_charges,Eligible,,synthetic
TXN002773,2025-09-29,STAFF  SALARY PMT PAYMENT,staff salary payment payment,46943.86,exempt,0.0,0.0,0.0,Modi-Chander,19CRAKG8772G5ZJ,invoice,Exempt/Non-GST Expense,exempt_non_gst,Not Applicable,,synthetic
TXN000380,2025-09-03,purchase  of 3-phase motor - thakur-kant,Purchase of 3-phase motor - Thakur-Kant,762482.15,18,68623.4,68623.4,0.0,Thakur-Kant,19EZWCW1727U3ZH,receipt,Capital Goods,capital_goods,Eligible,,synthetic
TXN000218,2026-01-02,CHANDER LLC - CAPITAL ASSET PURCH - PACKING MACHINE,Chander LLC - Capital Asset Purchase - packing machine,216488.24,18,19483.94,19483.94,0.0,Chander LLC,19KLKIK1070X1ZE,invoice,Capital Goods,capital_goods,Eligible,,synthetic
TXN001526,2025-09-26,"Office client meeting refreshments order - Karnik, Chaudhry and Madan","Office client meeting refreshments order - Karnik, Chaudhry and Madan",16643.7,5,416.1,416.1,0.0,"Karnik, Chaudhry and Madan",,bank_statement_line,Food & Beverages/Outdoor Catering,food_catering,Blocked,"Sec 17(5)(b)(i) explicitly blocks ITC on food and beverages and outdoor catering, unless used to make an outward taxable supply of the same category or as part of a composite/mixed supply.",synthetic
TXN001922,2025-03-02,"Employee home travel concession booking booking - Buch, Dhar and Vyas","Employee home travel concession booking booking - Buch, Dhar and Vyas",7325.23,5,183.13,183.13,0.0,"Buch, Dhar and Vyas",24KPZXX1097H3Z4,receipt,Employee Travel Benefits,employee_travel,Blocked,"Sec 17(5)(b)(iii) blocks ITC on travel benefits extended to employees (e.g. leave/home travel concession), unless obligatory under law.",synthetic
TXN001342,2025-11-07,vehicle car servicing - kunda-zachariah,Vehicle car servicing - Kunda-Zachariah,44734.43,28,6262.82,6262.82,0.0,Kunda-Zachariah,,bank_statement_line,Motor Vehicle Expenses,motor_vehicle,Blocked,"Sec 17(5)(a) blocks ITC on motor vehicles for transport of persons (seating <=13) and related services, unless used for further supply, passenger transport, or driving training.",synthetic
TXN000475,2026-06-30,"SAMPATH, TRIVEDI AND PATHAK - WEBSITE MAINTENANCE SERVICES INV","Sampath, Trivedi and Pathak - website maintenance services invoice",10511.41,18,946.02,946.02,0.0,"Sampath, Trivedi and Pathak",29ZNJOK9039Q5Z8,invoice,Input Services (Professional/Consulting/IT),input_services,Eligible,,synthetic
TXN002231,2024-07-23,VIRK-CHADA - FLOORING AND FIXTURES WORK,Virk-Chada - flooring and fixtures work,772443.06,18,69519.88,69519.88,0.0,Virk-Chada,07TLAKR4664Y4ZF,invoice,Works Contract/Construction of Immovable Property,works_contract,Blocked,"Sec 17(5)(c)/(d) blocks ITC on works contract services and goods/services for construction of immovable property (other than plant & machinery), even when used for business.",synthetic
TXN000882,2024-05-28,"water supply chrgs - sawhney, suresh and ganesh","water supply charges - Sawhney, Suresh and Ganesh",5901.3,18,531.12,531.12,0.0,"Sawhney, Suresh and Ganesh",,bank_statement_line,Utilities (Business Electricity/Internet),utilities,Eligible,,synthetic
TXN001433,2026-01-01,"Catering payment - Sinha, Subramaniam and Garde","Catering payment - Sinha, Subramaniam and Garde",5043.18,5,126.08,126.08,0.0,"Sinha, Subramaniam and Garde",33FJRCS7088O5ZR,invoice,Food & Beverages/Outdoor Catering,food_catering,Blocked,"Sec 17(5)(b)(i) explicitly blocks ITC on food and beverages and outdoor catering, unless used to make an outward taxable supply of the same category or as part of a composite/mixed supply.",synthetic
TXN002359,2026-11-19,"Dalal, Atwal and Vora - shop renovation works","Dalal, Atwal and Vora - shop renovation works",654003.86,18,58860.35,58860.35,0.0,"Dalal, Atwal and Vora",24QRJHD3555Z1Z9,invoice,Works Contract/Construction of Immovable Property,works_contract,Blocked,"Sec 17(5)(c)/(d) blocks ITC on works contract services and goods/services for construction of immovable property (other than plant & machinery), even when used for business.",synthetic
TXN002279,2025-10-30,Construction payment - Taneja-Thakkar for shop renovation works,Construction payment - Taneja-Thakkar for shop renovation works,807146.06,18,72643.15,72643.15,0.0,Taneja-Thakkar,07KZDJZ3498T3ZL,receipt,Works Contract/Construction of Immovable Property,works_contract,Blocked,"Sec 17(5)(c)/(d) blocks ITC on works contract services and goods/services for construction of immovable property (other than plant & machinery), even when used for business.",synthetic
TXN001476,2024-06-17,Bandi PLC - festival sweets order,Bandi PLC - festival sweets order,1968.95,5,49.23,49.23,0.0,Bandi PLC,09GYJMN2346A8ZV,invoice,Food & Beverages/Outdoor Catering,food_catering,Blocked,"Sec 17(5)(b)(i) explicitly blocks ITC on food and beverages and outdoor catering, unless used to make an outward taxable supply of the same category or as part of a composite/mixed supply.",synthetic
TXN000204,2026-11-07,packing  machine installation invc from Sharaf-Dua,packing machine installation invoice from Sharaf-Dua,90898.53,18,8180.87,8180.87,0.0,Sharaf-Dua,,bank_statement_line,Capital Goods,capital_goods,Eligible,,synthetic
TXN000129,2025-10-29,Lal and Sons - steel sheets supply,Lal and Sons - steel sheets supply,104396.19,18,9395.66,9395.66,0.0,Lal and Sons,,bank_statement_line,Purchase of Goods (Raw Material/Trading Stock),purchase_goods,Eligible,,synthetic
TXN000167,2026-10-05,"PAYMNT TO BUCH, DEVI AND DORA FOR PLASTIC GRANULES","Payment to Buch, Devi and Dora for plastic granules",33302.03,18,0.0,0.0,5994.37,"Buch, Devi and Dora",24YZEGI7357L3ZM,receipt,Purchase of Goods (Raw Material/Trading Stock),purchase_goods,Eligible,,synthetic
TXN002269,2026-04-02,"Construction payment - Konda, Kota and Keer for shop renovation works","Construction payment - Konda, Kota and Keer for shop renovation works",360579.75,18,32452.17,32452.17,0.0,"Konda, Kota and Keer",,bank_statement_line,Works Contract/Construction of Immovable Property,works_contract,Blocked,"Sec 17(5)(c)/(d) blocks ITC on works contract services and goods/services for construction of immovable property (other than plant & machinery), even when used for business.",synthetic
TXN001367,2024-11-26,Payment to Dhawan-Misra for vehicle insurance premium,Payment to Dhawan-Misra for vehicle insurance premium,33505.03,28,4690.7,4690.7,0.0,Dhawan-Misra,,bank_statement_line,Motor Vehicle Expenses,motor_vehicle,Blocked,"Sec 17(5)(a) blocks ITC on motor vehicles for transport of persons (seating <=13) and related services, unless used for further supply, passenger transport, or driving training.",synthetic
TXN000140,2026-11-12,purchse of adhesive tape rolls from Salvi Ltd,Purchase of adhesive tape rolls from Salvi Ltd,102862.15,18,9257.59,9257.59,0.0,Salvi Ltd,23EOUFA2275Y8Z9,receipt,Purchase of Goods (Raw Material/Trading Stock),purchase_goods,Eligible,,synthetic
TXN002177,2025-03-24,Parekh-Bava - staff life insurance premium,Parekh-Bava - staff life insurance premium,13164.51,18,1184.81,1184.81,0.0,Parekh-Bava,19ZRNQP7729I2ZH,receipt,Employee Insurance/Reimbursements,employee_insurance,Blocked,Sec 17(5)(b) blocks ITC on health/life insurance for employees unless it is obligatory for the employer under any law for the time being in force.,synthetic
TXN001696,2025-02-13,"gym membership - Chakraborty, Chowdhury and Sachdev","gym membership - Chakraborty, Chowdhury and Sachdev",3584.36,18,0.0,0.0,645.18,"Chakraborty, Chowdhury and Sachdev",27TFCND1473E6Z9,receipt,Club/Health/Fitness Memberships,club_membership,Blocked,"Sec 17(5)(b)(ii) blocks ITC on membership of a club, health, or fitness centre.",synthetic
TXN001609,2025-11-06,Srivastava-Misra - Membership Fee,Srivastava-Misra - Membership Fee,11387.24,18,1024.85,1024.85,0.0,Srivastava-Misra,24VHLGR1924C5Z1,receipt,Club/Health/Fitness Memberships,club_membership,Blocked,"Sec 17(5)(b)(ii) blocks ITC on membership of a club, health, or fitness centre.",synthetic
TXN002263,2026-08-02,Construction  pmt - Nagi-Bhat for shop renovation works,Construction payment - Nagi-Bhat for shop renovation works,586615.41,18,52795.39,52795.39,0.0,Nagi-Bhat,29ACIHK8902B1ZE,invoice,Works Contract/Construction of Immovable Property,works_contract,Blocked,"Sec 17(5)(c)/(d) blocks ITC on works contract services and goods/services for construction of immovable property (other than plant & machinery), even when used for business.",synthetic
TXN001653,2026-01-29,gupta-hans - membership fee,Gupta-Hans - Membership Fee,23592.89,18,2123.36,2123.36,0.0,Gupta-Hans,29ZYJLQ4962P6ZV,receipt,Club/Health/Fitness Memberships,club_membership,Blocked,"Sec 17(5)(b)(ii) blocks ITC on membership of a club, health, or fitness centre.",synthetic
TXN001311,2024-01-29,paymnt to Iyengar LLC for vehicle insurance premium,Payment to Iyengar LLC for vehicle insurance premium,46592.57,28,0.0,0.0,13045.92,Iyengar LLC,,bank_statement_line,Motor Vehicle Expenses,motor_vehicle,Blocked,"Sec 17(5)(a) blocks ITC on motor vehicles for transport of persons (seating <=13) and related services, unless used for further supply, passenger transport, or driving training.",synthetic
TXN001708,2025-01-14,Yogi and Sons - Membership Fee,Yogi and Sons - Membership Fee,44747.72,18,4027.3,4027.3,0.0,Yogi and Sons,,bank_statement_line,Club/Health/Fitness Memberships,club_membership,Blocked,"Sec 17(5)(b)(ii) blocks ITC on membership of a club, health, or fitness centre.",synthetic
TXN001493,2025-03-13,Catering payment - Kuruvilla Inc,Catering payment - Kuruvilla Inc,12657.7,5,316.44,316.44,0.0,Kuruvilla Inc,07ERIHB5766Y6ZF,receipt,Food & Beverages/Outdoor Catering,food_catering,Blocked,"Sec 17(5)(b)(i) explicitly blocks ITC on food and beverages and outdoor catering, unless used to make an outward taxable supply of the same category or as part of a composite/mixed supply.",synthetic
TXN000629,2026-11-15,"monthly rent - morar, bala and som","Monthly rent - Morar, Bala and Som",53397.43,18,0.0,0.0,9611.54,"Morar, Bala and Som",23RGVVT5403E2ZY,receipt,Rent/Lease of Business Premises,rent,Eligible,,synthetic
TXN001083,2024-05-22,account maintenance charge fee - Sarma-Saini,account maintenance charge fee - Sarma-Saini,3631.36,18,326.82,326.82,0.0,Sarma-Saini,36INCND2012O4ZZ,invoice,Bank Charges/Financial Services,bank_charges,Eligible,,synthetic
TXN001815,2025-06-22,Employee employee leave travel airfare booking - Palla-Kala,Employee employee leave travel airfare booking - Palla-Kala,68472.97,5,1711.83,1711.83,0.0,Palla-Kala,,bank_statement_line,Employee Travel Benefits,employee_travel,Blocked,"Sec 17(5)(b)(iii) blocks ITC on travel benefits extended to employees (e.g. leave/home travel concession), unless obligatory under law.",synthetic
TXN002110,2024-09-23,"employee medical reimbursement premium payment - Deo, Som and Palan","employee medical reimbursement premium payment - Deo, Som and Palan",36500.27,18,3285.03,3285.03,0.0,"Deo, Som and Palan",36OTHCH0387S6ZM,invoice,Employee Insurance/Reimbursements,employee_insurance,Blocked,Sec 17(5)(b) blocks ITC on health/life insurance for employees unless it is obligatory for the employer under any law for the time being in force.,synthetic
TXN000741,2026-09-07,natarajan llc - shop rent pmt,Natarajan LLC - Shop Rent Payment,13717.84,18,1234.61,1234.61,0.0,Natarajan LLC,33OCFET8206A1ZO,receipt,Rent/Lease of Business Premises,rent,Eligible,,synthetic
TXN000804,2024-01-30,Chahal and Sons - water supply bill payment,Chahal and Sons - water supply bill payment,11022.96,18,992.07,992.07,0.0,Chahal and Sons,,bank_statement_line,Utilities (Business Electricity/Internet),utilities,Eligible,,synthetic
TXN000889,2025-09-12,"Barman, Sastry and Kamdar - broadband internet bill payment","Barman, Sastry and Kamdar - broadband internet bill payment",12091.34,18,1088.22,1088.22,0.0,"Barman, Sastry and Kamdar",,bank_statement_line,Utilities (Business Electricity/Internet),utilities,Eligible,,synthetic
TXN001581,2026-06-09,Ramakrishnan Group - festival sweets order,Ramakrishnan Group - festival sweets order,12179.27,5,304.48,304.48,0.0,Ramakrishnan Group,33YIXKG3572X7Z8,receipt,Food & Beverages/Outdoor Catering,food_catering,Blocked,"Sec 17(5)(b)(i) explicitly blocks ITC on food and beverages and outdoor catering, unless used to make an outward taxable supply of the same category or as part of a composite/mixed supply.",synthetic
TXN002687,2024-11-30,government  license fee payment,government license fee payment,59230.76,exempt,0.0,0.0,0.0,"Dhillon, Bhandari and Khanna",24TMESQ4295H7Z6,invoice,Exempt/Non-GST Expense,exempt_non_gst,Not Applicable,,synthetic
TXN000850,2025-06-06,water supply chrgs - Soni-Chatterjee,water supply charges - Soni-Chatterjee,9410.37,18,846.93,846.93,0.0,Soni-Chatterjee,24LSPBJ5782F1Z2,invoice,Utilities (Business Electricity/Internet),utilities,Eligible,,synthetic
TXN002800,2024-05-13,professional tax payment payment,professional tax payment payment,34276.52,exempt,0.0,0.0,0.0,Yogi-Manne,07YGCLI9436Y7ZX,invoice,Exempt/Non-GST Expense,exempt_non_gst,Not Applicable,,synthetic
TXN002188,2026-10-09,staff  life insurance premium premium pymt - Guha PLC,staff life insurance premium premium payment - Guha PLC,68353.75,18,0.0,0.0,12303.67,Guha PLC,36KESJH0196Z3ZT,invoice,Employee Insurance/Reimbursements,employee_insurance,Blocked,Sec 17(5)(b) blocks ITC on health/life insurance for employees unless it is obligatory for the employer under any law for the time being in force.,synthetic
TXN002011,2026-07-26,employee medical reimbursement premium payment - Bansal Ltd,employee medical reimbursement premium payment - Bansal Ltd,64154.73,18,0.0,0.0,11547.85,Bansal Ltd,07MOBEX0247X7Z5,invoice,Employee Insurance/Reimbursements,employee_insurance,Blocked,Sec 17(5)(b) blocks ITC on health/life insurance for employees unless it is obligatory for the employer under any law for the time being in force.,synthetic
TXN001024,2025-05-24,Arora Inc - Bank Charges,Arora Inc - Bank Charges,1526.81,18,137.41,137.41,0.0,Arora Inc,09KCFOJ8218F3ZC,receipt,Bank Charges/Financial Services,bank_charges,Eligible,,synthetic
TXN000666,2024-02-02,"Lease rental to Chhabra, Nayak and Mane for office unit","Lease rental to Chhabra, Nayak and Mane for office unit",9485.38,18,853.68,853.68,0.0,"Chhabra, Nayak and Mane",09ZCJIB9627U7Z4,receipt,Rent/Lease of Business Premises,rent,Eligible,,synthetic
TXN001516,2024-02-26,Mutti-Anand - office tea/coffee supplies,Mutti-Anand - office tea/coffee supplies,16082.79,5,402.07,402.07,0.0,Mutti-Anand,09THDIA5945O9ZZ,receipt,Food & Beverages/Outdoor Catering,food_catering,Blocked,"Sec 17(5)(b)(i) explicitly blocks ITC on food and beverages and outdoor catering, unless used to make an outward taxable supply of the same category or as part of a composite/mixed supply.",synthetic
TXN001078,2026-03-12,POS machine rental fee - Ganesh-Chakrabarti,POS machine rental fee - Ganesh-Chakrabarti,2286.67,18,205.8,205.8,0.0,Ganesh-Chakrabarti,24TNXGI0294Y3Z7,invoice,Bank Charges/Financial Services,bank_charges,Eligible,,synthetic
TXN000401,2025-03-11,Professional fees to Muni-Pandey for auditing services,Professional fees to Muni-Pandey for auditing services,16557.93,18,1490.21,1490.21,0.0,Muni-Pandey,23RYTKE5449Q9ZH,receipt,Input Services (Professional/Consulting/IT),input_services,Eligible,,synthetic
TXN000997,2026-12-19,"WATER SUPPLY CHGS - PURI, MOHANTY AND CHAWLA","water supply charges - Puri, Mohanty and Chawla",9820.83,18,883.88,883.88,0.0,"Puri, Mohanty and Chawla",,bank_statement_line,Utilities (Business Electricity/Internet),utilities,Eligible,,synthetic
TXN002201,2024-07-19,Construction payment - Sankar-Basak for flooring and fixtures work,Construction payment - Sankar-Basak for flooring and fixtures work,804543.39,18,0.0,0.0,144817.81,Sankar-Basak,32JMLJG2911Q7Z4,receipt,Works Contract/Construction of Immovable Property,works_contract,Blocked,"Sec 17(5)(c)/(d) blocks ITC on works contract services and goods/services for construction of immovable property (other than plant & machinery), even when used for business.",synthetic
TXN002508,2025-12-08,Sale invoice to Kari-Devi,Sale invoice to Kari-Devi,285620.85,18,25705.88,25705.88,0.0,Kari-Devi,,bank_statement_line,Sales/Outward Supply,sales_revenue,Not Applicable,,synthetic
TXN002759,2025-10-29,municipal tax pymt pymt,municipal tax payment payment,50887.82,exempt,0.0,0.0,0.0,Munshi and Sons,,bank_statement_line,Exempt/Non-GST Expense,exempt_non_gst,Not Applicable,,synthetic
TXN001022,2024-10-30,Krish-Chandra - Bank chgs,Krish-Chandra - Bank Charges,4265.55,18,383.9,383.9,0.0,Krish-Chandra,09JMPWD2024J7ZE,receipt,Bank Charges/Financial Services,bank_charges,Eligible,,synthetic
TXN000898,2024-11-03,"broadband internet charges - Yohannan, Ganguly and Naik","broadband internet charges - Yohannan, Ganguly and Naik",12263.26,18,0.0,0.0,2207.39,"Yohannan, Ganguly and Naik",33THCHU6613A6ZI,invoice,Utilities (Business Electricity/Internet),utilities,Eligible,,synthetic
TXN000447,2025-03-31,payroll processing chrgs - Dua Ltd,payroll processing charges - Dua Ltd,13143.23,18,1182.89,1182.89,0.0,Dua Ltd,,bank_statement_line,Input Services (Professional/Consulting/IT),input_services,Eligible,,synthetic
TXN002262,2026-01-16,construction payment - purohit-pandit for shop renovation works,Construction payment - Purohit-Pandit for shop renovation works,149318.28,18,13438.65,13438.65,0.0,Purohit-Pandit,29SAUOD7272B3Z1,receipt,Works Contract/Construction of Immovable Property,works_contract,Blocked,"Sec 17(5)(c)/(d) blocks ITC on works contract services and goods/services for construction of immovable property (other than plant & machinery), even when used for business.",synthetic
TXN002613,2026-03-25,staff  salary payment pmt,staff salary payment payment,27870.39,exempt,0.0,0.0,0.0,Edwin Ltd,33DMQYW9574J3Z8,invoice,Exempt/Non-GST Expense,exempt_non_gst,Not Applicable,,synthetic
TXN000788,2024-11-30,Monthly rent - Gaba-Khosla,Monthly rent - Gaba-Khosla,33369.9,18,3003.29,3003.29,0.0,Gaba-Khosla,19ADKFU8459G1ZE,invoice,Rent/Lease of Business Premises,rent,Eligible,,synthetic
TXN001844,2026-11-21,"EMPLOYEE HOME TRAVEL CONCESSION BOOKING BOOKING - DEO, JHA AND BANSAL","Employee home travel concession booking booking - Deo, Jha and Bansal",25498.91,5,637.48,637.48,0.0,"Deo, Jha and Bansal",07JNSBI3819F1ZR,receipt,Employee Travel Benefits,employee_travel,Blocked,"Sec 17(5)(b)(iii) blocks ITC on travel benefits extended to employees (e.g. leave/home travel concession), unless obligatory under law.",synthetic
TXN001987,2024-09-25,staff outing travel booking - Narayan Group,staff outing travel booking - Narayan Group,58381.24,5,1459.53,1459.53,0.0,Narayan Group,,bank_statement_line,Employee Travel Benefits,employee_travel,Blocked,"Sec 17(5)(b)(iii) blocks ITC on travel benefits extended to employees (e.g. leave/home travel concession), unless obligatory under law.",synthetic
TXN002760,2026-09-29,Sahni-Kadakia - municipal tax payment,Sahni-Kadakia - municipal tax payment,15923.92,exempt,0.0,0.0,0.0,Sahni-Kadakia,29NXZFZ6113K9Z8,invoice,Exempt/Non-GST Expense,exempt_non_gst,Not Applicable,,synthetic
TXN000548,2024-10-29,"Sarma, Banerjee and Date - payroll processing srvcs invoice","Sarma, Banerjee and Date - payroll processing services invoice",33197.19,18,2987.74,2987.74,0.0,"Sarma, Banerjee and Date",24LVHIN6884I9ZB,receipt,Input Services (Professional/Consulting/IT),input_services,Eligible,,synthetic
TXN001707,2026-05-27,gym membership - Bajaj-Narula,gym membership - Bajaj-Narula,43799.96,18,0.0,0.0,7883.99,Bajaj-Narula,,bank_statement_line,Club/Health/Fitness Memberships,club_membership,Blocked,"Sec 17(5)(b)(ii) blocks ITC on membership of a club, health, or fitness centre.",synthetic
TXN001790,2025-11-05,wellness  center package - Mall PLC,wellness center package - Mall PLC,13400.66,18,0.0,0.0,2412.12,Mall PLC,19NSFNL8685Q3ZR,receipt,Club/Health/Fitness Memberships,club_membership,Blocked,"Sec 17(5)(b)(ii) blocks ITC on membership of a club, health, or fitness centre.",synthetic
TXN000536,2026-01-31,Tank-Pillai - website maintenance services invoice,Tank-Pillai - website maintenance services invoice,57527.75,18,5177.49,5177.49,0.0,Tank-Pillai,19PWYNK1841H2ZN,receipt,Input Services (Professional/Consulting/IT),input_services,Eligible,,synthetic
TXN000202,2024-01-24,"packing machine installation invc from Om, Arora and Salvi","packing machine installation invoice from Om, Arora and Salvi",664621.5,18,0.0,0.0,119631.87,"Om, Arora and Salvi",,bank_statement_line,Capital Goods,capital_goods,Eligible,,synthetic
TXN002380,2025-11-08,Lad and Sons - warehouse construction contract,Lad and Sons - warehouse construction contract,360410.25,18,0.0,0.0,64873.85,Lad and Sons,27UYHHK9425L7ZK,invoice,Works Contract/Construction of Immovable Property,works_contract,Blocked,"Sec 17(5)(c)/(d) blocks ITC on works contract services and goods/services for construction of immovable property (other than plant & machinery), even when used for business.",synthetic
TXN002591,2024-02-23,Sale invoice to Misra Group,Sale invoice to Misra Group,172026.79,18,15482.41,15482.41,0.0,Misra Group,32TXZEQ4219P3ZF,invoice,Sales/Outward Supply,sales_revenue,Not Applicable,,synthetic
TXN000305,2025-07-05,purchse of packing machine - Dhawan Group,Purchase of packing machine - Dhawan Group,127031.81,18,0.0,0.0,22865.73,Dhawan Group,32YQLLV3240P4Z6,receipt,Capital Goods,capital_goods,Eligible,,synthetic
TXN000413,2024-03-04,Setty-Om - chartered accountant services invoice,Setty-Om - chartered accountant services invoice,32749.76,18,0.0,0.0,5894.96,Setty-Om,,bank_statement_line,Input Services (Professional/Consulting/IT),input_services,Eligible,,synthetic
TXN000331,2024-11-27,packing machine installation invoice from Bawa PLC,packing machine installation invoice from Bawa PLC,799182.29,18,71926.4,71926.4,0.0,Bawa PLC,,bank_statement_line,Capital Goods,capital_goods,Eligible,,synthetic
TXN000690,2025-01-28,choudhury inc - shop rent pmt,Choudhury Inc - Shop Rent Payment,85089.63,18,7658.06,7658.06,0.0,Choudhury Inc,,bank_statement_line,Rent/Lease of Business Premises,rent,Eligible,,synthetic
TXN000934,2026-12-26,Wali PLC - electricity bill pmt,Wali PLC - electricity bill payment,3805.65,18,342.51,342.51,0.0,Wali PLC,,bank_statement_line,Utilities (Business Electricity/Internet),utilities,Eligible,,synthetic
TXN001029,2026-07-19,Dave-Chanda - Bank Charges,Dave-Chanda - Bank Charges,2463.8,18,221.74,221.74,0.0,Dave-Chanda,19SYDDH0957Y1ZF,invoice,Bank Charges/Financial Services,bank_charges,Eligible,,synthetic
TXN000768,2025-06-24,"Monthly rent - Maharaj, Wason and Mangat","Monthly rent - Maharaj, Wason and Mangat",13789.96,18,1241.1,1241.1,0.0,"Maharaj, Wason and Mangat",19PFYIG1913V7ZR,receipt,Rent/Lease of Business Premises,rent,Eligible,,synthetic
TXN002646,2026-03-13,government license fee paymnt,government license fee payment,49555.44,exempt,0.0,0.0,0.0,"Ben, Naidu and Sankaran",07YNRJP8474Q6Z6,receipt,Exempt/Non-GST Expense,exempt_non_gst,Not Applicable,,synthetic
TXN000292,2026-04-27,GENERATOR SET INSTALLATION INV FROM SACHDEVA-OAK,generator set installation invoice from Sachdeva-Oak,328918.47,18,29602.66,29602.66,0.0,Sachdeva-Oak,33FVXMM0114R6Z3,invoice,Capital Goods,capital_goods,Eligible,,synthetic
TXN002037,2026-03-30,employee medical reimbursement premium payment - Agrawal-Keer,employee medical reimbursement premium payment - Agrawal-Keer,86753.8,18,7807.84,7807.84,0.0,Agrawal-Keer,36NLQAT8088W6ZW,invoice,Employee Insurance/Reimbursements,employee_insurance,Blocked,Sec 17(5)(b) blocks ITC on health/life insurance for employees unless it is obligatory for the employer under any law for the time being in force.,synthetic
TXN002686,2025-04-02,Vasa  PLC - municipal tax payment,Vasa PLC - municipal tax payment,18163.76,exempt,0.0,0.0,0.0,Vasa PLC,24ZPAUQ5120B2Z8,invoice,Exempt/Non-GST Expense,exempt_non_gst,Not Applicable,,synthetic
TXN001731,2025-11-29,"Raja, Verma and Karan - Membership Fee","Raja, Verma and Karan - Membership Fee",31499.9,18,2834.99,2834.99,0.0,"Raja, Verma and Karan",07BIPTT5907H2ZS,invoice,Club/Health/Fitness Memberships,club_membership,Blocked,"Sec 17(5)(b)(ii) blocks ITC on membership of a club, health, or fitness centre.",synthetic
TXN001867,2026-10-12,Employee employee leave travel airfare booking - Deep-Chander,Employee employee leave travel airfare booking - Deep-Chander,48962.64,5,1224.07,1224.07,0.0,Deep-Chander,29SRPRQ3340A8ZA,invoice,Employee Travel Benefits,employee_travel,Blocked,"Sec 17(5)(b)(iii) blocks ITC on travel benefits extended to employees (e.g. leave/home travel concession), unless obligatory under law.",synthetic
TXN000566,2024-05-17,Professional fees to Iyer and Sons for legal consultation,Professional fees to Iyer and Sons for legal consultation,21774.26,18,1959.68,1959.68,0.0,Iyer and Sons,,bank_statement_line,Input Services (Professional/Consulting/IT),input_services,Eligible,,synthetic
TXN000111,2024-02-02,paymnt to pingle plc for raw plastic pellets,Payment to Pingle PLC for raw plastic pellets,125305.83,18,0.0,0.0,22555.05,Pingle PLC,23RONVG3297D1Z0,receipt,Purchase of Goods (Raw Material/Trading Stock),purchase_goods,Eligible,,synthetic
TXN000511,2026-08-17,Shankar-Bhatnagar - chartered accountant services invoice,Shankar-Bhatnagar - chartered accountant services invoice,16225.21,18,1460.27,1460.27,0.0,Shankar-Bhatnagar,07LEZNZ1262F9ZE,receipt,Input Services (Professional/Consulting/IT),input_services,Eligible,,synthetic
TXN002427,2026-11-05,Sale invc to Sheth-Kapur,Sale invoice to Sheth-Kapur,129097.0,18,11618.73,11618.73,0.0,Sheth-Kapur,19CCMEX6878T4ZQ,receipt,Sales/Outward Supply,sales_revenue,Not Applicable,,synthetic
TXN000075,2026-12-16,Ray Group - raw plastic pellets supply,Ray Group - raw plastic pellets supply,43096.73,18,0.0,0.0,7757.41,Ray Group,07NIVMV3994J7Z6,receipt,Purchase of Goods (Raw Material/Trading Stock),purchase_goods,Eligible,,synthetic
TXN001588,2025-11-01,"sethi, magar and swamy - staff lunch catering","Sethi, Magar and Swamy - staff lunch catering",16930.09,5,423.25,423.25,0.0,"Sethi, Magar and Swamy",36MVBRE6486K2ZK,invoice,Food & Beverages/Outdoor Catering,food_catering,Blocked,"Sec 17(5)(b)(i) explicitly blocks ITC on food and beverages and outdoor catering, unless used to make an outward taxable supply of the same category or as part of a composite/mixed supply.",synthetic
TXN002321,2026-05-25,Kala LLC - flooring and fixtures work,Kala LLC - flooring and fixtures work,376222.52,18,33860.03,33860.03,0.0,Kala LLC,32JQAKD6149W4ZI,invoice,Works Contract/Construction of Immovable Property,works_contract,Blocked,"Sec 17(5)(c)/(d) blocks ITC on works contract services and goods/services for construction of immovable property (other than plant & machinery), even when used for business.",synthetic
TXN000339,2025-11-24,Purchase of office desktop computers - Deo PLC,Purchase of office desktop computers - Deo PLC,39441.66,18,0.0,0.0,7099.5,Deo PLC,23YEZON6289Y3Z2,invoice,Capital Goods,capital_goods,Eligible,,synthetic
TXN000625,2026-10-25,"lease rental to mistry, nayar and tripathi for shop premises","Lease rental to Mistry, Nayar and Tripathi for shop premises",17329.27,18,0.0,0.0,3119.27,"Mistry, Nayar and Tripathi",33IOJLM9473I2Z2,invoice,Rent/Lease of Business Premises,rent,Eligible,,synthetic
TXN001334,2024-10-07,Yadav-Raval - vehicle insurance premium,Yadav-Raval - vehicle insurance premium,33008.79,28,0.0,0.0,9242.46,Yadav-Raval,33UHMOW9670L8Z3,invoice,Motor Vehicle Expenses,motor_vehicle,Blocked,"Sec 17(5)(a) blocks ITC on motor vehicles for transport of persons (seating <=13) and related services, unless used for further supply, passenger transport, or driving training.",synthetic
TXN002783,2026-10-25,Dayal PLC - staff salary payment,Dayal PLC - staff salary payment,39165.19,exempt,0.0,0.0,0.0,Dayal PLC,07CUDYK1644G9ZJ,receipt,Exempt/Non-GST Expense,exempt_non_gst,Not Applicable,,synthetic
TXN000171,2026-03-01,"PAYMENT TO SHUKLA, SAGAR AND BHATIA FOR PACKAGING MATERIAL","Payment to Shukla, Sagar and Bhatia for packaging material",36080.39,18,0.0,0.0,6494.47,"Shukla, Sagar and Bhatia",29VRSIA2637X1ZD,invoice,Purchase of Goods (Raw Material/Trading Stock),purchase_goods,Eligible,,synthetic
TXN002432,2024-12-20,Payment received from Mital and Sons for retail sale,Payment received from Mital and Sons for retail sale,152054.72,18,13684.92,13684.92,0.0,Mital and Sons,,bank_statement_line,Sales/Outward Supply,sales_revenue,Not Applicable,,synthetic
TXN002323,2024-11-10,"Construction payment - Bhalla, Swaminathan and Walla for flooring and fixtures work","Construction payment - Bhalla, Swaminathan and Walla for flooring and fixtures work",593028.08,18,53372.53,53372.53,0.0,"Bhalla, Swaminathan and Walla",09OCNJG8852Q6Z2,invoice,Works Contract/Construction of Immovable Property,works_contract,Blocked,"Sec 17(5)(c)/(d) blocks ITC on works contract services and goods/services for construction of immovable property (other than plant & machinery), even when used for business.",synthetic
TXN000623,2025-04-26,Narang PLC - Shop Rent Payment,Narang PLC - Shop Rent Payment,97260.76,18,8753.47,8753.47,0.0,Narang PLC,,bank_statement_line,Rent/Lease of Business Premises,rent,Eligible,,synthetic
TXN001891,2024-09-12,"Employee employee leave travel airfare booking - Bhat, Chana and Kalla","Employee employee leave travel airfare booking - Bhat, Chana and Kalla",24035.77,5,600.89,600.89,0.0,"Bhat, Chana and Kalla",07BNTHD0233L2Z6,invoice,Employee Travel Benefits,employee_travel,Blocked,"Sec 17(5)(b)(iii) blocks ITC on travel benefits extended to employees (e.g. leave/home travel concession), unless obligatory under law.",synthetic
TXN000925,2024-07-03,broadband internet charges - Sood Inc,broadband internet charges - Sood Inc,5018.43,18,451.66,451.66,0.0,Sood Inc,,bank_statement_line,Utilities (Business Electricity/Internet),utilities,Eligible,,synthetic
TXN001092,2025-02-24,"processing fee fee - Borde, Chander and Nigam","processing fee fee - Borde, Chander and Nigam",3812.03,18,0.0,0.0,686.17,"Borde, Chander and Nigam",,bank_statement_line,Bank Charges/Financial Services,bank_charges,Eligible,,synthetic
TXN001997,2026-09-11,"Employee staff outing travel booking booking - Jain, Goda and Baral","Employee staff outing travel booking booking - Jain, Goda and Baral",2698.43,5,67.46,67.46,0.0,"Jain, Goda and Baral",23CPCXI1900I1ZL,receipt,Employee Travel Benefits,employee_travel,Blocked,"Sec 17(5)(b)(iii) blocks ITC on travel benefits extended to employees (e.g. leave/home travel concession), unless obligatory under law.",synthetic
TXN001264,2025-12-11,"paymnt to Kothari, Subramaniam and Pal for car repair","Payment to Kothari, Subramaniam and Pal for car repair",35678.18,28,4994.94,4994.94,0.0,"Kothari, Subramaniam and Pal",24OXRQZ2108X6ZE,invoice,Motor Vehicle Expenses,motor_vehicle,Blocked,"Sec 17(5)(a) blocks ITC on motor vehicles for transport of persons (seating <=13) and related services, unless used for further supply, passenger transport, or driving training.",synthetic
TXN002466,2026-07-12,"Payment received from Mannan, Bansal and Sura for bulk order","Payment received from Mannan, Bansal and Sura for bulk order",447685.88,18,40291.73,40291.73,0.0,"Mannan, Bansal and Sura",33LBXZS9353T1ZG,invoice,Sales/Outward Supply,sales_revenue,Not Applicable,,synthetic
TXN000395,2025-09-15,PURCH OF 3-PHASE MOTOR - SOM INC,Purchase of 3-phase motor - Som Inc,785917.04,18,70732.54,70732.54,0.0,Som Inc,09TRQXB6765J7ZZ,invoice,Capital Goods,capital_goods,Eligible,,synthetic
TXN002391,2025-04-02,Construction pmt - Bhagat and Sons for shop renovation works,Construction payment - Bhagat and Sons for shop renovation works,312265.74,18,0.0,0.0,56207.83,Bhagat and Sons,29QUNIE4470U9ZR,invoice,Works Contract/Construction of Immovable Property,works_contract,Blocked,"Sec 17(5)(c)/(d) blocks ITC on works contract services and goods/services for construction of immovable property (other than plant & machinery), even when used for business.",synthetic
TXN001019,2024-12-16,"account maintenance charge fee - Kothari, Parekh and Randhawa","account maintenance charge fee - Kothari, Parekh and Randhawa",135.02,18,0.0,0.0,24.3,"Kothari, Parekh and Randhawa",,bank_statement_line,Bank Charges/Financial Services,bank_charges,Eligible,,synthetic
TXN002347,2026-06-26,"Construction payment - De, Roy and Nagarajan for building repair works contract","Construction payment - De, Roy and Nagarajan for building repair works contract",613921.24,18,55252.91,55252.91,0.0,"De, Roy and Nagarajan",36YEJPA0882I3ZJ,receipt,Works Contract/Construction of Immovable Property,works_contract,Blocked,"Sec 17(5)(c)/(d) blocks ITC on works contract services and goods/services for construction of immovable property (other than plant & machinery), even when used for business.",synthetic
TXN001951,2024-03-29,"Employee employee leave travel airfare booking - Ramakrishnan, Som and Lala","Employee employee leave travel airfare booking - Ramakrishnan, Som and Lala",46067.8,5,0.0,0.0,2303.39,"Ramakrishnan, Som and Lala",,bank_statement_line,Employee Travel Benefits,employee_travel,Blocked,"Sec 17(5)(b)(iii) blocks ITC on travel benefits extended to employees (e.g. leave/home travel concession), unless obligatory under law.",synthetic
TXN000872,2024-09-12,"electricity  charges - Dhaliwal, Vaidya and Rama","electricity charges - Dhaliwal, Vaidya and Rama",9831.47,18,884.83,884.83,0.0,"Dhaliwal, Vaidya and Rama",24BHAXJ9366S1ZB,invoice,Utilities (Business Electricity/Internet),utilities,Eligible,,synthetic
TXN002354,2026-06-27,"KARNIK, CHAKRABORTY AND SHERE - FLOORING AND FIXTURES WORK","Karnik, Chakraborty and Shere - flooring and fixtures work",709665.61,18,63869.9,63869.9,0.0,"Karnik, Chakraborty and Shere",23JACFD9792J2ZS,receipt,Works Contract/Construction of Immovable Property,works_contract,Blocked,"Sec 17(5)(c)/(d) blocks ITC on works contract services and goods/services for construction of immovable property (other than plant & machinery), even when used for business.",synthetic
TXN002203,2024-08-24,"Varghese, Bhargava and Singh - flooring and fixtures work","Varghese, Bhargava and Singh - flooring and fixtures work",913557.25,18,82220.15,82220.15,0.0,"Varghese, Bhargava and Singh",,bank_statement_line,Works Contract/Construction of Immovable Property,works_contract,Blocked,"Sec 17(5)(c)/(d) blocks ITC on works contract services and goods/services for construction of immovable property (other than plant & machinery), even when used for business.",synthetic
TXN002791,2026-09-01,employee PF contribution payment,employee PF contribution payment,37232.57,exempt,0.0,0.0,0.0,Koshy-Vora,09CDHKY9148T9ZW,receipt,Exempt/Non-GST Expense,exempt_non_gst,Not Applicable,,synthetic
TXN001351,2026-10-29,"VEHICLE CAR SERVICING - SARAN, BORA AND DUBE","Vehicle car servicing - Saran, Bora and Dube",14978.23,28,2096.95,2096.95,0.0,"Saran, Bora and Dube",,bank_statement_line,Motor Vehicle Expenses,motor_vehicle,Blocked,"Sec 17(5)(a) blocks ITC on motor vehicles for transport of persons (seating <=13) and related services, unless used for further supply, passenger transport, or driving training.",synthetic
TXN001754,2025-03-23,gym membership - Goel Group,gym membership - Goel Group,16985.45,18,0.0,0.0,3057.38,Goel Group,,bank_statement_line,Club/Health/Fitness Memberships,club_membership,Blocked,"Sec 17(5)(b)(ii) blocks ITC on membership of a club, health, or fitness centre.",synthetic
TXN001876,2026-07-05,HOME TRAVEL CONCESSION BOOKING - MANDAL LLC,home travel concession booking - Mandal LLC,7912.61,5,197.81,197.81,0.0,Mandal LLC,,bank_statement_line,Employee Travel Benefits,employee_travel,Blocked,"Sec 17(5)(b)(iii) blocks ITC on travel benefits extended to employees (e.g. leave/home travel concession), unless obligatory under law.",synthetic
TXN002707,2025-01-22,municipal tax payment payment,municipal tax payment payment,43719.62,exempt,0.0,0.0,0.0,Ghosh-Nori,27JUGZJ6532C7ZC,invoice,Exempt/Non-GST Expense,exempt_non_gst,Not Applicable,,synthetic
TXN002638,2024-03-26,government license fee payment,government license fee payment,18858.91,exempt,0.0,0.0,0.0,Choudhry-Mall,09OZRDK5569I6Z9,receipt,Exempt/Non-GST Expense,exempt_non_gst,Not Applicable,,synthetic
TXN002682,2024-06-23,professional tax paymnt payment,professional tax payment payment,31203.01,exempt,0.0,0.0,0.0,Sarin-Varghese,,bank_statement_line,Exempt/Non-GST Expense,exempt_non_gst,Not Applicable,,synthetic
TXN002095,2026-11-11,Zacharia Inc - employee medical reimbursement,Zacharia Inc - employee medical reimbursement,50246.83,18,0.0,0.0,9044.43,Zacharia Inc,09DWWLD3206H2ZU,receipt,Employee Insurance/Reimbursements,employee_insurance,Blocked,Sec 17(5)(b) blocks ITC on health/life insurance for employees unless it is obligatory for the employer under any law for the time being in force.,synthetic
TXN000086,2026-01-10,"Purchase of raw plastic pellets from Bir, Keer and Raval","Purchase of raw plastic pellets from Bir, Keer and Raval",45343.52,18,4080.91,4080.91,0.0,"Bir, Keer and Raval",,bank_statement_line,Purchase of Goods (Raw Material/Trading Stock),purchase_goods,Eligible,,synthetic
TXN002530,2025-09-30,"sami, tiwari and choudhry - sales invoice","Sami, Tiwari and Choudhry - Sales Invoice",324654.12,18,29218.87,29218.87,0.0,"Sami, Tiwari and Choudhry",32BFKQJ6550L7ZS,invoice,Sales/Outward Supply,sales_revenue,Not Applicable,,synthetic
TXN001430,2026-04-22,Office client meeting refreshments order - Kuruvilla and Sons,Office client meeting refreshments order - Kuruvilla and Sons,19187.53,5,0.0,0.0,959.38,Kuruvilla and Sons,27ZRGIS4778J9ZE,receipt,Food & Beverages/Outdoor Catering,food_catering,Blocked,"Sec 17(5)(b)(i) explicitly blocks ITC on food and beverages and outdoor catering, unless used to make an outward taxable supply of the same category or as part of a composite/mixed supply.",synthetic
TXN000120,2024-07-16,Purchase of plastic granules from Dutta-Chokshi,Purchase of plastic granules from Dutta-Chokshi,92669.64,18,8340.27,8340.27,0.0,Dutta-Chokshi,27AOANH9086Z3ZG,receipt,Purchase of Goods (Raw Material/Trading Stock),purchase_goods,Eligible,,synthetic
TXN001475,2025-05-18,office staff lunch catering order - vasa llc,Office staff lunch catering order - Vasa LLC,7276.85,5,181.92,181.92,0.0,Vasa LLC,,bank_statement_line,Food & Beverages/Outdoor Catering,food_catering,Blocked,"Sec 17(5)(b)(i) explicitly blocks ITC on food and beverages and outdoor catering, unless used to make an outward taxable supply of the same category or as part of a composite/mixed supply.",synthetic
TXN000227,2026-11-15,purchse of CNC lathe - Handa and Sons,Purchase of CNC lathe - Handa and Sons,579496.11,18,52154.65,52154.65,0.0,Handa and Sons,09VSMMF1800S3ZI,invoice,Capital Goods,capital_goods,Eligible,,synthetic
TXN001773,2026-03-26,"Jaggi,  Sha and Chana - Membership Fee","Jaggi, Sha and Chana - Membership Fee",36798.8,18,3311.89,3311.89,0.0,"Jaggi, Sha and Chana",,bank_statement_line,Club/Health/Fitness Memberships,club_membership,Blocked,"Sec 17(5)(b)(ii) blocks ITC on membership of a club, health, or fitness centre.",synthetic
TXN001541,2026-11-20,Catering payment - Pant-Nair,Catering payment - Pant-Nair,6339.2,5,0.0,0.0,316.96,Pant-Nair,32SMIMT3983Z4ZL,invoice,Food & Beverages/Outdoor Catering,food_catering,Blocked,"Sec 17(5)(b)(i) explicitly blocks ITC on food and beverages and outdoor catering, unless used to make an outward taxable supply of the same category or as part of a composite/mixed supply.",synthetic
TXN001536,2024-12-23,"catering paymnt - char, sengupta and natt","Catering payment - Char, Sengupta and Natt",1411.07,5,35.27,35.27,0.0,"Char, Sengupta and Natt",19YFFYR4032Y3ZW,receipt,Food & Beverages/Outdoor Catering,food_catering,Blocked,"Sec 17(5)(b)(i) explicitly blocks ITC on food and beverages and outdoor catering, unless used to make an outward taxable supply of the same category or as part of a composite/mixed supply.",synthetic
TXN002574,2026-02-15,"pmt  received from Chada, Hans and Bera for bulk order","Payment received from Chada, Hans and Bera for bulk order",179505.44,18,16155.49,16155.49,0.0,"Chada, Hans and Bera",29TCXIO6761C8ZG,invoice,Sales/Outward Supply,sales_revenue,Not Applicable,,synthetic
TXN001617,2024-12-07,Kothari and Sons - Membership Fee,Kothari and Sons - Membership Fee,17559.22,18,0.0,0.0,3160.66,Kothari and Sons,,bank_statement_line,Club/Health/Fitness Memberships,club_membership,Blocked,"Sec 17(5)(b)(ii) blocks ITC on membership of a club, health, or fitness centre.",synthetic
TXN001709,2025-12-13,gym membership - Virk LLC,gym membership - Virk LLC,17612.21,18,1585.1,1585.1,0.0,Virk LLC,07XLFRK5235A4Z9,receipt,Club/Health/Fitness Memberships,club_membership,Blocked,"Sec 17(5)(b)(ii) blocks ITC on membership of a club, health, or fitness centre.",synthetic
TXN000216,2026-05-18,"Ray, Suresh and Khosla - Capital Asset Purchase - office desktop computers","Ray, Suresh and Khosla - Capital Asset Purchase - office desktop computers",312467.27,18,0.0,0.0,56244.11,"Ray, Suresh and Khosla",23BXFNY1950C4ZN,receipt,Capital Goods,capital_goods,Eligible,,synthetic
TXN001371,2026-06-22,Kade-Padmanabhan - car servicing,Kade-Padmanabhan - car servicing,38773.73,28,5428.32,5428.32,0.0,Kade-Padmanabhan,24MPOYD9883C9Z8,receipt,Motor Vehicle Expenses,motor_vehicle,Blocked,"Sec 17(5)(a) blocks ITC on motor vehicles for transport of persons (seating <=13) and related services, unless used for further supply, passenger transport, or driving training.",synthetic
TXN000906,2025-05-07,telephone/mobile  plan charges - Borra-Chander,telephone/mobile plan charges - Borra-Chander,2247.2,18,202.25,202.25,0.0,Borra-Chander,07PEVYX8841L2Z7,invoice,Utilities (Business Electricity/Internet),utilities,Eligible,,synthetic
TXN000568,2025-04-27,legal consultation charges - Pillay-Sibal,legal consultation charges - Pillay-Sibal,4342.24,18,390.8,390.8,0.0,Pillay-Sibal,32MXGAI2371R6ZD,invoice,Input Services (Professional/Consulting/IT),input_services,Eligible,,synthetic
TXN000399,2025-09-04,"industrial sewing machine installation invoice from Narayan, Das and Roy","industrial sewing machine installation invoice from Narayan, Das and Roy",610116.76,18,0.0,0.0,109821.02,"Narayan, Das and Roy",19OAIGT5796T4ZW,receipt,Capital Goods,capital_goods,Eligible,,synthetic
TXN000044,2026-04-26,purch of raw plastic pellets from Zacharia PLC,Purchase of raw plastic pellets from Zacharia PLC,148223.82,18,13340.15,13340.15,0.0,Zacharia PLC,,bank_statement_line,Purchase of Goods (Raw Material/Trading Stock),purchase_goods,Eligible,,synthetic
TXN002753,2024-10-24,professional tax payment payment,professional tax payment payment,13715.92,exempt,0.0,0.0,0.0,Pal-Raval,,bank_statement_line,Exempt/Non-GST Expense,exempt_non_gst,Not Applicable,,synthetic
TXN000443,2024-05-17,"Comar, Wali and Uppal - software subscription services invoice","Comar, Wali and Uppal - software subscription services invoice",56125.31,18,5051.28,5051.28,0.0,"Comar, Wali and Uppal",29GCIAR0226I6ZC,receipt,Input Services (Professional/Consulting/IT),input_services,Eligible,,synthetic
TXN001603,2025-10-02,Rajan Group - Membership Fee,Rajan Group - Membership Fee,29618.26,18,2665.64,2665.64,0.0,Rajan Group,27SXAAG5698X5ZR,invoice,Club/Health/Fitness Memberships,club_membership,Blocked,"Sec 17(5)(b)(ii) blocks ITC on membership of a club, health, or fitness centre.",synthetic
TXN002565,2024-03-08,"Sethi, Nazareth and Purohit - Sales Invoice","Sethi, Nazareth and Purohit - Sales Invoice",49498.41,18,0.0,0.0,8909.71,"Sethi, Nazareth and Purohit",24GFKHJ9892W3ZF,receipt,Sales/Outward Supply,sales_revenue,Not Applicable,,synthetic
TXN001115,2025-11-10,karan-bhat - bank chgs,Karan-Bhat - Bank Charges,1657.57,18,149.18,149.18,0.0,Karan-Bhat,24QFIYF9021D9ZI,invoice,Bank Charges/Financial Services,bank_charges,Eligible,,synthetic
TXN001265,2024-05-10,"payment to rajan, dixit and bhagat for fuel purchase","Payment to Rajan, Dixit and Bhagat for fuel purchase",10761.55,28,1506.62,1506.62,0.0,"Rajan, Dixit and Bhagat",23SKSIQ3206I2Z1,receipt,Motor Vehicle Expenses,motor_vehicle,Blocked,"Sec 17(5)(a) blocks ITC on motor vehicles for transport of persons (seating <=13) and related services, unless used for further supply, passenger transport, or driving training.",synthetic
TXN002658,2026-12-07,Sankaran-Bajwa - professional tax payment,Sankaran-Bajwa - professional tax payment,50568.64,exempt,0.0,0.0,0.0,Sankaran-Bajwa,23PIULH0061J8ZL,receipt,Exempt/Non-GST Expense,exempt_non_gst,Not Applicable,,synthetic
TXN002394,2024-06-14,construction  paymnt - d’alia-talwar for warehouse construction contract,Construction payment - D’Alia-Talwar for warehouse construction contract,456908.85,18,41121.79,41121.79,0.0,D’Alia-Talwar,32TNZHA2767H5ZH,invoice,Works Contract/Construction of Immovable Property,works_contract,Blocked,"Sec 17(5)(c)/(d) blocks ITC on works contract services and goods/services for construction of immovable property (other than plant & machinery), even when used for business.",synthetic
TXN000028,2025-03-27,purchase of yarn from shanker-dhar,Purchase of yarn from Shanker-Dhar,81620.37,18,7345.84,7345.84,0.0,Shanker-Dhar,09KUYAW5492M7Z8,invoice,Purchase of Goods (Raw Material/Trading Stock),purchase_goods,Eligible,,synthetic
TXN001608,2025-04-04,"Basak, Verma and Das - Membership Fee","Basak, Verma and Das - Membership Fee",20619.4,18,1855.74,1855.74,0.0,"Basak, Verma and Das",07SNHGE5615V1ZL,invoice,Club/Health/Fitness Memberships,club_membership,Blocked,"Sec 17(5)(b)(ii) blocks ITC on membership of a club, health, or fitness centre.",synthetic
TXN001522,2024-07-14,Samra-Kade - client meeting refreshments,Samra-Kade - client meeting refreshments,12956.43,5,323.91,323.91,0.0,Samra-Kade,19IZDDM2637T8ZA,invoice,Food & Beverages/Outdoor Catering,food_catering,Blocked,"Sec 17(5)(b)(i) explicitly blocks ITC on food and beverages and outdoor catering, unless used to make an outward taxable supply of the same category or as part of a composite/mixed supply.",synthetic
TXN002748,2026-10-23,Barad-Iyer - professional tax pmt,Barad-Iyer - professional tax payment,2749.65,exempt,0.0,0.0,0.0,Barad-Iyer,19UVTZT4262N6ZG,receipt,Exempt/Non-GST Expense,exempt_non_gst,Not Applicable,,synthetic
TXN000113,2026-10-12,Purchase of plastic granules from Morar LLC,Purchase of plastic granules from Morar LLC,110414.21,18,9937.28,9937.28,0.0,Morar LLC,,bank_statement_line,Purchase of Goods (Raw Material/Trading Stock),purchase_goods,Eligible,,synthetic
TXN000922,2026-04-03,"electricity charges - Gandhi, Ben and Randhawa","electricity charges - Gandhi, Ben and Randhawa",10606.71,18,954.61,954.61,0.0,"Gandhi, Ben and Randhawa",,bank_statement_line,Utilities (Business Electricity/Internet),utilities,Eligible,,synthetic
TXN000628,2025-05-24,Choudhary-Saha  - Shop Rent Payment,Choudhary-Saha - Shop Rent Payment,18274.86,18,0.0,0.0,3289.47,Choudhary-Saha,,bank_statement_line,Rent/Lease of Business Premises,rent,Eligible,,synthetic
TXN001559,2026-06-30,Office  staff lunch catering order - Chad Ltd,Office staff lunch catering order - Chad Ltd,14136.65,5,353.42,353.42,0.0,Chad Ltd,,bank_statement_line,Food & Beverages/Outdoor Catering,food_catering,Blocked,"Sec 17(5)(b)(i) explicitly blocks ITC on food and beverages and outdoor catering, unless used to make an outward taxable supply of the same category or as part of a composite/mixed supply.",synthetic
TXN001635,2024-01-18,"Yohannan, Ram and Gupta - Membership Fee","Yohannan, Ram and Gupta - Membership Fee",31577.58,18,0.0,0.0,5683.96,"Yohannan, Ram and Gupta",,bank_statement_line,Club/Health/Fitness Memberships,club_membership,Blocked,"Sec 17(5)(b)(ii) blocks ITC on membership of a club, health, or fitness centre.",synthetic
TXN001378,2025-03-23,Payment to Hora Ltd for vehicle insurance premium,Payment to Hora Ltd for vehicle insurance premium,41578.58,28,5821.0,5821.0,0.0,Hora Ltd,33ARLJM9921U7Z9,invoice,Motor Vehicle Expenses,motor_vehicle,Blocked,"Sec 17(5)(a) blocks ITC on motor vehicles for transport of persons (seating <=13) and related services, unless used for further supply, passenger transport, or driving training.",synthetic
TXN000152,2026-08-22,payment to shah group for raw cotton,Payment to Shah Group for raw cotton,85472.87,18,7692.56,7692.56,0.0,Shah Group,,bank_statement_line,Purchase of Goods (Raw Material/Trading Stock),purchase_goods,Eligible,,synthetic
TXN001934,2024-09-14,"Employee employee leave travel airfare booking - Manne, Bala and Mangat","Employee employee leave travel airfare booking - Manne, Bala and Mangat",39491.32,5,987.28,987.28,0.0,"Manne, Bala and Mangat",,bank_statement_line,Employee Travel Benefits,employee_travel,Blocked,"Sec 17(5)(b)(iii) blocks ITC on travel benefits extended to employees (e.g. leave/home travel concession), unless obligatory under law.",synthetic
TXN002169,2025-09-27,Tailor-Bhavsar - employee medical reimbursement,Tailor-Bhavsar - employee medical reimbursement,66477.27,18,5982.95,5982.95,0.0,Tailor-Bhavsar,19IHYOD6085V1ZY,invoice,Employee Insurance/Reimbursements,employee_insurance,Blocked,Sec 17(5)(b) blocks ITC on health/life insurance for employees unless it is obligatory for the employer under any law for the time being in force.,synthetic
TXN001254,2024-03-22,Payment to Deo Ltd for car repair,Payment to Deo Ltd for car repair,49447.23,28,0.0,0.0,13845.22,Deo Ltd,,bank_statement_line,Motor Vehicle Expenses,motor_vehicle,Blocked,"Sec 17(5)(a) blocks ITC on motor vehicles for transport of persons (seating <=13) and related services, unless used for further supply, passenger transport, or driving training.",synthetic
TXN001874,2024-08-03,Employee employee leave travel airfare booking - Soman Inc,Employee employee leave travel airfare booking - Soman Inc,26972.27,5,674.3,674.3,0.0,Soman Inc,29XLIPG8820T4ZP,invoice,Employee Travel Benefits,employee_travel,Blocked,"Sec 17(5)(b)(iii) blocks ITC on travel benefits extended to employees (e.g. leave/home travel concession), unless obligatory under law.",synthetic
TXN002091,2026-07-30,employee group health insurance premium payment - pau-shroff,employee group health insurance premium payment - Pau-Shroff,60238.81,18,0.0,0.0,10842.99,Pau-Shroff,,bank_statement_line,Employee Insurance/Reimbursements,employee_insurance,Blocked,Sec 17(5)(b) blocks ITC on health/life insurance for employees unless it is obligatory for the employer under any law for the time being in force.,synthetic
TXN001039,2025-02-02,"Srinivas, Bhat and Chahal - Bank chgs","Srinivas, Bhat and Chahal - Bank Charges",4071.2,18,366.41,366.41,0.0,"Srinivas, Bhat and Chahal",32SRYBJ3256R6ZG,invoice,Bank Charges/Financial Services,bank_charges,Eligible,,synthetic
TXN001527,2026-08-02,Sankaran Group - office tea/coffee supplies,Sankaran Group - office tea/coffee supplies,8358.5,5,208.97,208.97,0.0,Sankaran Group,32CYGBH5974O4Z1,receipt,Food & Beverages/Outdoor Catering,food_catering,Blocked,"Sec 17(5)(b)(i) explicitly blocks ITC on food and beverages and outdoor catering, unless used to make an outward taxable supply of the same category or as part of a composite/mixed supply.",synthetic
TXN000211,2024-04-06,Talwar LLC - Capital Asset Purchase - industrial sewing machine,Talwar LLC - Capital Asset Purchase - industrial sewing machine,524753.17,18,47227.79,47227.79,0.0,Talwar LLC,,bank_statement_line,Capital Goods,capital_goods,Eligible,,synthetic
TXN002628,2025-06-03,"Parmar, Ram and Goel - professional tax pmt","Parmar, Ram and Goel - professional tax payment",42941.6,exempt,0.0,0.0,0.0,"Parmar, Ram and Goel",33EDUZG3738G3Z2,receipt,Exempt/Non-GST Expense,exempt_non_gst,Not Applicable,,synthetic
TXN002047,2025-02-22,"staff  life insurance premium premium paymnt - setty, bassi and chawla","staff life insurance premium premium payment - Setty, Bassi and Chawla",22065.63,18,1985.9,1985.9,0.0,"Setty, Bassi and Chawla",,bank_statement_line,Employee Insurance/Reimbursements,employee_insurance,Blocked,Sec 17(5)(b) blocks ITC on health/life insurance for employees unless it is obligatory for the employer under any law for the time being in force.,synthetic
TXN000765,2025-05-09,"lease rental to subramanian, sura and babu for warehouse space","Lease rental to Subramanian, Sura and Babu for warehouse space",80723.02,18,0.0,0.0,14530.14,"Subramanian, Sura and Babu",,bank_statement_line,Rent/Lease of Business Premises,rent,Eligible,,synthetic
TXN002549,2026-08-28,"DATTA, SUNDARAM AND SHANKAR - SALES INVOICE","Datta, Sundaram and Shankar - Sales Invoice",347998.17,18,31319.83,31319.83,0.0,"Datta, Sundaram and Shankar",,bank_statement_line,Sales/Outward Supply,sales_revenue,Not Applicable,,synthetic
TXN000285,2026-11-13,generator  set installation inv from Comar Group,generator set installation invoice from Comar Group,373870.97,18,0.0,0.0,67296.77,Comar Group,23CIQSE7076C9ZY,invoice,Capital Goods,capital_goods,Eligible,,synthetic
TXN001881,2026-09-02,Employee employee leave travel airfare booking - Kohli PLC,Employee employee leave travel airfare booking - Kohli PLC,69451.92,5,1736.3,1736.3,0.0,Kohli PLC,23RDFNN5667B5Z6,receipt,Employee Travel Benefits,employee_travel,Blocked,"Sec 17(5)(b)(iii) blocks ITC on travel benefits extended to employees (e.g. leave/home travel concession), unless obligatory under law.",synthetic
TXN001261,2025-10-26,Vehicle fuel purchse - Murthy-Arora,Vehicle fuel purchase - Murthy-Arora,48607.0,28,6804.98,6804.98,0.0,Murthy-Arora,23YQSTY9781R8ZH,receipt,Motor Vehicle Expenses,motor_vehicle,Blocked,"Sec 17(5)(a) blocks ITC on motor vehicles for transport of persons (seating <=13) and related services, unless used for further supply, passenger transport, or driving training.",synthetic
TXN001447,2026-02-10,Office staff lunch catering order - Bassi-Wagle,Office staff lunch catering order - Bassi-Wagle,7627.14,5,190.68,190.68,0.0,Bassi-Wagle,,bank_statement_line,Food & Beverages/Outdoor Catering,food_catering,Blocked,"Sec 17(5)(b)(i) explicitly blocks ITC on food and beverages and outdoor catering, unless used to make an outward taxable supply of the same category or as part of a composite/mixed supply.",synthetic
TXN001753,2024-03-24,Jain and Sons - Membership Fee,Jain and Sons - Membership Fee,14246.09,18,1282.15,1282.15,0.0,Jain and Sons,36DXPBX2118K5Z9,invoice,Club/Health/Fitness Memberships,club_membership,Blocked,"Sec 17(5)(b)(ii) blocks ITC on membership of a club, health, or fitness centre.",synthetic
TXN002227,2025-05-19,"CONSTRUCTION PAYMENT - REDDY, MANNAN AND SANGHA FOR SHOP RENOVATION WORKS","Construction payment - Reddy, Mannan and Sangha for shop renovation works",548021.81,18,49321.96,49321.96,0.0,"Reddy, Mannan and Sangha",,bank_statement_line,Works Contract/Construction of Immovable Property,works_contract,Blocked,"Sec 17(5)(c)/(d) blocks ITC on works contract services and goods/services for construction of immovable property (other than plant & machinery), even when used for business.",synthetic
TXN000991,2026-12-24,Modi-Kibe - broadband internet bill payment,Modi-Kibe - broadband internet bill payment,8777.96,18,790.01,790.01,0.0,Modi-Kibe,07OUXSZ2498V1ZX,invoice,Utilities (Business Electricity/Internet),utilities,Eligible,,synthetic
TXN002434,2025-12-09,"Sale invoice to Bose, Bath and Varghese","Sale invoice to Bose, Bath and Varghese",397749.47,18,0.0,0.0,71594.9,"Bose, Bath and Varghese",19UMHCW3388E5ZD,invoice,Sales/Outward Supply,sales_revenue,Not Applicable,,synthetic
TXN000064,2024-11-18,Payment  to Gupta-Chandra for raw cotton,Payment to Gupta-Chandra for raw cotton,41353.92,18,0.0,0.0,7443.71,Gupta-Chandra,24AWOKD6072N8ZV,receipt,Purchase of Goods (Raw Material/Trading Stock),purchase_goods,Eligible,,synthetic
TXN001116,2025-05-11,Virk-Sahota - Bank chgs,Virk-Sahota - Bank Charges,4874.04,18,438.67,438.67,0.0,Virk-Sahota,19RXCAM1040C3Z9,invoice,Bank Charges/Financial Services,bank_charges,Eligible,,synthetic
TXN001114,2024-01-03,Padmanabhan PLC - cheque bounce fee,Padmanabhan PLC - cheque bounce fee,315.66,18,28.41,28.41,0.0,Padmanabhan PLC,19WSVSO0596Q8ZS,invoice,Bank Charges/Financial Services,bank_charges,Eligible,,synthetic
TXN002245,2026-03-30,"Construction payment - Bala, Gola and Raja for flooring and fixtures work","Construction payment - Bala, Gola and Raja for flooring and fixtures work",535819.59,18,48223.76,48223.76,0.0,"Bala, Gola and Raja",33JOWLL8534O7Z1,receipt,Works Contract/Construction of Immovable Property,works_contract,Blocked,"Sec 17(5)(c)/(d) blocks ITC on works contract services and goods/services for construction of immovable property (other than plant & machinery), even when used for business.",synthetic
TXN000279,2024-10-09,"purchse of generator set - Tara, Sathe and Behl","Purchase of generator set - Tara, Sathe and Behl",181270.67,18,16314.36,16314.36,0.0,"Tara, Sathe and Behl",,bank_statement_line,Capital Goods,capital_goods,Eligible,,synthetic
TXN002260,2026-12-14,Dugar-Toor - flooring and fixtures work,Dugar-Toor - flooring and fixtures work,492542.01,18,0.0,0.0,88657.56,Dugar-Toor,,bank_statement_line,Works Contract/Construction of Immovable Property,works_contract,Blocked,"Sec 17(5)(c)/(d) blocks ITC on works contract services and goods/services for construction of immovable property (other than plant & machinery), even when used for business.",synthetic
TXN002512,2026-09-17,Sale invoice to Varughese Inc,Sale invoice to Varughese Inc,327018.52,18,0.0,0.0,58863.33,Varughese Inc,09RLXNU9897S7ZT,invoice,Sales/Outward Supply,sales_revenue,Not Applicable,,synthetic
TXN001080,2026-06-30,Kadakia-Krish - processing fee,Kadakia-Krish - processing fee,4929.91,18,0.0,0.0,887.38,Kadakia-Krish,19YIAVT6997U3ZG,invoice,Bank Charges/Financial Services,bank_charges,Eligible,,synthetic
TXN001336,2026-03-20,Narula LLC - car servicing,Narula LLC - car servicing,47215.31,28,0.0,0.0,13220.29,Narula LLC,07LTEBO7373M8ZA,invoice,Motor Vehicle Expenses,motor_vehicle,Blocked,"Sec 17(5)(a) blocks ITC on motor vehicles for transport of persons (seating <=13) and related services, unless used for further supply, passenger transport, or driving training.",synthetic
TXN001725,2025-12-30,Pandey-Pant - Membership Fee,Pandey-Pant - Membership Fee,24353.49,18,0.0,0.0,4383.63,Pandey-Pant,24OKXVP6719U6ZC,invoice,Club/Health/Fitness Memberships,club_membership,Blocked,"Sec 17(5)(b)(ii) blocks ITC on membership of a club, health, or fitness centre.",synthetic
TXN002324,2025-01-30,Chowdhury-Nadig  - flooring and fixtures work,Chowdhury-Nadig - flooring and fixtures work,425215.5,18,0.0,0.0,76538.79,Chowdhury-Nadig,24PPEYL8899L6ZO,invoice,Works Contract/Construction of Immovable Property,works_contract,Blocked,"Sec 17(5)(c)/(d) blocks ITC on works contract services and goods/services for construction of immovable property (other than plant & machinery), even when used for business.",synthetic
TXN002164,2026-05-17,employee medical reimbursement premium payment - Bala Inc,employee medical reimbursement premium payment - Bala Inc,26409.38,18,0.0,0.0,4753.69,Bala Inc,07OVNNA5659N9ZH,receipt,Employee Insurance/Reimbursements,employee_insurance,Blocked,Sec 17(5)(b) blocks ITC on health/life insurance for employees unless it is obligatory for the employer under any law for the time being in force.,synthetic
TXN001450,2024-06-29,Catering paymnt - Desai-Kumar,Catering payment - Desai-Kumar,1995.42,5,49.88,49.88,0.0,Desai-Kumar,,bank_statement_line,Food & Beverages/Outdoor Catering,food_catering,Blocked,"Sec 17(5)(b)(i) explicitly blocks ITC on food and beverages and outdoor catering, unless used to make an outward taxable supply of the same category or as part of a composite/mixed supply.",synthetic
TXN002238,2024-01-12,"RATTA, PAREKH AND SONI - SHOP RENOVATION WORKS","Ratta, Parekh and Soni - shop renovation works",865454.28,18,77890.88,77890.88,0.0,"Ratta, Parekh and Soni",24TOKMO8724J9ZQ,invoice,Works Contract/Construction of Immovable Property,works_contract,Blocked,"Sec 17(5)(c)/(d) blocks ITC on works contract services and goods/services for construction of immovable property (other than plant & machinery), even when used for business.",synthetic
TXN001076,2026-07-26,Dhaliwal-Narula - Bank Charges,Dhaliwal-Narula - Bank Charges,3115.3,18,0.0,0.0,560.75,Dhaliwal-Narula,,bank_statement_line,Bank Charges/Financial Services,bank_charges,Eligible,,synthetic
TXN000219,2024-10-16,industrial sewing machine installation invc from Ravel Ltd,industrial sewing machine installation invoice from Ravel Ltd,317502.59,18,0.0,0.0,57150.47,Ravel Ltd,23EFTUW2628Z6ZA,invoice,Capital Goods,capital_goods,Eligible,,synthetic
TXN001673,2025-02-10,wellness center package - Mital-Chanda,wellness center package - Mital-Chanda,39260.14,18,3533.41,3533.41,0.0,Mital-Chanda,24LOSSS8051J7ZB,invoice,Club/Health/Fitness Memberships,club_membership,Blocked,"Sec 17(5)(b)(ii) blocks ITC on membership of a club, health, or fitness centre.",synthetic
TXN002674,2025-10-21,professional tax payment pymt,professional tax payment payment,15716.25,exempt,0.0,0.0,0.0,"Bal, Setty and Varughese",29CXLFW5608K1ZS,invoice,Exempt/Non-GST Expense,exempt_non_gst,Not Applicable,,synthetic
TXN000614,2025-09-29,"Monthly rent - Mani, Borah and Raju","Monthly rent - Mani, Borah and Raju",54502.86,18,4905.26,4905.26,0.0,"Mani, Borah and Raju",,bank_statement_line,Rent/Lease of Business Premises,rent,Eligible,,synthetic
TXN000394,2026-06-25,Purchase  of 3-phase motor - Kumer-Prasad,Purchase of 3-phase motor - Kumer-Prasad,310500.36,18,0.0,0.0,55890.06,Kumer-Prasad,07DTKFU4448Z6ZB,receipt,Capital Goods,capital_goods,Eligible,,synthetic
TXN002339,2026-12-31,"Sami, Chaudhry and Dyal - building repair works contract","Sami, Chaudhry and Dyal - building repair works contract",361383.45,18,32524.51,32524.51,0.0,"Sami, Chaudhry and Dyal",07KWSCV3750A9ZK,invoice,Works Contract/Construction of Immovable Property,works_contract,Blocked,"Sec 17(5)(c)/(d) blocks ITC on works contract services and goods/services for construction of immovable property (other than plant & machinery), even when used for business.",synthetic
TXN000438,2025-03-20,Professional fees to Cherian-Kohli for website maintenance,Professional fees to Cherian-Kohli for website maintenance,11595.11,18,1043.56,1043.56,0.0,Cherian-Kohli,23KRSCS0818R5ZE,receipt,Input Services (Professional/Consulting/IT),input_services,Eligible,,synthetic
TXN000778,2025-09-30,Lease rental to Purohit-Soni for warehouse space,Lease rental to Purohit-Soni for warehouse space,77985.34,18,7018.68,7018.68,0.0,Purohit-Soni,29QOGNG1148F4Z0,invoice,Rent/Lease of Business Premises,rent,Eligible,,synthetic
TXN002293,2024-02-29,Construction pmt - Gole-Bahl for shop renovation works,Construction payment - Gole-Bahl for shop renovation works,929588.4,18,83662.96,83662.96,0.0,Gole-Bahl,23BMDBE3769G7Z6,receipt,Works Contract/Construction of Immovable Property,works_contract,Blocked,"Sec 17(5)(c)/(d) blocks ITC on works contract services and goods/services for construction of immovable property (other than plant & machinery), even when used for business.",synthetic
TXN000214,2026-04-06,Purchase of 3-phase motor - Majumdar-Anne,Purchase of 3-phase motor - Majumdar-Anne,633281.43,18,56995.33,56995.33,0.0,Majumdar-Anne,,bank_statement_line,Capital Goods,capital_goods,Eligible,,synthetic
TXN001571,2025-09-11,Office staff lunch catering order - Pau-Sachar,Office staff lunch catering order - Pau-Sachar,17479.73,5,0.0,0.0,873.99,Pau-Sachar,32DWDDA6569L5ZZ,receipt,Food & Beverages/Outdoor Catering,food_catering,Blocked,"Sec 17(5)(b)(i) explicitly blocks ITC on food and beverages and outdoor catering, unless used to make an outward taxable supply of the same category or as part of a composite/mixed supply.",synthetic
TXN001313,2024-04-29,DHINGRA-BHATIA  - CAR REPAIR,Dhingra-Bhatia - car repair,16912.19,28,2367.7,2367.7,0.0,Dhingra-Bhatia,23TJXCI4026C5Z9,invoice,Motor Vehicle Expenses,motor_vehicle,Blocked,"Sec 17(5)(a) blocks ITC on motor vehicles for transport of persons (seating <=13) and related services, unless used for further supply, passenger transport, or driving training.",synthetic
TXN000194,2024-12-12,purchse of raw cotton from Kunda-Pillay,Purchase of raw cotton from Kunda-Pillay,65332.95,18,5879.97,5879.97,0.0,Kunda-Pillay,24ZMTEX8029G1Z6,invoice,Purchase of Goods (Raw Material/Trading Stock),purchase_goods,Eligible,,synthetic
TXN001472,2026-09-22,"Catering payment - Rajagopalan, Rattan and Verma","Catering payment - Rajagopalan, Rattan and Verma",17510.04,5,0.0,0.0,875.5,"Rajagopalan, Rattan and Verma",27UFHAV3273Q7ZZ,receipt,Food & Beverages/Outdoor Catering,food_catering,Blocked,"Sec 17(5)(b)(i) explicitly blocks ITC on food and beverages and outdoor catering, unless used to make an outward taxable supply of the same category or as part of a composite/mixed supply.",synthetic
TXN002788,2026-04-26,government license fee payment,government license fee payment,43757.25,exempt,0.0,0.0,0.0,"Jain, Thakkar and Shanker",36KESKQ1004O8Z8,invoice,Exempt/Non-GST Expense,exempt_non_gst,Not Applicable,,synthetic
TXN000307,2025-05-17,Purchase of packing machine - Nigam-Rao,Purchase of packing machine - Nigam-Rao,382650.34,18,34438.53,34438.53,0.0,Nigam-Rao,,bank_statement_line,Capital Goods,capital_goods,Eligible,,synthetic
TXN000592,2025-03-26,Professional fees to Jani-Oak for software subscription,Professional fees to Jani-Oak for software subscription,42701.78,18,3843.16,3843.16,0.0,Jani-Oak,09CSNEO8696H3ZY,invoice,Input Services (Professional/Consulting/IT),input_services,Eligible,,synthetic
TXN001478,2024-12-30,"Banik, Parsa and Khare - office tea/coffee supplies","Banik, Parsa and Khare - office tea/coffee supplies",2186.14,5,0.0,0.0,109.31,"Banik, Parsa and Khare",,bank_statement_line,Food & Beverages/Outdoor Catering,food_catering,Blocked,"Sec 17(5)(b)(i) explicitly blocks ITC on food and beverages and outdoor catering, unless used to make an outward taxable supply of the same category or as part of a composite/mixed supply.",synthetic
TXN000232,2026-01-18,"CNC lathe installation invoice from Walla, Date and Mahal","CNC lathe installation invoice from Walla, Date and Mahal",528229.23,18,47540.63,47540.63,0.0,"Walla, Date and Mahal",,bank_statement_line,Capital Goods,capital_goods,Eligible,,synthetic
TXN001176,2024-05-05,Bhandari PLC - cheque bounce fee,Bhandari PLC - cheque bounce fee,2876.46,18,258.88,258.88,0.0,Bhandari PLC,23BQOTT5470M4ZL,invoice,Bank Charges/Financial Services,bank_charges,Eligible,,synthetic
TXN002264,2024-11-16,Construction pmt - Bath and Sons for warehouse construction contract,Construction payment - Bath and Sons for warehouse construction contract,998936.65,18,89904.3,89904.3,0.0,Bath and Sons,23FFVMQ0880J3Z0,invoice,Works Contract/Construction of Immovable Property,works_contract,Blocked,"Sec 17(5)(c)/(d) blocks ITC on works contract services and goods/services for construction of immovable property (other than plant & machinery), even when used for business.",synthetic
TXN000767,2025-11-21,Arora-Badal - Shop Rent Payment,Arora-Badal - Shop Rent Payment,35921.71,18,3232.95,3232.95,0.0,Arora-Badal,19WMMTV5565Z3Z4,receipt,Rent/Lease of Business Premises,rent,Eligible,,synthetic
TXN002629,2026-08-08,"Anand, Dash and Shere - staff salary paymnt","Anand, Dash and Shere - staff salary payment",47100.39,exempt,0.0,0.0,0.0,"Anand, Dash and Shere",27OEYVU8254X1ZV,receipt,Exempt/Non-GST Expense,exempt_non_gst,Not Applicable,,synthetic
TXN000031,2025-09-29,"Rastogi, Pathak and Kanda - plastic granules supply","Rastogi, Pathak and Kanda - plastic granules supply",113257.86,18,0.0,0.0,20386.41,"Rastogi, Pathak and Kanda",27QGMCY4236X2ZK,invoice,Purchase of Goods (Raw Material/Trading Stock),purchase_goods,Eligible,,synthetic
TXN000961,2026-10-29,Raman-Bhatti - electricity bill payment,Raman-Bhatti - electricity bill payment,566.75,18,51.01,51.01,0.0,Raman-Bhatti,,bank_statement_line,Utilities (Business Electricity/Internet),utilities,Eligible,,synthetic
TXN002361,2025-04-03,Construction pmt - Kapur Ltd for shop renovation works,Construction payment - Kapur Ltd for shop renovation works,562767.54,18,50649.08,50649.08,0.0,Kapur Ltd,19FVDCF4779N4Z9,receipt,Works Contract/Construction of Immovable Property,works_contract,Blocked,"Sec 17(5)(c)/(d) blocks ITC on works contract services and goods/services for construction of immovable property (other than plant & machinery), even when used for business.",synthetic
TXN002070,2024-08-14,Mallick-Atwal - employee medical reimbursement,Mallick-Atwal - employee medical reimbursement,31392.56,18,0.0,0.0,5650.66,Mallick-Atwal,33AUNRO3605V6ZI,invoice,Employee Insurance/Reimbursements,employee_insurance,Blocked,Sec 17(5)(b) blocks ITC on health/life insurance for employees unless it is obligatory for the employer under any law for the time being in force.,synthetic
TXN000553,2024-11-13,devan plc - software subscription srvcs invoice,Devan PLC - software subscription services invoice,52844.6,18,0.0,0.0,9512.03,Devan PLC,,bank_statement_line,Input Services (Professional/Consulting/IT),input_services,Eligible,,synthetic
TXN001625,2026-02-02,gym  membership - sundaram ltd,gym membership - Sundaram Ltd,26692.95,18,0.0,0.0,4804.73,Sundaram Ltd,23WCEMQ7080H4Z1,receipt,Club/Health/Fitness Memberships,club_membership,Blocked,"Sec 17(5)(b)(ii) blocks ITC on membership of a club, health, or fitness centre.",synthetic
TXN002315,2025-08-28,"Construction payment - Tella, Dara and Vig for flooring and fixtures work","Construction payment - Tella, Dara and Vig for flooring and fixtures work",734146.6,18,0.0,0.0,132146.39,"Tella, Dara and Vig",19ZXYDQ7794Z9ZN,invoice,Works Contract/Construction of Immovable Property,works_contract,Blocked,"Sec 17(5)(c)/(d) blocks ITC on works contract services and goods/services for construction of immovable property (other than plant & machinery), even when used for business.",synthetic
TXN002378,2025-01-16,Construction payment - Rana-Prabhakar for flooring and fixtures work,Construction payment - Rana-Prabhakar for flooring and fixtures work,15970.31,18,1437.33,1437.33,0.0,Rana-Prabhakar,27UAEEI9602C8Z0,receipt,Works Contract/Construction of Immovable Property,works_contract,Blocked,"Sec 17(5)(c)/(d) blocks ITC on works contract services and goods/services for construction of immovable property (other than plant & machinery), even when used for business.",synthetic
TXN002468,2024-03-08,"Sale  invoice to Sura, Kata and Bhat","Sale invoice to Sura, Kata and Bhat",309241.92,18,27831.78,27831.78,0.0,"Sura, Kata and Bhat",,bank_statement_line,Sales/Outward Supply,sales_revenue,Not Applicable,,synthetic
TXN002388,2026-02-26,"Munshi, Sarin and Gala - shop renovation works","Munshi, Sarin and Gala - shop renovation works",238369.76,18,0.0,0.0,42906.56,"Munshi, Sarin and Gala",,bank_statement_line,Works Contract/Construction of Immovable Property,works_contract,Blocked,"Sec 17(5)(c)/(d) blocks ITC on works contract services and goods/services for construction of immovable property (other than plant & machinery), even when used for business.",synthetic
TXN002128,2026-06-28,Padmanabhan-Divan - employee group health insurance,Padmanabhan-Divan - employee group health insurance,59873.4,18,5388.6,5388.6,0.0,Padmanabhan-Divan,29EFXFY3946V8Z5,receipt,Employee Insurance/Reimbursements,employee_insurance,Blocked,Sec 17(5)(b) blocks ITC on health/life insurance for employees unless it is obligatory for the employer under any law for the time being in force.,synthetic
TXN001806,2026-06-27,"Employee employee leave travel airfare booking - Wadhwa, Chahal and Sule","Employee employee leave travel airfare booking - Wadhwa, Chahal and Sule",23435.48,5,585.88,585.88,0.0,"Wadhwa, Chahal and Sule",36FREMV4473C9Z4,receipt,Employee Travel Benefits,employee_travel,Blocked,"Sec 17(5)(b)(iii) blocks ITC on travel benefits extended to employees (e.g. leave/home travel concession), unless obligatory under law.",synthetic
TXN002234,2024-02-19,CONSTRUCTION PMT - PATLA AND SONS FOR WAREHOUSE CONSTRUCTION CONTRACT,Construction payment - Patla and Sons for warehouse construction contract,335190.39,18,30167.13,30167.13,0.0,Patla and Sons,,bank_statement_line,Works Contract/Construction of Immovable Property,works_contract,Blocked,"Sec 17(5)(c)/(d) blocks ITC on works contract services and goods/services for construction of immovable property (other than plant & machinery), even when used for business.",synthetic
TXN000543,2024-07-28,Sekhon-Basak - IT support services invoice,Sekhon-Basak - IT support services invoice,5049.72,18,454.48,454.48,0.0,Sekhon-Basak,,bank_statement_line,Input Services (Professional/Consulting/IT),input_services,Eligible,,synthetic
TXN001287,2025-05-19,Payment to Hayre-Guha for vehicle registration fee,Payment to Hayre-Guha for vehicle registration fee,20835.8,28,2917.01,2917.01,0.0,Hayre-Guha,,bank_statement_line,Motor Vehicle Expenses,motor_vehicle,Blocked,"Sec 17(5)(a) blocks ITC on motor vehicles for transport of persons (seating <=13) and related services, unless used for further supply, passenger transport, or driving training.",synthetic
TXN001129,2024-01-15,processing fee fee - Chowdhury-Sachdeva,processing fee fee - Chowdhury-Sachdeva,249.58,18,0.0,0.0,44.92,Chowdhury-Sachdeva,,bank_statement_line,Bank Charges/Financial Services,bank_charges,Eligible,,synthetic
TXN000284,2024-07-04,"Purchase of CNC lathe - Atwal, Reddy and Chander","Purchase of CNC lathe - Atwal, Reddy and Chander",422578.81,18,38032.1,38032.1,0.0,"Atwal, Reddy and Chander",07HKHVL4605E8Z2,invoice,Capital Goods,capital_goods,Eligible,,synthetic
TXN000596,2024-08-13,khurana-shukla - it support svcs invoice,Khurana-Shukla - IT support services invoice,16434.71,18,1479.12,1479.12,0.0,Khurana-Shukla,23LGBMF6042F9ZN,receipt,Input Services (Professional/Consulting/IT),input_services,Eligible,,synthetic
TXN002173,2024-07-29,GABA-BHARDWAJ  - STAFF LIFE INSURANCE PREMIUM,Gaba-Bhardwaj - staff life insurance premium,58809.29,18,5292.84,5292.84,0.0,Gaba-Bhardwaj,27ONLBV9513N9Z9,receipt,Employee Insurance/Reimbursements,employee_insurance,Blocked,Sec 17(5)(b) blocks ITC on health/life insurance for employees unless it is obligatory for the employer under any law for the time being in force.,synthetic
TXN000939,2025-03-06,Rajagopalan LLC - water supply bill paymnt,Rajagopalan LLC - water supply bill payment,10869.75,18,978.27,978.27,0.0,Rajagopalan LLC,36HXVIE2992N1Z8,receipt,Utilities (Business Electricity/Internet),utilities,Eligible,,synthetic
TXN002463,2025-09-02,"sale invc to ramanathan, behl and nath","Sale invoice to Ramanathan, Behl and Nath",164524.32,18,14807.19,14807.19,0.0,"Ramanathan, Behl and Nath",24AAULR7944R8Z7,invoice,Sales/Outward Supply,sales_revenue,Not Applicable,,synthetic
TXN002368,2025-04-13,Construction paymnt - Keer-Seshadri for building repair works contract,Construction payment - Keer-Seshadri for building repair works contract,844061.71,18,75965.55,75965.55,0.0,Keer-Seshadri,,bank_statement_line,Works Contract/Construction of Immovable Property,works_contract,Blocked,"Sec 17(5)(c)/(d) blocks ITC on works contract services and goods/services for construction of immovable property (other than plant & machinery), even when used for business.",synthetic
TXN001540,2025-05-25,"Issac, Yohannan and Ghosh - client meeting refreshments","Issac, Yohannan and Ghosh - client meeting refreshments",18936.81,5,473.42,473.42,0.0,"Issac, Yohannan and Ghosh",29PEVWD2804Q2ZF,invoice,Food & Beverages/Outdoor Catering,food_catering,Blocked,"Sec 17(5)(b)(i) explicitly blocks ITC on food and beverages and outdoor catering, unless used to make an outward taxable supply of the same category or as part of a composite/mixed supply.",synthetic
TXN000102,2024-03-17,"PURCHSE OF YARN FROM DUGAL, MAGAR AND MANDA","Purchase of yarn from Dugal, Magar and Manda",1274.63,18,114.72,114.72,0.0,"Dugal, Magar and Manda",09QWMQT2207U4Z8,invoice,Purchase of Goods (Raw Material/Trading Stock),purchase_goods,Eligible,,synthetic
TXN000782,2026-07-20,"lease rental to basak, karpe and kakar for warehouse space","Lease rental to Basak, Karpe and Kakar for warehouse space",78504.17,18,7065.38,7065.38,0.0,"Basak, Karpe and Kakar",36NBDBE1885I8ZP,invoice,Rent/Lease of Business Premises,rent,Eligible,,synthetic
TXN001858,2026-12-02,STAFF OUTING TRAVEL BOOKING - GARG INC,staff outing travel booking - Garg Inc,34150.67,5,853.76,853.76,0.0,Garg Inc,33VALXD6533T9Z6,invoice,Employee Travel Benefits,employee_travel,Blocked,"Sec 17(5)(b)(iii) blocks ITC on travel benefits extended to employees (e.g. leave/home travel concession), unless obligatory under law.",synthetic
TXN000262,2024-07-16,Purchase  of 3-phase motor - Sarma-Buch,Purchase of 3-phase motor - Sarma-Buch,688326.84,18,0.0,0.0,123898.83,Sarma-Buch,24SROKN4563U6ZH,invoice,Capital Goods,capital_goods,Eligible,,synthetic
TXN000464,2026-01-23,"auditing services chgs - Sarma, Sarna and Viswanathan","auditing services charges - Sarma, Sarna and Viswanathan",36440.09,18,3279.61,3279.61,0.0,"Sarma, Sarna and Viswanathan",09RUZLG2213S4ZH,receipt,Input Services (Professional/Consulting/IT),input_services,Eligible,,synthetic
TXN002655,2025-05-12,Krish and Sons - municipal tax pymt,Krish and Sons - municipal tax payment,4131.0,exempt,0.0,0.0,0.0,Krish and Sons,19CBKBR7678B4ZX,invoice,Exempt/Non-GST Expense,exempt_non_gst,Not Applicable,,synthetic
TXN002059,2025-12-11,Gokhale-Ram - staff life insurance premium,Gokhale-Ram - staff life insurance premium,12194.94,18,1097.55,1097.55,0.0,Gokhale-Ram,24JBOEO5922A1ZO,receipt,Employee Insurance/Reimbursements,employee_insurance,Blocked,Sec 17(5)(b) blocks ITC on health/life insurance for employees unless it is obligatory for the employer under any law for the time being in force.,synthetic
TXN000169,2026-09-24,Purchase of raw plastic pellets from Kala Inc,Purchase of raw plastic pellets from Kala Inc,48729.18,18,0.0,0.0,8771.25,Kala Inc,,bank_statement_line,Purchase of Goods (Raw Material/Trading Stock),purchase_goods,Eligible,,synthetic
TXN001194,2025-11-01,POS machine rental fee - Bhagat-Dora,POS machine rental fee - Bhagat-Dora,2598.1,18,0.0,0.0,467.66,Bhagat-Dora,32EXLHG5098T4ZG,receipt,Bank Charges/Financial Services,bank_charges,Eligible,,synthetic
TXN001986,2025-06-29,Employee staff outing travel booking booking - Ramakrishnan LLC,Employee staff outing travel booking booking - Ramakrishnan LLC,26050.11,5,651.25,651.25,0.0,Ramakrishnan LLC,,bank_statement_line,Employee Travel Benefits,employee_travel,Blocked,"Sec 17(5)(b)(iii) blocks ITC on travel benefits extended to employees (e.g. leave/home travel concession), unless obligatory under law.",synthetic
TXN002126,2024-07-20,pingle-gour - employee group health insurance,Pingle-Gour - employee group health insurance,51947.14,18,4675.24,4675.24,0.0,Pingle-Gour,32BECMP1877S7Z2,receipt,Employee Insurance/Reimbursements,employee_insurance,Blocked,Sec 17(5)(b) blocks ITC on health/life insurance for employees unless it is obligatory for the employer under any law for the time being in force.,synthetic
TXN000575,2025-11-29,"Professional  fees to Gopal, Dayal and Sant for chartered accountant","Professional fees to Gopal, Dayal and Sant for chartered accountant",13138.08,18,1182.42,1182.42,0.0,"Gopal, Dayal and Sant",36BHOJA6899Z4ZB,receipt,Input Services (Professional/Consulting/IT),input_services,Eligible,,synthetic
TXN000261,2026-07-18,Tella-Zacharia - Capital Asset purch - packing machine,Tella-Zacharia - Capital Asset Purchase - packing machine,563689.46,18,50732.05,50732.05,0.0,Tella-Zacharia,36JTHVX5012I9ZX,invoice,Capital Goods,capital_goods,Eligible,,synthetic
TXN002666,2024-12-28,"bhattacharyya, datta and bhatia - government license fee","Bhattacharyya, Datta and Bhatia - government license fee",21588.09,exempt,0.0,0.0,0.0,"Bhattacharyya, Datta and Bhatia",09LVQEX4402J6ZW,receipt,Exempt/Non-GST Expense,exempt_non_gst,Not Applicable,,synthetic
TXN000459,2024-01-07,"Professional fees to Guha, Nagy and Soni for auditing services","Professional fees to Guha, Nagy and Soni for auditing services",52321.33,18,4708.92,4708.92,0.0,"Guha, Nagy and Soni",,bank_statement_line,Input Services (Professional/Consulting/IT),input_services,Eligible,,synthetic
TXN001685,2024-05-29,"Ramaswamy, Sehgal and Thaman - Membership Fee","Ramaswamy, Sehgal and Thaman - Membership Fee",17634.15,18,1587.08,1587.08,0.0,"Ramaswamy, Sehgal and Thaman",23CCNDS9889B9ZR,receipt,Club/Health/Fitness Memberships,club_membership,Blocked,"Sec 17(5)(b)(ii) blocks ITC on membership of a club, health, or fitness centre.",synthetic
TXN000855,2026-02-13,"Ghosh, Dutta and Narayanan - broadband internet bill payment","Ghosh, Dutta and Narayanan - broadband internet bill payment",10083.32,18,907.5,907.5,0.0,"Ghosh, Dutta and Narayanan",,bank_statement_line,Utilities (Business Electricity/Internet),utilities,Eligible,,synthetic
TXN001767,2024-04-02,"wellness center package - Varughese, Dhar and Sheth","wellness center package - Varughese, Dhar and Sheth",6299.0,18,0.0,0.0,1133.82,"Varughese, Dhar and Sheth",07NXJPO4249S7ZH,receipt,Club/Health/Fitness Memberships,club_membership,Blocked,"Sec 17(5)(b)(ii) blocks ITC on membership of a club, health, or fitness centre.",synthetic
TXN000054,2024-07-17,"Prakash, Sarma and Varughese - plastic granules supply","Prakash, Sarma and Varughese - plastic granules supply",93323.23,18,8399.09,8399.09,0.0,"Prakash, Sarma and Varughese",,bank_statement_line,Purchase of Goods (Raw Material/Trading Stock),purchase_goods,Eligible,,synthetic
